x,y,height
0.0,0.0,1625.1435714285124
51.96152422706631,0.0,2561.2758724656464
103.92304845413263,0.0,2783.614689725199
155.88457268119893,0.0,-2163.890146955741
207.84609690826525,0.0,227.8444025337347
259.80762113533154,0.0,244.80125990335802
311.76914536239786,0.0,211.52656715740022
363.7306695894642,0.0,-1534.6510792503711
415.6921938165305,0.0,-830.6138102478247
467.6537180435968,0.0,197.6372941211896
519.6152422706631,0.0,232.18476957190268
571.5767664977294,0.0,194.28951035564546
623.5382907247957,0.0,272.23304240729396
675.499814951862,0.0,342.0812567184579
727.4613391789284,0.0,548.7867527682117
779.4228634059947,0.0,625.3223067251075
831.384387633061,0.0,752.5790575514363
883.3459118601273,0.0,866.1450471574553
935.3074360871937,0.0,963.7207961274207
987.26896031426,0.0,1044.8978353570756
1039.2304845413262,0.0,1110.7054089668761
1091.1920087683925,0.0,1162.2038918996132
1143.1535329954588,0.0,1201.0996738758495
1195.1150572225251,0.0,1227.7326324577757
1247.0765814495915,0.0,1243.2135841959785
1299.0381056766578,0.0,1247.5208830163756
1350.999629903724,0.0,1244.694780539161
1402.9611541307904,0.0,1233.573514362327
1454.9226783578567,0.0,1218.3093073221921
1506.884202584923,0.0,1198.8889555991095
1558.8457268119894,0.0,1174.1858517141159
1610.8072510390557,0.0,1146.3805939337267
1662.768775266122,0.0,1114.5644294145059
1714.7302994931883,0.0,1079.9545595400098
1766.6918237202547,0.0,1043.3114820077299
1818.653347947321,0.0,1004.2416921082563
1870.6148721743873,0.0,960.2834708376299
1922.5763964014536,0.0,914.3774392472324
1974.53792062852,0.0,866.4015619578123
2026.4994448555863,0.0,818.0923623072363
2078.4609690826524,0.0,768.6118839534133
2130.422493309719,0.0,717.8546739203123
2182.384017536785,0.0,668.8427090620298
2234.3455417638515,0.0,620.4714874243284
2286.3070659909176,0.0,573.4314387753002
2338.268590217984,0.0,527.0849728811944
2390.2301144450503,0.0,562.8321946882013
2442.191638672117,0.0,376.97108960508695
2494.153162899183,0.0,309.8573745757851
2546.1146871262495,0.0,231.83370721918004
2598.0762113533156,0.0,-2099.6836332389184
2650.037735580382,0.0,-2046.6281982602757
2701.999259807448,0.0,-1981.9080457922887
2753.9607840345147,0.0,-2082.3193572743216
2805.922308261581,0.0,3044.646871355575
2857.8838324886474,0.0,2973.422576137771
2909.8453567157135,0.0,2844.499327891045
2961.80688094278,0.0,2649.9798741591303
3013.768405169846,0.0,2590.274733055611
3065.7299293969127,0.0,2456.257425774254
3117.6914536239788,0.0,2264.7760104621816
3169.6529778510453,0.0,1993.804508932502
3221.6145020781114,0.0,1602.7137904624678
3273.576026305178,0.0,1173.5503324106617
3325.537550532244,0.0,384.18089011542406
3377.49907475931,0.0,291.782437905071
3429.4605989863767,0.0,301.7721072074643
3481.422123213443,0.0,166.19659688543356
3533.3836474405093,0.0,-6148.630252056386
3585.3451716675754,0.0,-6052.481700488092
3637.306695894642,0.0,-6405.7437000515
3689.268220121708,0.0,-4389.692620055617
3741.2297443487746,0.0,-3280.5702340704934
3793.1912685758407,0.0,-3010.924566396465
3845.1527928029072,0.0,-2958.998693041978
3897.1143170299733,0.0,-2980.883137571759
3949.07584125704,0.0,-3042.7602947399896
4001.037365484106,0.0,-3144.561073308845
4052.9988897111725,0.0,-3332.7515968718544
4104.960413938239,0.0,-3664.7165143591983
4156.921938165305,0.0,-3759.1790182786135
4208.883462392371,0.0,-2288.1971305695124
4260.844986619438,0.0,-1878.0418255265265
4312.806510846504,0.0,-1828.9444385074876
4364.76803507357,0.0,-1725.2201159695392
4416.7295593006365,0.0,-6653.264790279876
4468.691083527703,0.0,-7125.204170735956
4520.65260775477,0.0,-6341.940934506825
4572.614131981835,0.0,-5934.779722845289
4624.575656208902,0.0,-5716.192592765798
4676.537180435968,0.0,-5563.804883459879
4728.498704663035,0.0,-5433.655467649651
4780.460228890101,0.0,-5310.9919279874
4832.421753117167,0.0,-5188.4786783955515
4884.383277344234,0.0,-5061.4441790437995
4936.3448015713,0.0,-4929.532634608966
4988.306325798366,0.0,-4790.233210910619
5040.267850025432,0.0,-4636.471303427466
5092.229374252499,0.0,-4467.350477616861
5144.190898479565,0.0,-4308.619093860536
5196.152422706631,0.0,-4148.113874453983
5248.113946933698,0.0,-3623.843489324391
5300.075471160764,0.0,-3590.7080894859814
5352.03699538783,0.0,-4672.814235887251
5403.998519614896,0.0,-4045.9342109689433
5455.960043841963,0.0,-4047.8171030659596
5507.9215680690295,0.0,-2217.7091229013367
5559.883092296095,0.0,-2221.7026891505466
5611.844616523162,0.0,-2304.2898837501384
5663.806140750228,0.0,-2317.145507340684
5715.767664977295,0.0,-4097.12048519046
5767.72918920436,0.0,-3909.874958639972
5819.690713431427,0.0,-3627.3934190315513
5871.6522376584935,0.0,-3685.1509522632227
5923.61376188556,0.0,-3942.3885531215387
5975.575286112626,0.0,-3975.7627688087014
6027.536810339692,0.0,-3791.456382236348
6079.498334566759,0.0,-3513.0052887397414
6131.459858793825,0.0,-3101.895751741557
6183.421383020891,0.0,-2748.0335055200635
6235.3829072479575,0.0,-159.5540708720846
6287.344431475024,0.0,-149.31865159346103
6339.305955702091,0.0,-123.66946946756075
6391.267479929156,0.0,-137.23365653423826
6443.229004156223,0.0,-1818.5686539135818
6495.190528383289,0.0,-2576.594273537162
6547.152052610356,0.0,-3209.737654362008
6599.1135768374215,0.0,-3632.636347390983
6651.075101064488,0.0,-3942.7240513421193
6703.036625291555,0.0,-4181.934747194777
6754.99814951862,0.0,-4376.123455143454
6806.959673745687,0.0,-4533.396077662295
6858.921197972753,0.0,-4662.844777421002
6910.88272219982,0.0,-4774.2756793464
6962.844246426886,0.0,-4865.745123329896
7014.805770653952,0.0,-4939.00676790812
7066.767294881019,0.0,-4998.466239918287
7118.728819108085,0.0,-5042.537151807237
7170.690343335151,0.0,-5070.309417977445
7222.651867562217,0.0,-5084.935990878937
7274.613391789284,0.0,-5090.456612449556
7326.5749160163505,0.0,-5096.232888051278
7378.536440243416,0.0,-5141.7082324984385
7430.497964470483,0.0,-5414.691511456711
7482.459488697549,0.0,-6582.593405882792
7534.421012924616,0.0,-2691.606781235875
7586.382537151681,0.0,2995.664982949426
7638.344061378748,0.0,2832.784930835547
7690.3055856058145,0.0,2772.668917934669
7742.267109832881,0.0,2763.0689573952827
7794.228634059947,0.0,2725.4255588234155
7846.190158287013,0.0,2659.7345237789923
7898.15168251408,0.0,2583.4355811172795
7950.113206741146,0.0,2499.857302837907
8002.074730968212,0.0,2409.108843644246
8054.0362551952785,0.0,2313.834531493295
8105.997779422345,0.0,2213.3412158604688
8157.959303649412,0.0,2108.279953256744
8209.920827876478,0.0,1999.010059203415
8261.882352103545,0.0,1884.6914870916617
8313.84387633061,0.0,1767.226195285794
8365.805400557676,0.0,1648.0280764107779
8417.766924784743,0.0,1528.8056715447215
8469.728449011809,0.0,1409.8931656609575
8521.689973238876,0.0,1294.2762486146157
8573.651497465942,0.0,1185.9641722715887
8625.613021693009,0.0,1083.7704802288881
8677.574545920073,0.0,990.2167551333973
8729.53607014714,0.0,905.9929698610197
8781.497594374207,0.0,833.968730248578
8833.459118601273,0.0,777.8433183079565
8885.42064282834,0.0,741.6237772448518
8937.382167055406,0.0,734.6581936272995
8989.343691282473,0.0,769.5456715750913
9041.30521550954,0.0,865.3264161539903
9093.266739736604,0.0,1114.4758076661726
9145.22826396367,0.0,1457.634487424878
9197.189788190737,0.0,149.48494565666945
9249.151312417804,0.0,749.98692156077
9301.11283664487,0.0,575.298808836291
9353.074360871937,0.0,569.8484417401721
9405.035885099003,0.0,562.249165196489
9456.99740932607,0.0,562.0775951615667
9508.958933553135,0.0,669.1624037659449
9560.920457780201,0.0,1210.5557625886847
9612.881982007268,0.0,863.760194825491
9664.843506234334,0.0,536.4310507403457
9716.8050304614,0.0,395.0372726329256
9768.766554688467,0.0,315.52597753154004
9820.728078915534,0.0,266.51543474849444
9872.6896031426,0.0,231.7220009798848
9924.651127369665,0.0,204.62205456400937
9976.612651596732,0.0,183.43900646127577
10028.574175823798,0.0,165.1485654136245
10080.535700050865,0.0,148.34813861785113
10132.497224277931,0.0,131.61573020603254
10184.458748504998,0.0,116.24541113779873
10236.420272732064,0.0,103.90183258078824
10288.38179695913,0.0,96.30739361607603
10340.343321186196,0.0,310.1633244656986
25.980762113533157,45.0,2410.8383586715245
77.94228634059947,45.0,2709.8679666116823
129.90381056766577,45.0,-2003.0266213360014
181.8653347947321,45.0,-6230.315481742595
233.8268590217984,45.0,-3124.7580864889164
285.7883832488647,45.0,-1822.488027978561
337.749907475931,45.0,-1284.3372227737946
389.71143170299734,45.0,-948.2456954755758
441.67295593006367,45.0,-586.4110415110968
493.63448015713,45.0,198.24012718786207
545.5960043841962,45.0,179.94354597969536
597.5575286112626,45.0,211.8849984904433
649.5190528383289,45.0,300.11835507300947
701.4805770653952,45.0,314.01395072019994
753.4421012924615,45.0,441.56602254940253
805.4036255195278,45.0,531.7020155444188
857.3651497465942,45.0,654.5958588201556
909.3266739736605,45.0,772.6710715521476
961.2881982007268,45.0,877.6587567897632
1013.2497224277931,45.0,967.3056220624567
1065.2112466548592,45.0,1041.9938788490906
1117.1727708819255,45.0,1101.4302261870803
1169.1342951089919,45.0,1146.7788530607168
1221.0958193360582,45.0,1177.7588147011857
1273.0573435631245,45.0,1196.4851924220002
1325.0188677901908,45.0,1203.1027868963338
1376.9803920172571,45.0,1200.746971961189
1428.9419162443235,45.0,1189.6950796072986
1480.9034404713898,45.0,1172.570762741109
1532.864964698456,45.0,1148.561252645296
1584.8264889255224,45.0,1119.7690734523826
1636.7880131525887,45.0,1086.8503641974266
1688.749537379655,45.0,1049.8929035580918
1740.7110616067214,45.0,1009.475443269359
1792.6725858337877,45.0,964.5717507772262
1844.634110060854,45.0,916.0394927499524
1896.5956342879203,45.0,861.8621442413178
1948.5571585149867,45.0,804.7004490112402
2000.518682742053,45.0,746.4455346735707
2052.4802069691195,45.0,686.3243603472919
2104.4417311961856,45.0,625.4754135323524
2156.403255423252,45.0,564.4523882434901
2208.3647796503183,45.0,504.93387566236896
2260.326303877385,45.0,448.14462276242966
2312.287828104451,45.0,397.9308287527747
2364.2493523315175,45.0,359.7041253191479
2416.2108765585835,45.0,286.2131313707215
2468.17240078565,45.0,318.6634136219654
2520.133925012716,45.0,256.4449686592386
2572.0954492397827,45.0,248.49825071210626
2624.056973466849,45.0,-5906.022114382351
2676.0184976939154,45.0,-6123.768329056849
2727.9800219209815,45.0,-6663.433948248825
2779.941546148048,45.0,-2397.600535601913
2831.903070375114,45.0,-2459.662575979231
2883.8645946021807,45.0,3031.4838485955333
2935.8261188292468,45.0,2915.8664797347883
2987.7876430563133,45.0,2806.232845624113
3039.7491672833794,45.0,2762.186789731769
3091.710691510446,45.0,2642.9493493975733
3143.672215737512,45.0,2418.033807953336
3195.6337399645786,45.0,2070.664920545639
3247.5952641916447,45.0,1533.69463747249
3299.556788418711,45.0,1094.735742273464
3351.5183126457773,45.0,325.75547390979955
3403.4798368728434,45.0,258.12994494112417
3455.44136109991,45.0,148.77914281321182
3507.402885326976,45.0,-6329.522330508711
3559.3644095540426,45.0,-4232.073560244609
3611.3259337811087,45.0,-4217.773575955829
3663.2874580081752,45.0,-4050.8197131977913
3715.2489822352413,45.0,-3532.2023402869945
3767.210506462308,45.0,-3254.311113505264
3819.172030689374,45.0,-3146.9003252819193
3871.1335549164405,45.0,-3113.383626838053
3923.0950791435066,45.0,-3118.1362883727393
3975.056603370573,45.0,-3150.8641923404866
4027.0181275976392,45.0,-3225.7757201277363
4078.979651824706,45.0,-3400.7565631819725
4130.941176051772,45.0,-3692.7434352416835
4182.902700278838,45.0,-3655.9445483148047
4234.8642245059045,45.0,-2209.076373005997
4286.825748732971,45.0,-2095.817816745686
4338.787272960038,45.0,-2116.1955602151556
4390.748797187103,45.0,-6683.386299213627
4442.71032141417,45.0,-6898.479600925392
4494.671845641236,45.0,-6386.693361162536
4546.633369868303,45.0,-6092.737798394188
4598.5948940953685,45.0,-5929.664530642196
4650.556418322435,45.0,-5808.665573172244
4702.517942549502,45.0,-5696.971872404978
4754.479466776568,45.0,-5581.722292381144
4806.440991003634,45.0,-5459.068359946801
4858.4025152307,45.0,-5326.947182946264
4910.364039457767,45.0,-5183.280873699063
4962.3255636848335,45.0,-5030.7996321971805
5014.287087911899,45.0,-4867.537158783976
5066.248612138966,45.0,-4689.099114253464
5118.210136366032,45.0,-4495.598738925184
5170.171660593098,45.0,-4284.328510270223
5222.133184820164,45.0,-4103.889167535688
5274.094709047231,45.0,-4007.9173727898797
5326.0562332742975,45.0,-3550.01828687981
5378.017757501363,45.0,-4028.3648151759417
5429.97928172843,45.0,-3919.2405117907556
5481.940805955496,45.0,-2332.3336234016315
5533.902330182563,45.0,-2227.9653317771317
5585.863854409628,45.0,-2238.002517598985
5637.825378636695,45.0,-2253.7792497259534
5689.7869028637615,45.0,-3795.894546150747
5741.748427090828,45.0,-4060.338926789086
5793.709951317894,45.0,-4020.148361157878
5845.67147554496,45.0,-3996.6638871980776
5897.632999772027,45.0,-4002.6315242987625
5949.594523999093,45.0,-4271.762327595898
6001.556048226159,45.0,-3203.0056634312923
6053.5175724532255,45.0,-3469.9471618435364
6105.479096680292,45.0,-3206.986911328235
6157.440620907359,45.0,-2586.293075513485
6209.402145134424,45.0,-1899.0823239553283
6261.363669361491,45.0,-172.2962781110325
6313.325193588557,45.0,-137.14016124517582
6365.286717815624,45.0,-112.88295648160064
6417.2482420426895,45.0,-1572.6001036619582
6469.209766269756,45.0,-2209.405222611529
6521.171290496823,45.0,-2941.5510708034153
6573.132814723889,45.0,-3474.111470095403
6625.094338950955,45.0,-3872.8047818703744
6677.055863178021,45.0,-4182.607974082304
6729.017387405088,45.0,-4430.074071350025
6780.9789116321535,45.0,-4635.421674591014
6832.94043585922,45.0,-4807.062691741276
6884.901960086287,45.0,-4950.96613131734
6936.863484313353,45.0,-5073.8379161499515
6988.825008540419,45.0,-5176.596859697327
7040.786532767485,45.0,-5258.583206130192
7092.748056994552,45.0,-5324.27653834728
7144.7095812216185,45.0,-5371.633713311312
7196.671105448684,45.0,-5399.0955351206685
7248.632629675751,45.0,-5409.73976469519
7300.594153902817,45.0,-5408.354681469459
7352.555678129884,45.0,-5409.0551522800415
7404.517202356949,45.0,-5453.681757327182
7456.478726584016,45.0,-5694.286154467514
7508.4402508110825,45.0,-6388.435189580556
7560.401775038149,45.0,-2850.7487611984943
7612.363299265215,45.0,3035.8460402871456
7664.324823492281,45.0,2713.2627006582925
7716.286347719348,45.0,2828.309422880196
7768.247871946414,45.0,2822.678079200693
7820.20939617348,45.0,2767.096169645153
7872.1709204005465,45.0,2685.993077101186
7924.132444627613,45.0,2599.833663164737
7976.09396885468,45.0,2507.5223331141287
8028.055493081745,45.0,2408.1362570472393
8080.017017308812,45.0,2303.6778410541547
8131.978541535878,45.0,2193.798286481223
8183.940065762945,45.0,2078.455938689057
8235.901589990011,45.0,1958.5731043315932
8287.863114217078,45.0,1832.8066130593415
8339.824638444143,45.0,1702.8381770318658
8391.78616267121,45.0,1570.9680098779954
8443.747686898276,45.0,1440.9835984300623
8495.709211125342,45.0,1310.9782124595722
8547.670735352409,45.0,1184.7837836694107
8599.632259579475,45.0,1066.9700733508744
8651.593783806542,45.0,959.7267638225209
8703.555308033607,45.0,862.6829326716245
8755.516832260673,45.0,776.4314261076377
8807.47835648774,45.0,706.2694688933127
8859.439880714806,45.0,655.9141699891626
8911.401404941873,45.0,632.1524533211591
8963.36292916894,45.0,651.9080170499947
9015.324453396006,45.0,750.3481711952916
9067.285977623073,45.0,1066.7727577613082
9119.247501850137,45.0,1589.1091261531603
9171.209026077204,45.0,57.004717221056495
9223.17055030427,45.0,659.5745267274608
9275.132074531337,45.0,565.6576296563653
9327.093598758403,45.0,524.664591488216
9379.05512298547,45.0,627.0821078625258
9431.016647212537,45.0,554.4455701470424
9482.978171439603,45.0,553.5150859365137
9534.939695666668,45.0,687.7085617804723
9586.901219893734,45.0,704.8162379337641
9638.862744120801,45.0,501.0204673976171
9690.824268347867,45.0,359.7785912196841
9742.785792574934,45.0,280.01214756890136
9794.747316802,45.0,232.74196331795565
9846.708841029067,45.0,203.04853201574977
9898.670365256134,45.0,181.17662364485665
9950.631889483198,45.0,161.3621699893019
10002.593413710265,45.0,141.64101800527817
10054.554937937331,45.0,119.8554518269917
10106.516462164398,45.0,93.65778648866187
10158.477986391465,45.0,66.97358231362416
10210.439510618531,45.0,41.81155759407114
10262.401034845598,45.0,19.8960102400178
10314.362559072662,45.0,3.99477538880281
10366.324083299729,45.0,325.7294260920883
0.0,90.0,1723.9730951113563
51.96152422706631,90.0,2607.0623165996067
103.92304845413263,90.0,-2016.925311177909
155.88457268119893,90.0,-6190.6187126974055
207.84609690826525,90.0,-4348.426527220251
259.80762113533154,90.0,-2849.9914351663624
311.76914536239786,90.0,-2055.087390383681
363.7306695894642,90.0,-1520.7517743604844
415.6921938165305,90.0,-1007.431557653236
467.6537180435968,90.0,-577.122984557528
519.6152422706631,90.0,-328.121946859012
571.5767664977294,90.0,198.9875471973213
623.5382907247957,90.0,169.34334233255782
675.499814951862,90.0,307.5844429748678
727.4613391789284,90.0,301.73049656771184
779.4228634059947,90.0,456.8567446463815
831.384387633061,90.0,563.7173321131756
883.3459118601273,90.0,700.319303733638
935.3074360871937,90.0,827.113622262412
987.26896031426,90.0,936.553925831224
1039.2304845413262,90.0,1029.3858547889567
1091.1920087683925,90.0,1103.493691164133
1143.1535329954588,90.0,1159.6711639761666
1195.1150572225251,90.0,1199.2923975062085
1247.0765814495915,90.0,1224.0566264583215
1299.0381056766578,90.0,1235.1817191081
1350.999629903724,90.0,1236.1961322909765
1402.9611541307904,90.0,1227.6085682480705
1454.9226783578567,90.0,1210.689200504903
1506.884202584923,90.0,1186.315491832992
1558.8457268119894,90.0,1157.6722006486762
1610.8072510390557,90.0,1124.9544224899128
1662.768775266122,90.0,1087.7892839019032
1714.7302994931883,90.0,1046.539861758823
1766.6918237202547,90.0,1000.4611044728385
1818.653347947321,90.0,949.8734570823117
1870.6148721743873,90.0,894.2000574246551
1922.5763964014536,90.0,834.1143099057831
1974.53792062852,90.0,773.4663376952861
2026.4994448555863,90.0,709.948255055245
2078.4609690826524,90.0,645.8551148020122
2130.422493309719,90.0,582.5710526641155
2182.384017536785,90.0,520.291052162826
2234.3455417638515,90.0,460.8050433048503
2286.3070659909176,90.0,409.26231913392564
2338.268590217984,90.0,372.0527067766262
2390.2301144450503,90.0,366.6730792826712
2442.191638672117,90.0,336.9610899169569
2494.153162899183,90.0,245.79082695638408
2546.1146871262495,90.0,268.9790796754467
2598.0762113533156,90.0,-2625.923879156703
2650.037735580382,90.0,-3363.8715686381574
2701.999259807448,90.0,-4478.708101840739
2753.9607840345147,90.0,-6690.5252296923445
2805.922308261581,90.0,-2610.458901912417
2857.8838324886474,90.0,3099.2386623936773
2909.8453567157135,90.0,3308.0788319503527
2961.80688094278,90.0,2863.6354268436244
3013.768405169846,90.0,2923.2498377451325
3065.7299293969127,90.0,3032.655801327767
3117.6914536239788,90.0,2609.645954327495
3169.6529778510453,90.0,2403.074939180491
3221.6145020781114,90.0,2036.7298448934152
3273.576026305178,90.0,1486.9962744499921
3325.537550532244,90.0,425.4692197836564
3377.49907475931,90.0,242.24536246503303
3429.4605989863767,90.0,112.98035580948104
3481.422123213443,90.0,131.16399108578463
3533.3836474405093,90.0,-2927.01069480149
3585.3451716675754,90.0,-2850.1654342831343
3637.306695894642,90.0,-3183.527187369532
3689.268220121708,90.0,-3229.272003331963
3741.2297443487746,90.0,-3161.0930415705097
3793.1912685758407,90.0,-3115.713932948199
3845.1527928029072,90.0,-3099.068385355661
3897.1143170299733,90.0,-3104.201328179033
3949.07584125704,90.0,-3126.6975010766646
4001.037365484106,90.0,-3171.2192782411157
4052.9988897111725,90.0,-3251.960058135578
4104.960413938239,90.0,-3460.102839158878
4156.921938165305,90.0,-3725.6129380529865
4208.883462392371,90.0,-3630.0867613526707
4260.844986619438,90.0,-2803.896163656821
4312.806510846504,90.0,-3364.3982180922058
4364.76803507357,90.0,-4800.812523332249
4416.7295593006365,90.0,-5223.82044740535
4468.691083527703,90.0,-6074.075250180682
4520.65260775477,90.0,-6050.45587641262
4572.614131981835,90.0,-6003.696414830603
4624.575656208902,90.0,-5921.034595441242
4676.537180435968,90.0,-5823.630284452565
4728.498704663035,90.0,-5714.581756188658
4780.460228890101,90.0,-5594.349886284592
4832.421753117167,90.0,-5463.9534168350765
4884.383277344234,90.0,-5322.642450414074
4936.3448015713,90.0,-5173.926378520475
4988.306325798366,90.0,-5016.359270529145
5040.267850025432,90.0,-4846.507859911349
5092.229374252499,90.0,-4668.5565013859405
5144.190898479565,90.0,-4485.442332894041
5196.152422706631,90.0,-4305.835423083168
5248.113946933698,90.0,-4154.5246817315365
5300.075471160764,90.0,-4071.371610126344
5352.03699538783,90.0,-4106.866363251425
5403.998519614896,90.0,-4245.481144201661
5455.960043841963,90.0,-4252.815060854869
5507.9215680690295,90.0,-4295.400865664591
5559.883092296095,90.0,-4345.916742268801
5611.844616523162,90.0,-4278.602763411552
5663.806140750228,90.0,-4365.563142032937
5715.767664977295,90.0,-4608.186196021577
5767.72918920436,90.0,-4120.458381467211
5819.690713431427,90.0,-4027.6463979929313
5871.6522376584935,90.0,-4167.758106179226
5923.61376188556,90.0,-4243.1216401539605
5975.575286112626,90.0,-3166.7483864667674
6027.536810339692,90.0,-3530.6571181226063
6079.498334566759,90.0,-3454.8505738863414
6131.459858793825,90.0,-3180.883467057177
6183.421383020891,90.0,-2653.5396685819164
6235.3829072479575,90.0,-2119.65042991765
6287.344431475024,90.0,-1829.6760422780576
6339.305955702091,90.0,-1746.6562306426888
6391.267479929156,90.0,-1882.5458561397018
6443.229004156223,90.0,-2353.1706428561765
6495.190528383289,90.0,-2965.899828183934
6547.152052610356,90.0,-3464.6335055508216
6599.1135768374215,90.0,-3858.2738134332285
6651.075101064488,90.0,-4171.443853348563
6703.036625291555,90.0,-4427.342924453014
6754.99814951862,90.0,-4640.660259923044
6806.959673745687,90.0,-4818.435480467635
6858.921197972753,90.0,-4971.5284765507895
6910.88272219982,90.0,-5102.339033307298
6962.844246426886,90.0,-5214.283502500911
7014.805770653952,90.0,-5305.005238261299
7066.767294881019,90.0,-5378.674437337294
7118.728819108085,90.0,-5435.31498208345
7170.690343335151,90.0,-5472.5258136719785
7222.651867562217,90.0,-5491.269888294275
7274.613391789284,90.0,-5490.800499332697
7326.5749160163505,90.0,-5474.8116539317825
7378.536440243416,90.0,-5448.520707971333
7430.497964470483,90.0,-5435.0342937122205
7482.459488697549,90.0,-5577.801600899649
7534.421012924616,90.0,-6387.687719484804
7586.382537151681,90.0,-2736.19133611203
7638.344061378748,90.0,2982.7169478680034
7690.3055856058145,90.0,3034.616891559236
7742.267109832881,90.0,2962.5325727993054
7794.228634059947,90.0,2822.6343011300696
7846.190158287013,90.0,2763.7578448116565
7898.15168251408,90.0,2684.723614840389
7950.113206741146,90.0,2596.2480286457753
8002.074730968212,90.0,2498.6934348033383
8054.0362551952785,90.0,2395.061564717621
8105.997779422345,90.0,2285.4586201860516
8157.959303649412,90.0,2170.1713967912347
8209.920827876478,90.0,2049.432756452991
8261.882352103545,90.0,1920.3786750412269
8313.84387633061,90.0,1785.9984302245716
8365.805400557676,90.0,1648.0429590626477
8417.766924784743,90.0,1506.8469846404005
8469.728449011809,90.0,1365.3209335993638
8521.689973238876,90.0,1227.4946279201754
8573.651497465942,90.0,1096.5061057121143
8625.613021693009,90.0,975.8137803683092
8677.574545920073,90.0,864.4919679379506
8729.53607014714,90.0,764.7655631934551
8781.497594374207,90.0,679.4855114693655
8833.459118601273,90.0,610.8009107145962
8885.42064282834,90.0,562.9896939624291
8937.382167055406,90.0,544.44598168877
8989.343691282473,90.0,578.3911536687797
9041.30521550954,90.0,779.593189270772
9093.266739736604,90.0,1348.2688994261289
9145.22826396367,90.0,83.74456619275983
9197.189788190737,90.0,665.5412010526125
9249.151312417804,90.0,486.25043796018423
9301.11283664487,90.0,-132.41951055535333
9353.074360871937,90.0,1199.5132606059174
9405.035885099003,90.0,697.0750233015178
9456.99740932607,90.0,472.99840443065443
9508.958933553135,90.0,436.85614407684284
9560.920457780201,90.0,433.8826478620555
9612.881982007268,90.0,387.5768598102354
9664.843506234334,90.0,311.34658712120785
9716.8050304614,90.0,252.5160300664612
9768.766554688467,90.0,215.6301794092219
9820.728078915534,90.0,192.50081520292787
9872.6896031426,90.0,177.12475025368224
9924.651127369665,90.0,164.03148393667598
9976.612651596732,90.0,149.86510320534947
10028.574175823798,90.0,130.3910924957179
10080.535700050865,90.0,100.00118713907943
10132.497224277931,90.0,65.30865888682153
10184.458748504998,90.0,30.13098355012309
10236.420272732064,90.0,-1.873972158302351
10288.38179695913,90.0,-24.806386825345598
10340.343321186196,90.0,-37.107713044114234
25.980762113533157,135.0,2242.6078271458264
77.94228634059947,135.0,2727.7462853439656
129.90381056766577,135.0,-2338.7073590823065
181.8653347947321,135.0,-6286.398263452424
233.8268590217984,135.0,-3960.400477469587
285.7883832488647,135.0,-2860.9194219973488
337.749907475931,135.0,-2137.4600921402307
389.71143170299734,135.0,-1554.508087484266
441.67295593006367,135.0,-1041.5666432916041
493.63448015713,135.0,-615.6853551347795
545.5960043841962,135.0,-346.25263737027285
597.5575286112626,135.0,105.56069620601687
649.5190528383289,135.0,101.0772929643665
701.4805770653952,135.0,295.84530710784264
753.4421012924615,135.0,301.79508630402586
805.4036255195278,135.0,490.78754922749795
857.3651497465942,135.0,615.8067836749278
909.3266739736605,135.0,770.1941861168089
961.2881982007268,135.0,905.7861037548362
1013.2497224277931,135.0,1018.6161384503948
1065.2112466548592,135.0,1108.3839297483341
1117.1727708819255,135.0,1177.3246324907702
1169.1342951089919,135.0,1225.223665926331
1221.0958193360582,135.0,1256.0947207889626
1273.0573435631245,135.0,1272.069159650838
1325.0188677901908,135.0,1276.8814082928673
1376.9803920172571,135.0,1270.385779986495
1428.9419162443235,135.0,1255.7633747234845
1480.9034404713898,135.0,1231.0448015279558
1532.864964698456,135.0,1199.9659512509402
1584.8264889255224,135.0,1164.7030392304355
1636.7880131525887,135.0,1127.719612271371
1688.749537379655,135.0,1084.9231666791916
1740.7110616067214,135.0,1037.2886737654328
1792.6725858337877,135.0,985.7265621970789
1844.634110060854,135.0,929.5449373121934
1896.5956342879203,135.0,870.2206140911737
1948.5571585149867,135.0,806.3161232010482
2000.518682742053,135.0,741.2021254414419
2052.4802069691195,135.0,674.1007638098615
2104.4417311961856,135.0,608.0566631921095
2156.403255423252,135.0,541.9531328076737
2208.3647796503183,135.0,479.01518992934234
2260.326303877385,135.0,419.7521960278112
2312.287828104451,135.0,368.04207490365525
2364.2493523315175,135.0,340.55696221831454
2416.2108765585835,135.0,343.93128303297334
2468.17240078565,135.0,313.1490042046913
2520.133925012716,135.0,218.1251039768953
2572.0954492397827,135.0,253.29905541476123
2624.056973466849,135.0,-1804.653672958129
2676.0184976939154,135.0,-2882.5714345615834
2727.9800219209815,135.0,-4230.814056730397
2779.941546148048,135.0,-6343.93684098662
2831.903070375114,135.0,-2598.5288461275863
2883.8645946021807,135.0,-2545.708265333069
2935.8261188292468,135.0,3004.1481351519833
2987.7876430563133,135.0,2711.1139842133443
3039.7491672833794,135.0,2763.5742517493245
3091.710691510446,135.0,2846.493784574418
3143.672215737512,135.0,2615.4798148814984
3195.6337399645786,135.0,2721.844275446161
3247.5952641916447,135.0,1978.7054003209435
3299.556788418711,135.0,1614.5291828652746
3351.5183126457773,135.0,327.5009665233395
3403.4798368728434,135.0,244.01149933208762
3455.44136109991,135.0,81.2117850338856
3507.402885326976,135.0,113.05443725514087
3559.3644095540426,135.0,-2016.5632205904953
3611.3259337811087,135.0,-2568.3620048788807
3663.2874580081752,135.0,-2888.3873823243625
3715.2489822352413,135.0,-3011.210387945638
3767.210506462308,135.0,-3051.371258947306
3819.172030689374,135.0,-3069.8700555037412
3871.1335549164405,135.0,-3084.9305538175886
3923.0950791435066,135.0,-3104.519049149756
3975.056603370573,135.0,-3134.5036150280334
4027.0181275976392,135.0,-3189.2015830086466
4078.979651824706,135.0,-3326.7218898697274
4130.941176051772,135.0,-3688.790616282252
4182.902700278838,135.0,-3703.512828447097
4234.8642245059045,135.0,-2035.330019622057
4286.825748732971,135.0,-3191.417042381876
4338.787272960038,135.0,-4580.332060731405
4390.748797187103,135.0,-5228.551945260104
4442.71032141417,135.0,-5918.141614352746
4494.671845641236,135.0,-6013.142370987576
4546.633369868303,135.0,-6056.704881482879
4598.5948940953685,135.0,-6015.683098545783
4650.556418322435,135.0,-5936.56014599151
4702.517942549502,135.0,-5838.639117690506
4754.479466776568,135.0,-5727.36218181126
4806.440991003634,135.0,-5603.812275085364
4858.4025152307,135.0,-5468.506538170998
4910.364039457767,135.0,-5324.189922517042
4962.3255636848335,135.0,-5173.590739813757
5014.287087911899,135.0,-5014.298684832684
5066.248612138966,135.0,-4847.163070250213
5118.210136366032,135.0,-4677.814183242304
5170.171660593098,135.0,-4513.759109336601
5222.133184820164,135.0,-4363.5622889940005
5274.094709047231,135.0,-4241.1905568038
5326.0562332742975,135.0,-4167.856701439965
5378.017757501363,135.0,-4177.091660936463
5429.97928172843,135.0,-4237.156781368596
5481.940805955496,135.0,-4192.221893343934
5533.902330182563,135.0,-4292.975013232079
5585.863854409628,135.0,-4328.046438103957
5637.825378636695,135.0,-4362.601433380996
5689.7869028637615,135.0,-4416.87509257475
5741.748427090828,135.0,-4656.766194710944
5793.709951317894,135.0,-4134.120537133662
5845.67147554496,135.0,-3991.0943850102753
5897.632999772027,135.0,-3949.921392205466
5949.594523999093,135.0,-4315.412880366405
6001.556048226159,135.0,-3133.7802772828363
6053.5175724532255,135.0,-3542.0940280160758
6105.479096680292,135.0,-3482.260353518127
6157.440620907359,135.0,-3283.3846459217198
6209.402145134424,135.0,-2966.637223716705
6261.363669361491,135.0,-2654.2014758687437
6313.325193588557,135.0,-2491.7031546305097
6365.286717815624,135.0,-2539.0112396113
6417.2482420426895,135.0,-2804.3019884678133
6469.209766269756,135.0,-3187.6842357694486
6521.171290496823,135.0,-3569.7493649587805
6573.132814723889,135.0,-3909.3926551899463
6625.094338950955,135.0,-4202.153068053525
6677.055863178021,135.0,-4450.762385554725
6729.017387405088,135.0,-4664.098854864409
6780.9789116321535,135.0,-4846.974573047823
6832.94043585922,135.0,-5002.879577713231
6884.901960086287,135.0,-5137.506996332506
6936.863484313353,135.0,-5255.252740382159
6988.825008540419,135.0,-5355.711114756751
7040.786532767485,135.0,-5438.04346291376
7092.748056994552,135.0,-5503.629491588601
7144.7095812216185,135.0,-5552.643500258674
7196.671105448684,135.0,-5585.015490890653
7248.632629675751,135.0,-5595.061929377479
7300.594153902817,135.0,-5583.508510656082
7352.555678129884,135.0,-5551.550823074796
7404.517202356949,135.0,-5504.878581768926
7456.478726584016,135.0,-5473.77649840189
7508.4402508110825,135.0,-5696.8548017896255
7560.401775038149,135.0,-6637.209955689202
7612.363299265215,135.0,-2629.783508365401
7664.324823492281,135.0,2891.076644882437
7716.286347719348,135.0,3088.332600698578
7768.247871946414,135.0,2856.20453455973
7820.20939617348,135.0,2805.455802885859
7872.1709204005465,135.0,2755.6489871420035
7924.132444627613,135.0,2677.6334666639177
7976.09396885468,135.0,2584.547393673407
8028.055493081745,135.0,2484.2321037326515
8080.017017308812,135.0,2377.2754962408862
8131.978541535878,135.0,2263.169412876685
8183.940065762945,135.0,2142.8368687991333
8235.901589990011,135.0,2014.098656082716
8287.863114217078,135.0,1876.7918427505535
8339.824638444143,135.0,1733.0442658201166
8391.78616267121,135.0,1584.2403254111273
8443.747686898276,135.0,1432.2882245280587
8495.709211125342,135.0,1281.2153181020217
8547.670735352409,135.0,1136.1791687857844
8599.632259579475,135.0,999.3545969822867
8651.593783806542,135.0,872.8878328083917
8703.555308033607,135.0,759.3490470319982
8755.516832260673,135.0,659.3196180427732
8807.47835648774,135.0,573.1298521291378
8859.439880714806,135.0,502.56473882915384
8911.401404941873,135.0,449.6132983832956
8963.36292916894,135.0,413.6619974234186
9015.324453396006,135.0,433.78322343202683
9067.285977623073,135.0,684.0747238866289
9119.247501850137,135.0,111.24588416531131
9171.209026077204,135.0,128.1908792494653
9223.17055030427,135.0,658.8484990956136
9275.132074531337,135.0,516.7115298876137
9327.093598758403,135.0,-132.8445771680142
9379.05512298547,135.0,1015.666000743649
9431.016647212537,135.0,473.70151763696526
9482.978171439603,135.0,306.26479625413117
9534.939695666668,135.0,273.5164197757533
9586.901219893734,135.0,254.04681797360172
9638.862744120801,135.0,227.84458680288412
9690.824268347867,135.0,198.26502276012374
9742.785792574934,135.0,177.71148999598068
9794.747316802,135.0,168.55509887859472
9846.708841029067,135.0,166.2811873532208
9898.670365256134,135.0,166.6897082305136
9950.631889483198,135.0,162.69140228244368
10002.593413710265,135.0,147.72064436760255
10054.554937937331,135.0,116.87456175616327
10106.516462164398,135.0,72.00495060055309
10158.477986391465,135.0,23.33573830352618
10210.439510618531,135.0,-21.312363127928016
10262.401034845598,135.0,-56.65134249208097
10314.362559072662,135.0,-80.65349079637792
10366.324083299729,135.0,-88.64381109976858
0.0,180.0,2191.440231847376
51.96152422706631,180.0,2588.634047062866
103.92304845413263,180.0,-2437.8469621482936
155.88457268119893,180.0,-6457.558468117353
207.84609690826525,180.0,-4528.743098691773
259.80762113533154,180.0,-3401.0672071518547
311.76914536239786,180.0,-2647.56316733546
363.7306695894642,180.0,-2035.0857788154035
415.6921938165305,180.0,-1506.1001103088088
467.6537180435968,180.0,-1044.997748358553
519.6152422706631,180.0,-640.2741783023139
571.5767664977294,180.0,-361.4933625054002
623.5382907247957,180.0,154.66459128244907
675.499814951862,180.0,171.64332267944786
727.4613391789284,180.0,275.19334512157394
779.4228634059947,180.0,294.81736282075434
831.384387633061,180.0,551.9450944404194
883.3459118601273,180.0,699.6786117032959
935.3074360871937,180.0,868.1488816412601
987.26896031426,180.0,1008.1244218812905
1039.2304845413262,180.0,1118.2093745795287
1091.1920087683925,180.0,1201.504092772017
1143.1535329954588,180.0,1258.7105694094048
1195.1150572225251,180.0,1295.9664159587867
1247.0765814495915,180.0,1315.5174580317237
1299.0381056766578,180.0,1321.6745082495372
1350.999629903724,180.0,1316.016433547125
1402.9611541307904,180.0,1301.9070906481702
1454.9226783578567,180.0,1277.3713134053464
1506.884202584923,180.0,1246.6754027835455
1558.8457268119894,180.0,1211.4723922334088
1610.8072510390557,180.0,1173.3673494428342
1662.768775266122,180.0,1130.3237208078278
1714.7302994931883,180.0,1081.8698483846542
1766.6918237202547,180.0,1028.4068039607482
1818.653347947321,180.0,970.6787864344712
1870.6148721743873,180.0,909.9016971886892
1922.5763964014536,180.0,843.8564363960692
1974.53792062852,180.0,776.3775074151831
2026.4994448555863,180.0,707.7728143502259
2078.4609690826524,180.0,641.17092933076
2130.422493309719,180.0,572.9971244801588
2182.384017536785,180.0,506.5850566271619
2234.3455417638515,180.0,441.1371560961669
2286.3070659909176,180.0,377.822132688892
2338.268590217984,180.0,319.62340509692694
2390.2301144450503,180.0,204.76054124082586
2442.191638672117,180.0,238.80146551138975
2494.153162899183,180.0,200.11729719276423
2546.1146871262495,180.0,258.6165283857751
2598.0762113533156,180.0,-1133.1295856708548
2650.037735580382,180.0,-1860.5316776174336
2701.999259807448,180.0,-2963.607755233851
2753.9607840345147,180.0,-4264.547875856932
2805.922308261581,180.0,-6369.128305524047
2857.8838324886474,180.0,-6199.803296508735
2909.8453567157135,180.0,-2574.1863681419622
2961.80688094278,180.0,-2626.8288839089323
3013.768405169846,180.0,-2464.9127446959465
3065.7299293969127,180.0,2955.4668165168637
3117.6914536239788,180.0,2855.8264078064067
3169.6529778510453,180.0,2622.853620390166
3221.6145020781114,180.0,2970.8900608201493
3273.576026305178,180.0,1970.5683462936636
3325.537550532244,180.0,602.0257143155233
3377.49907475931,180.0,256.67082794359465
3429.4605989863767,180.0,127.79984427934346
3481.422123213443,180.0,119.27443817073748
3533.3836474405093,180.0,-1828.6608598810287
3585.3451716675754,180.0,-2284.1198882860035
3637.306695894642,180.0,-2714.937671023622
3689.268220121708,180.0,-2913.573372780881
3741.2297443487746,180.0,-3002.002728997936
3793.1912685758407,180.0,-3045.549174240341
3845.1527928029072,180.0,-3071.4884951369777
3897.1143170299733,180.0,-3091.9616902043454
3949.07584125704,180.0,-3115.0191983345085
4001.037365484106,180.0,-3153.549040970337
4052.9988897111725,180.0,-3222.6732670197644
4104.960413938239,180.0,-3403.026414775449
4156.921938165305,180.0,-3596.422130440168
4208.883462392371,180.0,-1934.1170676247984
4260.844986619438,180.0,-2086.3492320663627
4312.806510846504,180.0,-6611.5471751400055
4364.76803507357,180.0,-6666.086828648247
4416.7295593006365,180.0,-6286.063770672515
4468.691083527703,180.0,-6133.18927791095
4520.65260775477,180.0,-6118.3469378067
4572.614131981835,180.0,-6077.2728917217555
4624.575656208902,180.0,-6009.400333182861
4676.537180435968,180.0,-5923.075164723526
4728.498704663035,180.0,-5823.992799261748
4780.460228890101,180.0,-5713.321749198163
4832.421753117167,180.0,-5591.782499319375
4884.383277344234,180.0,-5460.802836676421
4936.3448015713,180.0,-5321.088229406602
4988.306325798366,180.0,-5173.590639505436
5040.267850025432,180.0,-5019.296782474924
5092.229374252499,180.0,-4862.829203546709
5144.190898479565,180.0,-4709.401424067762
5196.152422706631,180.0,-4563.08375756967
5248.113946933698,180.0,-4432.517869306937
5300.075471160764,180.0,-4327.506722249845
5352.03699538783,180.0,-4254.303707798575
5403.998519614896,180.0,-4219.441728070542
5455.960043841963,180.0,-4188.711277002401
5507.9215680690295,180.0,-4179.3876137213265
5559.883092296095,180.0,-4203.878454697791
5611.844616523162,180.0,-4215.277458576786
5663.806140750228,180.0,-4215.0973544434755
5715.767664977295,180.0,-3530.2965051734764
5767.72918920436,180.0,-4690.82587389541
5819.690713431427,180.0,-4150.992667393935
5871.6522376584935,180.0,-4072.034156227972
5923.61376188556,180.0,-4000.241116047959
5975.575286112626,180.0,-4342.435798741926
6027.536810339692,180.0,-3138.0060575502703
6079.498334566759,180.0,-3588.1586232767436
6131.459858793825,180.0,-3550.394990652015
6183.421383020891,180.0,-3435.0805568094797
6235.3829072479575,180.0,-3306.685635527406
6287.344431475024,180.0,-3210.3147500293394
6339.305955702091,180.0,-3197.256989391989
6391.267479929156,180.0,-3297.5594727604835
6443.229004156223,180.0,-3497.2443038546435
6495.190528383289,180.0,-3750.860989568649
6547.152052610356,180.0,-4015.251835895656
6599.1135768374215,180.0,-4268.782114831591
6651.075101064488,180.0,-4498.533085396327
6703.036625291555,180.0,-4704.276091699054
6754.99814951862,180.0,-4885.633946041138
6806.959673745687,180.0,-5043.949743544736
6858.921197972753,180.0,-5180.183299972745
6910.88272219982,180.0,-5300.669610357758
6962.844246426886,180.0,-5406.826309565897
7014.805770653952,180.0,-5496.8399446555995
7066.767294881019,180.0,-5572.215909385686
7118.728819108085,180.0,-5633.098567605767
7170.690343335151,180.0,-5680.073733886824
7222.651867562217,180.0,-5706.561278858675
7274.613391789284,180.0,-5714.031004971272
7326.5749160163505,180.0,-5699.025526244655
7378.536440243416,180.0,-5658.546403058044
7430.497964470483,180.0,-5601.492289851714
7482.459488697549,180.0,-5571.995072126383
7534.421012924616,180.0,-5802.384304799427
7586.382537151681,180.0,-6837.357213256808
7638.344061378748,180.0,-2746.8754890353125
7690.3055856058145,180.0,-2827.8322009607036
7742.267109832881,180.0,3063.9418602566
7794.228634059947,180.0,2827.4675230904654
7846.190158287013,180.0,2809.7153093092666
7898.15168251408,180.0,2759.6144094852275
7950.113206741146,180.0,2668.2723296869954
8002.074730968212,180.0,2568.980982741845
8054.0362551952785,180.0,2465.4864205033628
8105.997779422345,180.0,2357.950570550791
8157.959303649412,180.0,2241.412312821103
8209.920827876478,180.0,2113.850650319297
8261.882352103545,180.0,1974.6505651128793
8313.84387633061,180.0,1827.240869957341
8365.805400557676,180.0,1671.557934593956
8417.766924784743,180.0,1509.2544257140532
8469.728449011809,180.0,1345.2274072787818
8521.689973238876,180.0,1185.7705296055306
8573.651497465942,180.0,1034.244473022901
8625.613021693009,180.0,891.6964913365903
8677.574545920073,180.0,762.183935525351
8729.53607014714,180.0,645.9995979401881
8781.497594374207,180.0,543.5097129537038
8833.459118601273,180.0,454.69441670934725
8885.42064282834,180.0,379.053872118575
8937.382167055406,180.0,315.7411009652767
8989.343691282473,180.0,282.5414683621793
9041.30521550954,180.0,119.36034506432894
9093.266739736604,180.0,44.65268342233568
9145.22826396367,180.0,9.10851601486356
9197.189788190737,180.0,660.4410303221714
9249.151312417804,180.0,572.6930319379135
9301.11283664487,180.0,-219.24885571311808
9353.074360871937,180.0,-150.4787318605691
9405.035885099003,180.0,404.78830992450753
9456.99740932607,180.0,169.28720555338307
9508.958933553135,180.0,140.30568785372037
9560.920457780201,180.0,141.31753386931416
9612.881982007268,180.0,139.24013930969707
9664.843506234334,180.0,132.01204287163486
9716.8050304614,180.0,127.56210310411825
9768.766554688467,180.0,130.3768383490008
9820.728078915534,180.0,140.43021813691666
9872.6896031426,180.0,155.7623791842072
9924.651127369665,180.0,171.24923739722266
9976.612651596732,180.0,174.88756723984437
10028.574175823798,180.0,150.13233237255318
10080.535700050865,180.0,93.16645454587075
10132.497224277931,180.0,21.56747043340991
10184.458748504998,180.0,-34.44301881158334
10236.420272732064,180.0,-75.73141380922478
10288.38179695913,180.0,-111.3499959059333
10340.343321186196,180.0,-126.47566052773266
25.980762113533157,225.0,2638.9598697507445
77.94228634059947,225.0,-2423.384407590847
129.90381056766577,225.0,-6498.724272618703
181.8653347947321,225.0,-4648.401320295283
233.8268590217984,225.0,-3668.7221479471436
285.7883832488647,225.0,-2998.751150029858
337.749907475931,225.0,-2419.878111953104
389.71143170299734,225.0,-1903.252039748139
441.67295593006367,225.0,-1438.8535957939835
493.63448015713,225.0,-1018.182945007562
545.5960043841962,225.0,-632.1171439216502
597.5575286112626,225.0,-360.0344626216091
649.5190528383289,225.0,131.87587267663946
701.4805770653952,225.0,146.2053243450017
753.4421012924615,225.0,310.2154171912077
805.4036255195278,225.0,359.9134784165474
857.3651497465942,225.0,646.3560079165029
909.3266739736605,225.0,821.0961350877035
961.2881982007268,225.0,1004.5449009666543
1013.2497224277931,225.0,1140.257154039648
1065.2112466548592,225.0,1237.7866082552225
1117.1727708819255,225.0,1304.975034724716
1169.1342951089919,225.0,1344.8309927554901
1221.0958193360582,225.0,1366.7035474438292
1273.0573435631245,225.0,1374.933789970576
1325.0188677901908,225.0,1369.772384947876
1376.9803920172571,225.0,1354.4221411173407
1428.9419162443235,225.0,1331.146613521384
1480.9034404713898,225.0,1299.9530077436157
1532.864964698456,225.0,1263.7063509301825
1584.8264889255224,225.0,1223.218128538331
1636.7880131525887,225.0,1177.969549192441
1688.749537379655,225.0,1128.4247704129689
1740.7110616067214,225.0,1074.9652572312502
1792.6725858337877,225.0,1016.2558484841816
1844.634110060854,225.0,953.1247599063624
1896.5956342879203,225.0,888.3154219505013
1948.5571585149867,225.0,819.0042399411061
2000.518682742053,225.0,747.6865716737899
2052.4802069691195,225.0,677.1261672518519
2104.4417311961856,225.0,607.4837877701034
2156.403255423252,225.0,539.1561461157078
2208.3647796503183,225.0,472.08165955401876
2260.326303877385,225.0,407.1321571479265
2312.287828104451,225.0,342.7030466525881
2364.2493523315175,225.0,298.7315690531535
2416.2108765585835,225.0,166.3132789633342
2468.17240078565,225.0,207.3071789711414
2520.133925012716,225.0,264.9917713726155
2572.0954492397827,225.0,258.5574160663092
2624.056973466849,225.0,-1163.30776504738
2676.0184976939154,225.0,-2051.3479347247576
2727.9800219209815,225.0,-3023.492452384728
2779.941546148048,225.0,-4046.1036406635594
2831.903070375114,225.0,-4763.814287418774
2883.8645946021807,225.0,-6224.491598683866
2935.8261188292468,225.0,-6561.709439428581
2987.7876430563133,225.0,-6339.116157128036
3039.7491672833794,225.0,-2212.845340846384
3091.710691510446,225.0,-2268.5628578637293
3143.672215737512,225.0,-2348.236613712416
3195.6337399645786,225.0,2965.9696839487983
3247.5952641916447,225.0,3010.426666894285
3299.556788418711,225.0,2860.540013025776
3351.5183126457773,225.0,2991.3754823898635
3403.4798368728434,225.0,2940.0294713570174
3455.44136109991,225.0,-2739.6774857079554
3507.402885326976,225.0,115.82334621472774
3559.3644095540426,225.0,-2452.974932015137
3611.3259337811087,225.0,-2768.757477509775
3663.2874580081752,225.0,-2941.1782338620155
3715.2489822352413,225.0,-3011.2410670155346
3767.210506462308,225.0,-3049.0525758825197
3819.172030689374,225.0,-3072.3635920699144
3871.1335549164405,225.0,-3092.4477688906263
3923.0950791435066,225.0,-3111.7223463448545
3975.056603370573,225.0,-3139.956843591106
4027.0181275976392,225.0,-3191.5371124190942
4078.979651824706,225.0,-3329.9467582312677
4130.941176051772,225.0,-3607.0519537311297
4182.902700278838,225.0,-3701.69033422208
4234.8642245059045,225.0,-2046.1897812031093
4286.825748732971,225.0,-1970.0625964503397
4338.787272960038,225.0,-6624.938117406393
4390.748797187103,225.0,-6854.020625548398
4442.71032141417,225.0,-6455.359105235262
4494.671845641236,225.0,-6262.141006929516
4546.633369868303,225.0,-6162.335564503851
4598.5948940953685,225.0,-6081.359671888498
4650.556418322435,225.0,-5998.335782941441
4702.517942549502,225.0,-5907.6833312563285
4754.479466776568,225.0,-5809.162051630376
4806.440991003634,225.0,-5701.275507373954
4858.4025152307,225.0,-5584.84966523458
4910.364039457767,225.0,-5459.240017805714
4962.3255636848335,225.0,-5325.73081190006
5014.287087911899,225.0,-5185.290927743754
5066.248612138966,225.0,-5041.20597698332
5118.210136366032,225.0,-4897.403031837042
5170.171660593098,225.0,-4758.111020711231
5222.133184820164,225.0,-4627.296629898042
5274.094709047231,225.0,-4510.0068885778755
5326.0562332742975,225.0,-4412.389202684674
5378.017757501363,225.0,-4336.110654140388
5429.97928172843,225.0,-4280.097732751248
5481.940805955496,225.0,-4245.131536053666
5533.902330182563,225.0,-4225.800849099325
5585.863854409628,225.0,-4212.766577239319
5637.825378636695,225.0,-4181.50473615553
5689.7869028637615,225.0,-4115.393725032367
5741.748427090828,225.0,-3523.875932433004
5793.709951317894,225.0,-4674.767220577866
5845.67147554496,225.0,-4226.044534130249
5897.632999772027,225.0,-4046.283196385659
5949.594523999093,225.0,-3996.4194238643104
6001.556048226159,225.0,-3700.744964676973
6053.5175724532255,225.0,-3644.100348724109
6105.479096680292,225.0,-3626.324743479463
6157.440620907359,225.0,-3575.7929577114255
6209.402145134424,225.0,-3532.835693063772
6261.363669361491,225.0,-3548.237798016329
6313.325193588557,225.0,-3577.086177163228
6365.286717815624,225.0,-3641.2453062178993
6417.2482420426895,225.0,-3763.101262110717
6469.209766269756,225.0,-3935.3395379522626
6521.171290496823,225.0,-4141.093777295686
6573.132814723889,225.0,-4357.889084890119
6625.094338950955,225.0,-4570.036408647961
6677.055863178021,225.0,-4765.435041549183
6729.017387405088,225.0,-4942.599874929789
6780.9789116321535,225.0,-5099.4624269161695
6832.94043585922,225.0,-5236.744846652777
6884.901960086287,225.0,-5357.30248688229
6936.863484313353,225.0,-5463.594121351831
6988.825008540419,225.0,-5558.726002584766
7040.786532767485,225.0,-5643.078165910463
7092.748056994552,225.0,-5714.790367432421
7144.7095812216185,225.0,-5774.287972089705
7196.671105448684,225.0,-5819.850604096715
7248.632629675751,225.0,-5848.046687290183
7300.594153902817,225.0,-5858.661732744877
7352.555678129884,225.0,-5844.92144518329
7404.517202356949,225.0,-5802.245108911744
7456.478726584016,225.0,-5738.934092498499
7508.4402508110825,225.0,-5705.004620443933
7560.401775038149,225.0,-5971.015639649682
7612.363299265215,225.0,-6907.778749401641
7664.324823492281,225.0,-6640.5495946017745
7716.286347719348,225.0,-2886.076148717157
7768.247871946414,225.0,2893.1070459921402
7820.20939617348,225.0,2917.9104149682216
7872.1709204005465,225.0,2831.612744795998
7924.132444627613,225.0,2753.85149023914
7976.09396885468,225.0,2649.1621755315537
8028.055493081745,225.0,2551.3255370507986
8080.017017308812,225.0,2449.48041693308
8131.978541535878,225.0,2340.9255078104916
8183.940065762945,225.0,2218.1873707340246
8235.901589990011,225.0,2082.4194819749414
8287.863114217078,225.0,1931.9991632870301
8339.824638444143,225.0,1771.0875309073344
8391.78616267121,225.0,1600.8575659857447
8443.747686898276,225.0,1425.6655925472528
8495.709211125342,225.0,1248.355496874924
8547.670735352409,225.0,1078.3168393658084
8599.632259579475,225.0,917.9193706431466
8651.593783806542,225.0,771.8829969627523
8703.555308033607,225.0,640.1947122985289
8755.516832260673,225.0,524.5764820666743
8807.47835648774,225.0,422.259413425974
8859.439880714806,225.0,327.8450547040935
8911.401404941873,225.0,257.71766438495615
8963.36292916894,225.0,222.36662447050026
9015.324453396006,225.0,93.34619611225634
9067.285977623073,225.0,74.33819121031027
9119.247501850137,225.0,60.0353707767275
9171.209026077204,225.0,-256.6429535465298
9223.17055030427,225.0,-173.15171556368574
9275.132074531337,225.0,-250.91791401622186
9327.093598758403,225.0,-229.87275279111077
9379.05512298547,225.0,-160.0667214475757
9431.016647212537,225.0,-59.97690704114078
9482.978171439603,225.0,24.128976364660936
9534.939695666668,225.0,29.58198997452203
9586.901219893734,225.0,47.012801647986606
9638.862744120801,225.0,57.67437631972571
9690.824268347867,225.0,65.91939751768345
9742.785792574934,225.0,78.11703904040368
9794.747316802,225.0,97.43755408677578
9846.708841029067,225.0,128.25697597220557
9898.670365256134,225.0,169.19177986506563
9950.631889483198,225.0,208.37026819468394
10002.593413710265,225.0,210.34738989851698
10054.554937937331,225.0,146.43709619020132
10106.516462164398,225.0,47.35172160611922
10158.477986391465,225.0,-26.96519742045586
10210.439510618531,225.0,-119.93454113488511
10262.401034845598,225.0,-160.58016420672345
10314.362559072662,225.0,-209.32052190696675
10366.324083299729,225.0,-248.85342920115158
0.0,270.0,2777.2008766186295
51.96152422706631,270.0,-2326.905685275199
103.92304845413263,270.0,-6335.8966341944815
155.88457268119893,270.0,-4821.832146738766
207.84609690826525,270.0,-3826.2111370705115
259.80762113533154,270.0,-3223.0993892133747
311.76914536239786,270.0,-2701.41750805405
363.7306695894642,270.0,-2225.874850270219
415.6921938165305,270.0,-1785.7875279128066
467.6537180435968,270.0,-1370.6720242648285
519.6152422706631,270.0,-979.2039673993853
571.5767664977294,270.0,-610.0116231531983
623.5382907247957,270.0,-339.2240334650252
675.499814951862,270.0,167.68884799800986
727.4613391789284,270.0,108.29232379232775
779.4228634059947,270.0,269.45188239413307
831.384387633061,270.0,324.3560101793655
883.3459118601273,270.0,800.7185370837085
935.3074360871937,270.0,1005.8368892851611
987.26896031426,270.0,1181.8725292304096
1039.2304845413262,270.0,1295.2861201856897
1091.1920087683925,270.0,1368.7606552818097
1143.1535329954588,270.0,1410.8790526312746
1195.1150572225251,270.0,1429.9786305906084
1247.0765814495915,270.0,1434.831949829368
1299.0381056766578,270.0,1427.0700305666624
1350.999629903724,270.0,1410.5741876220618
1402.9611541307904,270.0,1386.0291929729456
1454.9226783578567,270.0,1355.4267902277215
1506.884202584923,270.0,1320.4113640788546
1558.8457268119894,270.0,1279.9515648923668
1610.8072510390557,270.0,1233.8754654644563
1662.768775266122,270.0,1181.8428802260914
1714.7302994931883,270.0,1126.3740308629099
1766.6918237202547,270.0,1067.4987548197232
1818.653347947321,270.0,1002.7008337887239
1870.6148721743873,270.0,935.8153096635453
1922.5763964014536,270.0,865.634382311839
1974.53792062852,270.0,792.8999800084514
2026.4994448555863,270.0,718.7444869803187
2078.4609690826524,270.0,646.8824761055394
2130.422493309719,270.0,577.186351051575
2182.384017536785,270.0,507.58320407495853
2234.3455417638515,270.0,440.97621830221374
2286.3070659909176,270.0,379.75597323332886
2338.268590217984,270.0,329.75989662136044
2390.2301144450503,270.0,279.79873170936145
2442.191638672117,270.0,217.1283290106643
2494.153162899183,270.0,252.42938031383954
2546.1146871262495,270.0,221.07974313691156
2598.0762113533156,270.0,-791.6501880322537
2650.037735580382,270.0,-1343.4511172901177
2701.999259807448,270.0,-2184.1227886926
2753.9607840345147,270.0,-2966.365714553034
2805.922308261581,270.0,-3621.184332865075
2857.8838324886474,270.0,-4210.308414720437
2909.8453567157135,270.0,-4776.083456710174
2961.80688094278,270.0,-5102.256736398621
3013.768405169846,270.0,-6151.466684615016
3065.7299293969127,270.0,-6245.811269151324
3117.6914536239788,270.0,-6410.05985243477
3169.6529778510453,270.0,-2394.014171983168
3221.6145020781114,270.0,2869.58412226957
3273.576026305178,270.0,3000.325311255723
3325.537550532244,270.0,2849.356926941554
3377.49907475931,270.0,2969.7091670409923
3429.4605989863767,270.0,-2603.2331291288147
3481.422123213443,270.0,-6164.310775317106
3533.3836474405093,270.0,-3541.3600858189966
3585.3451716675754,270.0,-3143.5677383744633
3637.306695894642,270.0,-3156.421703316031
3689.268220121708,270.0,-3105.912425692319
3741.2297443487746,270.0,-3097.156567062415
3793.1912685758407,270.0,-3099.938665319194
3845.1527928029072,270.0,-3107.767253673147
3897.1143170299733,270.0,-3119.040691631696
3949.07584125704,270.0,-3139.957176255097
4001.037365484106,270.0,-3180.1412211665292
4052.9988897111725,270.0,-3285.203811045789
4104.960413938239,270.0,-3588.078749634146
4156.921938165305,270.0,-3726.7164497833796
4208.883462392371,270.0,-1832.6836623089544
4260.844986619438,270.0,-1806.3923975205767
4312.806510846504,270.0,-6544.63711100514
4364.76803507357,270.0,-6828.141328506542
4416.7295593006365,270.0,-6730.839290982374
4468.691083527703,270.0,-6437.174753972107
4520.65260775477,270.0,-6270.669035367379
4572.614131981835,270.0,-6162.463528273673
4624.575656208902,270.0,-6075.090663499366
4676.537180435968,270.0,-5990.0484513241445
4728.498704663035,270.0,-5900.506697326655
4780.460228890101,270.0,-5804.801485971933
4832.421753117167,270.0,-5701.325107302164
4884.383277344234,270.0,-5589.146163922649
4936.3448015713,270.0,-5468.739108895765
4988.306325798366,270.0,-5343.5791914225065
5040.267850025432,270.0,-5215.309762496372
5092.229374252499,270.0,-5083.99997767105
5144.190898479565,270.0,-4953.369722243984
5196.152422706631,270.0,-4826.261491509898
5248.113946933698,270.0,-4707.1160450879925
5300.075471160764,270.0,-4601.400534351247
5352.03699538783,270.0,-4509.790061747797
5403.998519614896,270.0,-4436.863558653315
5455.960043841963,270.0,-4383.0591326204
5507.9215680690295,270.0,-4342.01037108582
5559.883092296095,270.0,-4309.051189702039
5611.844616523162,270.0,-4271.739260743101
5663.806140750228,270.0,-4204.56695448503
5715.767664977295,270.0,-4122.936142550596
5767.72918920436,270.0,-3567.5320835208904
5819.690713431427,270.0,-4678.30974314807
5871.6522376584935,270.0,-4222.863529028953
5923.61376188556,270.0,-4155.959547551505
5975.575286112626,270.0,-3880.094236366641
6027.536810339692,270.0,-3762.4259847873054
6079.498334566759,270.0,-3693.340627548714
6131.459858793825,270.0,-3654.0564681560672
6183.421383020891,270.0,-3127.77490309403
6235.3829072479575,270.0,-3636.082815001441
6287.344431475024,270.0,-3728.10965800751
6339.305955702091,270.0,-3815.4662522991157
6391.267479929156,270.0,-3919.3900346418095
6443.229004156223,270.0,-4063.139981093433
6495.190528383289,270.0,-4244.896682758115
6547.152052610356,270.0,-4444.867216091132
6599.1135768374215,270.0,-4647.768118796874
6651.075101064488,270.0,-4838.953308213137
6703.036625291555,270.0,-5013.0395997941505
6754.99814951862,270.0,-5166.362892786753
6806.959673745687,270.0,-5301.823161620345
6858.921197972753,270.0,-5420.391952185288
6910.88272219982,270.0,-5524.880423064327
6962.844246426886,270.0,-5620.913904580339
7014.805770653952,270.0,-5710.516187487374
7066.767294881019,270.0,-5791.5108633192785
7118.728819108085,270.0,-5862.806805606666
7170.690343335151,270.0,-5924.1208956755145
7222.651867562217,270.0,-5974.22124326367
7274.613391789284,270.0,-6016.12074121972
7326.5749160163505,270.0,-6040.177878121167
7378.536440243416,270.0,-6032.844624978533
7430.497964470483,270.0,-5983.578442498838
7482.459488697549,270.0,-5906.101091466016
7534.421012924616,270.0,-5854.124478967531
7586.382537151681,270.0,-5951.978601291756
7638.344061378748,270.0,-5974.646040229532
7690.3055856058145,270.0,-6489.742088356064
7742.267109832881,270.0,-2940.8745477255843
7794.228634059947,270.0,3035.0061887682305
7846.190158287013,270.0,3074.607432262865
7898.15168251408,270.0,2812.0214695981567
7950.113206741146,270.0,2718.8279260158915
8002.074730968212,270.0,2626.127110056222
8054.0362551952785,270.0,2537.8789170818427
8105.997779422345,270.0,2441.197894732358
8157.959303649412,270.0,2327.9958376904137
8209.920827876478,270.0,2199.24486605794
8261.882352103545,270.0,2051.0894666148774
8313.84387633061,270.0,1887.2734970476731
8365.805400557676,270.0,1709.3316022835547
8417.766924784743,270.0,1521.0916469450708
8469.728449011809,270.0,1327.6496670102447
8521.689973238876,270.0,1138.2515238981005
8573.651497465942,270.0,956.8318180511158
8625.613021693009,270.0,791.2849518396866
8677.574545920073,270.0,641.6741078240391
8729.53607014714,270.0,510.2379497487884
8781.497594374207,270.0,397.6540691880667
8833.459118601273,270.0,300.7549364645869
8885.42064282834,270.0,231.55104289667986
8937.382167055406,270.0,65.39359828273817
8989.343691282473,270.0,43.532556767782296
9041.30521550954,270.0,104.46728134271129
9093.266739736604,270.0,-187.30214116497268
9145.22826396367,270.0,-228.46327700789317
9197.189788190737,270.0,-188.75337926013742
9249.151312417804,270.0,-151.6472982338093
9301.11283664487,270.0,-201.95462548429435
9353.074360871937,270.0,-185.0441937432613
9405.035885099003,270.0,-201.5710429711995
9456.99740932607,270.0,-127.18564903464141
9508.958933553135,270.0,-53.107338124895136
9560.920457780201,270.0,-37.67019483251504
9612.881982007268,270.0,-15.293201444902632
9664.843506234334,270.0,1.710632288628359
9716.8050304614,270.0,18.37215976245378
9768.766554688467,270.0,39.00884307313648
9820.728078915534,270.0,72.79824957033182
9872.6896031426,270.0,128.97702202755997
9924.651127369665,270.0,215.43282888955656
9976.612651596732,270.0,303.7228575936898
10028.574175823798,270.0,268.0955227214044
10080.535700050865,270.0,128.04448042215196
10132.497224277931,270.0,-164.9909462669732
10184.458748504998,270.0,-187.16122793430253
10236.420272732064,270.0,-169.5455453620793
10288.38179695913,270.0,-182.98822768686193
10340.343321186196,270.0,-216.42474033693674
25.980762113533157,315.0,2729.119298509798
77.94228634059947,315.0,-2174.7084985373695
129.90381056766577,315.0,-6151.042336005701
181.8653347947321,315.0,-4115.912166654585
233.8268590217984,315.0,-3390.2885241173594
285.7883832488647,315.0,-2899.2575539491686
337.749907475931,315.0,-2474.018887889197
389.71143170299734,315.0,-2074.1811423240215
441.67295593006367,315.0,-1686.5619713597025
493.63448015713,315.0,-1303.2923511433532
545.5960043841962,315.0,-921.1004666927938
597.5575286112626,315.0,-543.30823658706
649.5190528383289,315.0,-300.4570619054054
701.4805770653952,315.0,205.07540994532587
753.4421012924615,315.0,170.38576449984794
805.4036255195278,315.0,254.46139344623643
857.3651497465942,315.0,523.4800410732132
909.3266739736605,315.0,1107.4412295025961
961.2881982007268,315.0,1264.288693146486
1013.2497224277931,315.0,1390.433584073457
1065.2112466548592,315.0,1463.4419349718064
1117.1727708819255,315.0,1500.501158932445
1169.1342951089919,315.0,1513.0626529270553
1221.0958193360582,315.0,1508.7964356053512
1273.0573435631245,315.0,1494.949319659473
1325.0188677901908,315.0,1473.6844048999033
1376.9803920172571,315.0,1447.9481879844843
1428.9419162443235,315.0,1416.7815441106377
1480.9034404713898,315.0,1381.4208891369988
1532.864964698456,315.0,1340.9456877533607
1584.8264889255224,315.0,1294.6369688826007
1636.7880131525887,315.0,1241.2430235812737
1688.749537379655,315.0,1183.0904148991817
1740.7110616067214,315.0,1121.119645648448
1792.6725858337877,315.0,1056.1846707744367
1844.634110060854,315.0,986.3435929492114
1896.5956342879203,315.0,914.947028021553
1948.5571585149867,315.0,841.5443513559896
2000.518682742053,315.0,766.1013627252153
2052.4802069691195,315.0,690.5937427844456
2104.4417311961856,315.0,616.0681895202138
2156.403255423252,315.0,546.0118002469679
2208.3647796503183,315.0,477.6869247688826
2260.326303877385,315.0,412.4778978782987
2312.287828104451,315.0,357.2014253694625
2364.2493523315175,315.0,323.7510132494291
2416.2108765585835,315.0,237.0641210489959
2468.17240078565,315.0,308.8269029965776
2520.133925012716,315.0,195.3556028860231
2572.0954492397827,315.0,184.18351821827605
2624.056973466849,315.0,-881.4111066793985
2676.0184976939154,315.0,-1550.6640667149727
2727.9800219209815,315.0,-2255.349116398699
2779.941546148048,315.0,-2879.9877973159464
2831.903070375114,315.0,-3408.8055835571977
2883.8645946021807,315.0,-3834.6075299087834
2935.8261188292468,315.0,-4164.5522170937675
2987.7876430563133,315.0,-4563.682429110466
3039.7491672833794,315.0,-4883.372327797453
3091.710691510446,315.0,-5235.413214403587
3143.672215737512,315.0,-6719.811344182353
3195.6337399645786,315.0,-2485.311006606975
3247.5952641916447,315.0,-2312.8991777388496
3299.556788418711,315.0,3005.009866249138
3351.5183126457773,315.0,3016.6030008755715
3403.4798368728434,315.0,-2467.3204441184253
3455.44136109991,315.0,-6168.692813433561
3507.402885326976,315.0,-3576.8486014343866
3559.3644095540426,315.0,-3607.3368412773298
3611.3259337811087,315.0,-3579.0268791436865
3663.2874580081752,315.0,-3303.347114982481
3715.2489822352413,315.0,-3190.260560105279
3767.210506462308,315.0,-3155.307492305867
3819.172030689374,315.0,-3138.8099886502005
3871.1335549164405,315.0,-3136.734733327151
3923.0950791435066,315.0,-3146.187869540159
3975.056603370573,315.0,-3173.263923101442
4027.0181275976392,315.0,-3228.934021621195
4078.979651824706,315.0,-3385.2692642021498
4130.941176051772,315.0,-3656.0437879365486
4182.902700278838,315.0,-3697.134920663059
4234.8642245059045,315.0,-1882.7459973494888
4286.825748732971,315.0,-1828.2294734735506
4338.787272960038,315.0,-7296.1331183712
4390.748797187103,315.0,-7456.068832218716
4442.71032141417,315.0,-6684.21473726943
4494.671845641236,315.0,-6388.789536639852
4546.633369868303,315.0,-6250.33004541035
4598.5948940953685,315.0,-6155.71214658643
4650.556418322435,315.0,-6073.497363275611
4702.517942549502,315.0,-5991.271573645872
4754.479466776568,315.0,-5903.5627662769675
4806.440991003634,315.0,-5812.2346678087815
4858.4025152307,315.0,-5713.969039018427
4910.364039457767,315.0,-5608.522669362139
4962.3255636848335,315.0,-5496.0441822069315
5014.287087911899,315.0,-5379.1680411994075
5066.248612138966,315.0,-5260.952688431383
5118.210136366032,315.0,-5140.992393681137
5170.171660593098,315.0,-5023.030888229476
5222.133184820164,315.0,-4907.542603983111
5274.094709047231,315.0,-4800.226416107989
5326.0562332742975,315.0,-4704.736927890333
5378.017757501363,315.0,-4620.5244953643005
5429.97928172843,315.0,-4550.839556551069
5481.940805955496,315.0,-4493.868710631526
5533.902330182563,315.0,-4445.140328196108
5585.863854409628,315.0,-4398.361746827291
5637.825378636695,315.0,-4340.820022927883
5689.7869028637615,315.0,-4256.570661221544
5741.748427090828,315.0,-4178.829090740639
5793.709951317894,315.0,-3617.5319955885843
5845.67147554496,315.0,-4232.204044491307
5897.632999772027,315.0,-4245.552506535624
5949.594523999093,315.0,-4214.75128929536
6001.556048226159,315.0,-4158.81091625314
6053.5175724532255,315.0,-3907.2318903481228
6105.479096680292,315.0,-4023.2378407298047
6157.440620907359,315.0,-4390.059090391313
6209.402145134424,315.0,-3129.0309219710593
6261.363669361491,315.0,-3767.5203196489383
6313.325193588557,315.0,-3862.083050283126
6365.286717815624,315.0,-3955.295831181435
6417.2482420426895,315.0,-4094.960142977404
6469.209766269756,315.0,-4286.644666241937
6521.171290496823,315.0,-4501.294229567036
6573.132814723889,315.0,-4717.668863813011
6625.094338950955,315.0,-4919.13641222976
6677.055863178021,315.0,-5097.773410253534
6729.017387405088,315.0,-5252.153359329748
6780.9789116321535,315.0,-5382.716357561022
6832.94043585922,315.0,-5496.641855294232
6884.901960086287,315.0,-5597.639668199994
6936.863484313353,315.0,-5689.179411998744
6988.825008540419,315.0,-5776.463636602495
7040.786532767485,315.0,-5862.82082888144
7092.748056994552,315.0,-5944.829287620982
7144.7095812216185,315.0,-6022.427588623756
7196.671105448684,315.0,-6090.155208915701
7248.632629675751,315.0,-6149.9883184606215
7300.594153902817,315.0,-6236.439019864583
7352.555678129884,315.0,-6277.630485665679
7404.517202356949,315.0,-6299.21310608384
7456.478726584016,315.0,-6160.637862034916
7508.4402508110825,315.0,-6045.174063213051
7560.401775038149,315.0,-6019.030515404953
7612.363299265215,315.0,-5834.418436084801
7664.324823492281,315.0,-5818.542757520912
7716.286347719348,315.0,-6291.134050795703
7768.247871946414,315.0,-3000.55918197229
7820.20939617348,315.0,2966.289035717552
7872.1709204005465,315.0,2869.9106184279
7924.132444627613,315.0,2745.5870094624856
7976.09396885468,315.0,2684.079856575298
8028.055493081745,315.0,2618.9348825449974
8080.017017308812,315.0,2542.9954266275136
8131.978541535878,315.0,2446.367210413505
8183.940065762945,315.0,2326.3329318071233
8235.901589990011,315.0,2185.842713410462
8287.863114217078,315.0,2022.2917277270803
8339.824638444143,315.0,1837.134630566849
8391.78616267121,315.0,1636.8293358269389
8443.747686898276,315.0,1426.9386798279756
8495.709211125342,315.0,1214.3105972625513
8547.670735352409,315.0,1008.979056926087
8599.632259579475,315.0,817.9642714118202
8651.593783806542,315.0,647.4241934146152
8703.555308033607,315.0,500.94293723516904
8755.516832260673,315.0,376.365399705429
8807.47835648774,315.0,286.710258920951
8859.439880714806,315.0,226.54524999829624
8911.401404941873,315.0,86.4229671362389
8963.36292916894,315.0,13.873452449828427
9015.324453396006,315.0,101.56325357467169
9067.285977623073,315.0,-235.17053329281265
9119.247501850137,315.0,-163.8586118078033
9171.209026077204,315.0,-253.65400433823902
9223.17055030427,315.0,-181.78354874519755
9275.132074531337,315.0,-198.84026888293133
9327.093598758403,315.0,-222.45848275241445
9379.05512298547,315.0,-182.56564994355017
9431.016647212537,315.0,-191.41436141441474
9482.978171439603,315.0,-186.48613749255819
9534.939695666668,315.0,-89.50630051477394
9586.901219893734,315.0,-81.391504539962
9638.862744120801,315.0,-63.75909002265294
9690.824268347867,315.0,-46.42616992585672
9742.785792574934,315.0,-28.648432513402526
9794.747316802,315.0,-2.8099439417505216
9846.708841029067,315.0,45.128813751083904
9898.670365256134,315.0,140.18061831314063
9950.631889483198,315.0,328.8160458029739
10002.593413710265,315.0,475.6483649143494
10054.554937937331,315.0,-8.198100514072465
10106.516462164398,315.0,-203.16683899956683
10158.477986391465,315.0,-255.7448758925791
10210.439510618531,315.0,-167.31523072788792
10262.401034845598,315.0,240.75160851899415
10314.362559072662,315.0,168.33026592806993
10366.324083299729,315.0,176.8957101470064
0.0,360.0,2613.5237848993506
51.96152422706631,360.0,-2150.3569280570327
103.92304845413263,360.0,-6148.996225328285
155.88457268119893,360.0,-4297.739262261558
207.84609690826525,360.0,-3467.0549827474465
259.80762113533154,360.0,-3017.3003265203192
311.76914536239786,360.0,-2652.435667787984
363.7306695894642,360.0,-2309.347231565358
415.6921938165305,360.0,-1966.4798846709784
467.6537180435968,360.0,-1610.8331522281617
519.6152422706631,360.0,-1232.323176489428
571.5767664977294,360.0,-814.2016127470793
623.5382907247957,360.0,-457.6084540608042
675.499814951862,360.0,213.16720360411932
727.4613391789284,360.0,213.63216984642708
779.4228634059947,360.0,3138.4419907726824
831.384387633061,360.0,2599.8913630671755
883.3459118601273,360.0,1441.8922031362022
935.3074360871937,360.0,1458.8307932300004
987.26896031426,360.0,1546.2021688920886
1039.2304845413262,360.0,1604.5554967574553
1091.1920087683925,360.0,1624.7240298560664
1143.1535329954588,360.0,1619.9738078446994
1195.1150572225251,360.0,1600.223528353999
1247.0765814495915,360.0,1572.6480688932588
1299.0381056766578,360.0,1543.6891287018825
1350.999629903724,360.0,1513.2854721655954
1402.9611541307904,360.0,1480.8687185604545
1454.9226783578567,360.0,1446.2975702278968
1506.884202584923,360.0,1406.9868280959713
1558.8457268119894,360.0,1360.8014445954896
1610.8072510390557,360.0,1306.1975331860237
1662.768775266122,360.0,1246.6051491103312
1714.7302994931883,360.0,1182.1233883184377
1766.6918237202547,360.0,1113.7182243056398
1818.653347947321,360.0,1041.6052200847257
1870.6148721743873,360.0,966.6074008739564
1922.5763964014536,360.0,890.9497555830443
1974.53792062852,360.0,814.5320731083648
2026.4994448555863,360.0,738.0748929508932
2078.4609690826524,360.0,661.8678237410791
2130.422493309719,360.0,588.9141770278848
2182.384017536785,360.0,516.9230968373784
2234.3455417638515,360.0,447.81175963852985
2286.3070659909176,360.0,386.3967663807799
2338.268590217984,360.0,342.6571682044993
2390.2301144450503,360.0,288.3032679490283
2442.191638672117,360.0,299.18880946828307
2494.153162899183,360.0,254.70292601444964
2546.1146871262495,360.0,206.120818132152
2598.0762113533156,360.0,-602.0310463886053
2650.037735580382,360.0,-1094.1160895497092
2701.999259807448,360.0,-1715.5084717572606
2753.9607840345147,360.0,-2296.8222703854417
2805.922308261581,360.0,-2814.6407573389047
2857.8838324886474,360.0,-3256.8214433438325
2909.8453567157135,360.0,-3623.9090255144847
2961.80688094278,360.0,-3937.0901371006175
3013.768405169846,360.0,-4206.129249510572
3065.7299293969127,360.0,-4478.4720394790065
3117.6914536239788,360.0,-5145.672242390287
3169.6529778510453,360.0,-6635.607304257497
3221.6145020781114,360.0,-6225.717033714796
3273.576026305178,360.0,-2251.8360723681685
3325.537550532244,360.0,-2351.1765794385856
3377.49907475931,360.0,-3313.816725162497
3429.4605989863767,360.0,-3279.1632402103387
3481.422123213443,360.0,-3165.658763565032
3533.3836474405093,360.0,-3090.1692896744644
3585.3451716675754,360.0,-3667.13398527186
3637.306695894642,360.0,-3539.711539773095
3689.268220121708,360.0,-3367.405189726755
3741.2297443487746,360.0,-3265.557575803441
3793.1912685758407,360.0,-3195.539742788709
3845.1527928029072,360.0,-3166.3609963585486
3897.1143170299733,360.0,-3160.7030491218256
3949.07584125704,360.0,-3177.6397398663257
4001.037365484106,360.0,-3223.0015595830237
4052.9988897111725,360.0,-3353.844216755214
4104.960413938239,360.0,-3593.2433189644344
4156.921938165305,360.0,-3689.092693068197
4208.883462392371,360.0,-2868.7803447180645
4260.844986619438,360.0,-3502.0679550542322
4312.806510846504,360.0,-5127.156760322454
4364.76803507357,360.0,-7578.817168401666
4416.7295593006365,360.0,-6781.334857760876
4468.691083527703,360.0,-6491.470133336341
4520.65260775477,360.0,-6358.069058761621
4572.614131981835,360.0,-6263.490601364358
4624.575656208902,360.0,-6180.252750937654
4676.537180435968,360.0,-6100.923135611694
4728.498704663035,360.0,-6018.815547397457
4780.460228890101,360.0,-5936.057394478106
4832.421753117167,360.0,-5847.662681523523
4884.383277344234,360.0,-5752.478174294429
4936.3448015713,360.0,-5652.084824500701
4988.306325798366,360.0,-5547.008839694892
5040.267850025432,360.0,-5439.93757823498
5092.229374252499,360.0,-5331.356836621806
5144.190898479565,360.0,-5222.277906546858
5196.152422706631,360.0,-5114.050910966336
5248.113946933698,360.0,-5009.724901821117
5300.075471160764,360.0,-4912.956731315937
5352.03699538783,360.0,-4823.389274524312
5403.998519614896,360.0,-4743.565850483992
5455.960043841963,360.0,-4675.1319102669895
5507.9215680690295,360.0,-4616.132617594575
5559.883092296095,360.0,-4560.756967039293
5611.844616523162,360.0,-4502.929420178347
5663.806140750228,360.0,-4436.797677616136
5715.767664977295,360.0,-4354.591996979856
5767.72918920436,360.0,-4297.27123130477
5819.690713431427,360.0,-4311.0706904174
5871.6522376584935,360.0,-4329.505800921395
5923.61376188556,360.0,-4277.733067185262
5975.575286112626,360.0,-4284.96554051061
6027.536810339692,360.0,-4245.624275980024
6079.498334566759,360.0,-4172.290456961863
6131.459858793825,360.0,-4021.320306103078
6183.421383020891,360.0,-4391.575313345109
6235.3829072479575,360.0,-3890.684888640522
6287.344431475024,360.0,-3871.29005847922
6339.305955702091,360.0,-3916.879792145758
6391.267479929156,360.0,-4016.44709418864
6443.229004156223,360.0,-4230.965689249353
6495.190528383289,360.0,-4505.06704069563
6547.152052610356,360.0,-4766.716307110448
6599.1135768374215,360.0,-5000.243834172288
6651.075101064488,360.0,-5196.750885961688
6703.036625291555,360.0,-5356.110471373316
6754.99814951862,360.0,-5483.1014474234535
6806.959673745687,360.0,-5588.839687137898
6858.921197972753,360.0,-5680.12016101927
6910.88272219982,360.0,-5764.278779641079
6962.844246426886,360.0,-5844.679540058777
7014.805770653952,360.0,-5926.281830893186
7066.767294881019,360.0,-6010.784069210089
7118.728819108085,360.0,-6097.394436031086
7170.690343335151,360.0,-6190.487524468328
7222.651867562217,360.0,-6291.570136760825
7274.613391789284,360.0,-6363.799723385723
7326.5749160163505,360.0,-6512.542942275475
7378.536440243416,360.0,-6483.592233830042
7430.497964470483,360.0,-6672.805461862072
7482.459488697549,360.0,-6291.03170501233
7534.421012924616,360.0,-6550.306731944696
7586.382537151681,360.0,-6217.569215587753
7638.344061378748,360.0,-5881.636212585938
7690.3055856058145,360.0,-5860.253397778097
7742.267109832881,360.0,-6224.792384798392
7794.228634059947,360.0,-3029.799618192273
7846.190158287013,360.0,2588.0481967999713
7898.15168251408,360.0,2669.6197604161935
7950.113206741146,360.0,2708.629373056205
8002.074730968212,360.0,2685.4721076487804
8054.0362551952785,360.0,2643.9016289503093
8105.997779422345,360.0,2568.213978784209
8157.959303649412,360.0,2464.2439905943147
8209.920827876478,360.0,2334.201041778083
8261.882352103545,360.0,2176.236605921104
8313.84387633061,360.0,1989.4996528609558
8365.805400557676,360.0,1778.6327346300543
8417.766924784743,360.0,1551.1335951126457
8469.728449011809,360.0,1314.0592032957402
8521.689973238876,360.0,1079.7408322888764
8573.651497465942,360.0,859.39055970087
8625.613021693009,360.0,660.2794721995812
8677.574545920073,360.0,489.18359339662527
8729.53607014714,360.0,351.652840880422
8781.497594374207,360.0,270.1971043156192
8833.459118601273,360.0,157.1607199027792
8885.42064282834,360.0,122.16556650746298
8937.382167055406,360.0,73.64283394412321
8989.343691282473,360.0,-203.4100332807537
9041.30521550954,360.0,-304.30685019177736
9093.266739736604,360.0,-227.35275223663734
9145.22826396367,360.0,-477.5563733585801
9197.189788190737,360.0,-490.83572123072383
9249.151312417804,360.0,-475.8471754644587
9301.11283664487,360.0,-238.92991403923043
9353.074360871937,360.0,-205.85059411966685
9405.035885099003,360.0,-149.8798571375599
9456.99740932607,360.0,-91.82249658245438
9508.958933553135,360.0,-112.85164291326787
9560.920457780201,360.0,-187.69911338592186
9612.881982007268,360.0,-104.3180386297559
9664.843506234334,360.0,-91.76113347055076
9716.8050304614,360.0,-81.46968150982886
9768.766554688467,360.0,-66.03836430207829
9820.728078915534,360.0,-38.74564264684821
9872.6896031426,360.0,20.529407309249716
9924.651127369665,360.0,182.7139096148432
9976.612651596732,360.0,450.70881564500894
10028.574175823798,360.0,2149.284802866408
10080.535700050865,360.0,2743.314128731944
10132.497224277931,360.0,-223.5249249928169
10184.458748504998,360.0,191.74342758763788
10236.420272732064,360.0,235.12599622816174
10288.38179695913,360.0,185.58123634512094
10340.343321186196,360.0,149.28961638292313
25.980762113533157,405.0,156.46256545002024
77.94228634059947,405.0,-6165.678546749803
129.90381056766577,405.0,-4002.4163172697263
181.8653347947321,405.0,-3354.8213560670556
233.8268590217984,405.0,-3034.9313573951003
285.7883832488647,405.0,-2759.1173175393333
337.749907475931,405.0,-2488.263215133909
389.71143170299734,405.0,-2208.517848117087
441.67295593006367,405.0,-1907.2869467106561
493.63448015713,405.0,-1569.492515289713
545.5960043841962,405.0,-1168.1277382678993
597.5575286112626,405.0,-729.9098630731582
649.5190528383289,405.0,173.87580268931737
701.4805770653952,405.0,170.88139268717595
753.4421012924615,405.0,306.3159987694341
805.4036255195278,405.0,475.51684450104193
857.3651497465942,405.0,1531.793725801979
909.3266739736605,405.0,1709.916368088654
961.2881982007268,405.0,1802.660420594913
1013.2497224277931,405.0,1819.379178486403
1065.2112466548592,405.0,1802.880928948457
1117.1727708819255,405.0,1765.695753650854
1169.1342951089919,405.0,1717.9440194841463
1221.0958193360582,405.0,1667.152872795859
1273.0573435631245,405.0,1618.3474654829965
1325.0188677901908,405.0,1578.6430928858144
1376.9803920172571,405.0,1544.1554950416253
1428.9419162443235,405.0,1509.4140164235218
1480.9034404713898,405.0,1473.1099056141634
1532.864964698456,405.0,1429.8169923311475
1584.8264889255224,405.0,1376.9062286283088
1636.7880131525887,405.0,1315.676435851575
1688.749537379655,405.0,1247.1537856306463
1740.7110616067214,405.0,1174.7153812927877
1792.6725858337877,405.0,1099.451142783278
1844.634110060854,405.0,1024.3772071130988
1896.5956342879203,405.0,945.589219094682
1948.5571585149867,405.0,867.0526158364178
2000.518682742053,405.0,789.7676417009745
2052.4802069691195,405.0,712.0028762873394
2104.4417311961856,405.0,635.37331648694
2156.403255423252,405.0,561.0781688771372
2208.3647796503183,405.0,487.7821979212089
2260.326303877385,405.0,417.96487057570107
2312.287828104451,405.0,359.11319332724634
2364.2493523315175,405.0,305.58003513472806
2416.2108765585835,405.0,249.37118132885257
2468.17240078565,405.0,310.45619100146143
2520.133925012716,405.0,239.45076024899686
2572.0954492397827,405.0,-427.82718199405656
2624.056973466849,405.0,-763.8547142105872
2676.0184976939154,405.0,-1295.5515446280913
2727.9800219209815,405.0,-1823.5155517912522
2779.941546148048,405.0,-2322.375878162685
2831.903070375114,405.0,-2771.966317953951
2883.8645946021807,405.0,-3165.72714705095
2935.8261188292468,405.0,-3504.118346634895
2987.7876430563133,405.0,-3798.478311875726
3039.7491672833794,405.0,-4070.755375837074
3091.710691510446,405.0,-4379.603054795768
3143.672215737512,405.0,-4832.364080208377
3195.6337399645786,405.0,-5154.465934928714
3247.5952641916447,405.0,-5942.888886519708
3299.556788418711,405.0,-5913.927809111796
3351.5183126457773,405.0,-5981.18225504837
3403.4798368728434,405.0,-3865.21802000744
3455.44136109991,405.0,-3301.8118983625413
3507.402885326976,405.0,-2919.699909198065
3559.3644095540426,405.0,-1380.052747562574
3611.3259337811087,405.0,-3752.1042902654094
3663.2874580081752,405.0,-3726.9019507118364
3715.2489822352413,405.0,-3547.276198082901
3767.210506462308,405.0,-3342.9546991066354
3819.172030689374,405.0,-3212.0021945067783
3871.1335549164405,405.0,-3181.063613352642
3923.0950791435066,405.0,-3181.8968032119415
3975.056603370573,405.0,-3216.2785812639668
4027.0181275976392,405.0,-3347.472502562523
4078.979651824706,405.0,-3650.630702504207
4130.941176051772,405.0,-3685.2872238940495
4182.902700278838,405.0,-1980.75397129402
4234.8642245059045,405.0,-3271.254892576927
4286.825748732971,405.0,-4867.37666237065
4338.787272960038,405.0,-5743.185741869565
4390.748797187103,405.0,-6621.379695746795
4442.71032141417,405.0,-6534.67586429273
4494.671845641236,405.0,-6465.159020511105
4546.633369868303,405.0,-6382.4155819761
4598.5948940953685,405.0,-6302.119084333679
4650.556418322435,405.0,-6222.03202060144
4702.517942549502,405.0,-6143.033644398844
4754.479466776568,405.0,-6062.10158371836
4806.440991003634,405.0,-5981.370618402954
4858.4025152307,405.0,-5897.240989067532
4910.364039457767,405.0,-5806.475785823053
4962.3255636848335,405.0,-5711.906036402323
5014.287087911899,405.0,-5614.517364116186
5066.248612138966,405.0,-5514.6632921101955
5118.210136366032,405.0,-5413.651511005861
5170.171660593098,405.0,-5313.014344307791
5222.133184820164,405.0,-5215.053300668913
5274.094709047231,405.0,-5120.923768286602
5326.0562332742975,405.0,-5031.26369795001
5378.017757501363,405.0,-4947.26395582451
5429.97928172843,405.0,-4869.875555873939
5481.940805955496,405.0,-4802.726194996616
5533.902330182563,405.0,-4739.48837454932
5585.863854409628,405.0,-4679.4507167357715
5637.825378636695,405.0,-4616.355781486211
5689.7869028637615,405.0,-4551.516418695044
5741.748427090828,405.0,-4488.446615113242
5793.709951317894,405.0,-4444.62039446714
5845.67147554496,405.0,-4424.177604910974
5897.632999772027,405.0,-4402.980050238049
5949.594523999093,405.0,-4361.191834182577
6001.556048226159,405.0,-4301.197927463871
6053.5175724532255,405.0,-4603.950486200303
6105.479096680292,405.0,-4246.743145036386
6157.440620907359,405.0,-4062.7680063281678
6209.402145134424,405.0,-4051.3128863454594
6261.363669361491,405.0,-3986.00506993808
6313.325193588557,405.0,-3957.261513249953
6365.286717815624,405.0,-3212.2326621960847
6417.2482420426895,405.0,-4120.842307351405
6469.209766269756,405.0,-4424.079207677558
6521.171290496823,405.0,-4782.748931409478
6573.132814723889,405.0,-5083.2688766051115
6625.094338950955,405.0,-5318.64030805381
6677.055863178021,405.0,-5491.699850378669
6729.017387405088,405.0,-5619.035481090967
6780.9789116321535,405.0,-5712.190438863542
6832.94043585922,405.0,-5786.272903368255
6884.901960086287,405.0,-5853.603561029141
6936.863484313353,405.0,-5923.576970412882
6988.825008540419,405.0,-5991.8170273421965
7040.786532767485,405.0,-6063.998663911332
7092.748056994552,405.0,-6145.281077541531
7144.7095812216185,405.0,-6249.021687154883
7196.671105448684,405.0,-6450.648005330726
7248.632629675751,405.0,-6542.581380728545
7300.594153902817,405.0,-6408.70333496081
7352.555678129884,405.0,-6272.529174026082
7404.517202356949,405.0,-6352.597498036883
7456.478726584016,405.0,-6836.1557668776495
7508.4402508110825,405.0,-6816.991982930734
7560.401775038149,405.0,-6887.281298017186
7612.363299265215,405.0,-6406.688635990604
7664.324823492281,405.0,-6066.65474558981
7716.286347719348,405.0,-6207.094212734801
7768.247871946414,405.0,-6415.843847386892
7820.20939617348,405.0,-2940.6876072638433
7872.1709204005465,405.0,2674.5680286906227
7924.132444627613,405.0,2771.438310602094
7976.09396885468,405.0,2771.960605967486
8028.055493081745,405.0,2710.619752257563
8080.017017308812,405.0,2683.5619297979874
8131.978541535878,405.0,2615.8348875234433
8183.940065762945,405.0,2503.9414422403
8235.901589990011,405.0,2350.2416753902685
8287.863114217078,405.0,2165.453622475857
8339.824638444143,405.0,1950.680028327532
8391.78616267121,405.0,1706.580962141421
8443.747686898276,405.0,1443.9417959204193
8495.709211125342,405.0,1174.3616231326982
8547.670735352409,405.0,915.9231470473692
8599.632259579475,405.0,681.8905660196747
8651.593783806542,405.0,475.06823742067337
8703.555308033607,405.0,326.6731146048926
8755.516832260673,405.0,250.60439480011058
8807.47835648774,405.0,104.87883267692033
8859.439880714806,405.0,27.764788696519176
8911.401404941873,405.0,43.9503777431799
8963.36292916894,405.0,-221.95087008907444
9015.324453396006,405.0,-225.94259220118073
9067.285977623073,405.0,-210.2684693606419
9119.247501850137,405.0,-537.6340316334026
9171.209026077204,405.0,-584.695907266558
9223.17055030427,405.0,-583.0413462861172
9275.132074531337,405.0,-530.3413244972772
9327.093598758403,405.0,-225.2212514222424
9379.05512298547,405.0,-210.91003795800307
9431.016647212537,405.0,-198.01817212862926
9482.978171439603,405.0,-100.03156066373583
9534.939695666668,405.0,-191.14263206038066
9586.901219893734,405.0,-199.68248959441172
9638.862744120801,405.0,-128.48749716612053
9690.824268347867,405.0,-167.7599780670255
9742.785792574934,405.0,-153.92196613393605
9794.747316802,405.0,-146.0079493631353
9846.708841029067,405.0,-176.46753537173487
9898.670365256134,405.0,-157.61880443193263
9950.631889483198,405.0,-115.69176967899
10002.593413710265,405.0,-145.0862712889441
10054.554937937331,405.0,2832.8731562104595
10106.516462164398,405.0,-2691.4623288470975
10158.477986391465,405.0,139.9337706188483
10210.439510618531,405.0,187.48002800507152
10262.401034845598,405.0,216.76848233955303
10314.362559072662,405.0,233.86071591115606
10366.324083299729,405.0,182.0467734544262
0.0,450.0,162.7951383721914
51.96152422706631,450.0,154.4169389490935
103.92304845413263,450.0,-3177.3464162354376
155.88457268119893,450.0,-3047.980052728525
207.84609690826525,450.0,-2963.3524443819088
259.80762113533154,450.0,-2806.0740905192824
311.76914536239786,450.0,-2617.7270401190467
363.7306695894642,450.0,-2409.0407241221556
415.6921938165305,450.0,-2177.582263442139
467.6537180435968,450.0,-1912.4935429031648
519.6152422706631,450.0,-1595.230006679632
571.5767664977294,450.0,-1187.724252988758
623.5382907247957,450.0,-825.6288982903435
675.499814951862,450.0,162.33104320363384
727.4613391789284,450.0,187.52747373712197
779.4228634059947,450.0,296.26388799092854
831.384387633061,450.0,424.4322924342245
883.3459118601273,450.0,2678.4315535277756
935.3074360871937,450.0,2042.4710360112572
987.26896031426,450.0,2102.8625020202016
1039.2304845413262,450.0,2056.973835364701
1091.1920087683925,450.0,1962.8784743668152
1143.1535329954588,450.0,1870.0721678738773
1195.1150572225251,450.0,1780.6674432118093
1247.0765814495915,450.0,1702.7763722441737
1299.0381056766578,450.0,1644.7257298206532
1350.999629903724,450.0,1603.7462879863351
1402.9611541307904,450.0,1571.0779473902712
1454.9226783578567,450.0,1541.0514644188606
1506.884202584923,450.0,1503.4698313385843
1558.8457268119894,450.0,1453.7144954852406
1610.8072510390557,450.0,1392.6527374205757
1662.768775266122,450.0,1319.7518141719756
1714.7302994931883,450.0,1242.0620084566508
1766.6918237202547,450.0,1162.0959126561997
1818.653347947321,450.0,1082.008150923787
1870.6148721743873,450.0,1001.2613799999602
1922.5763964014536,450.0,921.2140201542068
1974.53792062852,450.0,843.9486046113088
2026.4994448555863,450.0,765.4401325096643
2078.4609690826524,450.0,687.4940665666165
2130.422493309719,450.0,611.744204179593
2182.384017536785,450.0,535.6699637548866
2234.3455417638515,450.0,459.12624967535186
2286.3070659909176,450.0,385.83079496639937
2338.268590217984,450.0,340.5517065094839
2390.2301144450503,450.0,225.15956611679053
2442.191638672117,450.0,221.79348340290028
2494.153162899183,450.0,292.75341895130083
2546.1146871262495,450.0,199.69396616023232
2598.0762113533156,450.0,-510.82898412838915
2650.037735580382,450.0,-942.0188923119258
2701.999259807448,450.0,-1425.51269177269
2753.9607840345147,450.0,-1900.6609345899128
2805.922308261581,450.0,-2349.57110008989
2857.8838324886474,450.0,-2761.1950947707596
2909.8453567157135,450.0,-3126.8111978901316
2961.80688094278,450.0,-3448.1036680571806
3013.768405169846,450.0,-3735.978334776897
3065.7299293969127,450.0,-4002.702784823446
3117.6914536239788,450.0,-4256.27891214708
3169.6529778510453,450.0,-4464.569029320015
3221.6145020781114,450.0,-4681.418335045248
3273.576026305178,450.0,-4765.958578410726
3325.537550532244,450.0,-4202.658924901942
3377.49907475931,450.0,-4176.913192466955
3429.4605989863767,450.0,-4160.72155742368
3481.422123213443,450.0,-6413.901625885825
3533.3836474405093,450.0,-2725.648854845709
3585.3451716675754,450.0,-1551.5860596043754
3637.306695894642,450.0,-3854.2193056191977
3689.268220121708,450.0,-3664.568275539025
3741.2297443487746,450.0,-3638.983140745936
3793.1912685758407,450.0,-3330.8930411066976
3845.1527928029072,450.0,-3219.335019109345
3897.1143170299733,450.0,-3199.9743061286727
3949.07584125704,450.0,-3212.969045015452
4001.037365484106,450.0,-3288.904511377733
4052.9988897111725,450.0,-3555.0260007664438
4104.960413938239,450.0,-3693.720683141124
4156.921938165305,450.0,-1871.323899897101
4208.883462392371,450.0,-1829.6893503774281
4260.844986619438,450.0,-6618.918214647138
4312.806510846504,450.0,-6960.184348280791
4364.76803507357,450.0,-6677.2322775775665
4416.7295593006365,450.0,-6540.620338546309
4468.691083527703,450.0,-6500.444932054848
4520.65260775477,450.0,-6438.902999509989
4572.614131981835,450.0,-6370.372808520982
4624.575656208902,450.0,-6299.146116921777
4676.537180435968,450.0,-6228.125796869668
4728.498704663035,450.0,-6157.218341837709
4780.460228890101,450.0,-6086.390744152528
4832.421753117167,450.0,-6012.67583144904
4884.383277344234,450.0,-5934.273883706141
4936.3448015713,450.0,-5852.254181728744
4988.306325798366,450.0,-5768.3414702175005
5040.267850025432,450.0,-5679.790516328395
5092.229374252499,450.0,-5588.767146047763
5144.190898479565,450.0,-5497.83330231758
5196.152422706631,450.0,-5407.881152536319
5248.113946933698,450.0,-5320.42865232295
5300.075471160764,450.0,-5233.633560742101
5352.03699538783,450.0,-5148.7210795344545
5403.998519614896,450.0,-5069.774334631521
5455.960043841963,450.0,-4997.56736592559
5507.9215680690295,450.0,-4929.276526561145
5559.883092296095,450.0,-4864.637856945337
5611.844616523162,450.0,-4801.1378637034395
5663.806140750228,450.0,-4739.974051986888
5715.767664977295,450.0,-4681.308054512213
5767.72918920436,450.0,-4629.449113747947
5819.690713431427,450.0,-4585.787317721441
5871.6522376584935,450.0,-4536.695868579094
5923.61376188556,450.0,-4459.625475556564
5975.575286112626,450.0,-4352.013806813655
6027.536810339692,450.0,-3568.4041284147424
6079.498334566759,450.0,-4604.489949958772
6131.459858793825,450.0,-4232.542003399273
6183.421383020891,450.0,-4324.091132258314
6235.3829072479575,450.0,-4161.972545204198
6287.344431475024,450.0,-3959.3728876520654
6339.305955702091,450.0,-4376.955588530962
6391.267479929156,450.0,-3202.831422463125
6443.229004156223,450.0,-4320.477228212902
6495.190528383289,450.0,-4728.343317383462
6547.152052610356,450.0,-5157.640326951641
6599.1135768374215,450.0,-5470.865498140339
6651.075101064488,450.0,-5670.190864910546
6703.036625291555,450.0,-5794.613743663116
6754.99814951862,450.0,-5875.117709374246
6806.959673745687,450.0,-5919.784487474085
6858.921197972753,450.0,-5955.521772369675
6910.88272219982,450.0,-6016.836406467652
6962.844246426886,450.0,-6077.707690847902
7014.805770653952,450.0,-6116.651794576169
7066.767294881019,450.0,-6179.508072497677
7118.728819108085,450.0,-6309.924941467623
7170.690343335151,450.0,-6425.803810305567
7222.651867562217,450.0,-6443.484528580386
7274.613391789284,450.0,-6411.070442866761
7326.5749160163505,450.0,-6315.708466631747
7378.536440243416,450.0,-2089.213151767758
7430.497964470483,450.0,-2227.638638143259
7482.459488697549,450.0,-2184.590260861489
7534.421012924616,450.0,-6871.915208619128
7586.382537151681,450.0,-6702.567439122708
7638.344061378748,450.0,-6363.080303803747
7690.3055856058145,450.0,-6182.2708742498635
7742.267109832881,450.0,-2356.237736491563
7794.228634059947,450.0,-2553.085348141646
7846.190158287013,450.0,-2718.7808395780908
7898.15168251408,450.0,2772.314402503457
7950.113206741146,450.0,2786.412517117362
8002.074730968212,450.0,2838.4465403526956
8054.0362551952785,450.0,2848.558521408941
8105.997779422345,450.0,2711.3137202341823
8157.959303649412,450.0,2674.884193529747
8209.920827876478,450.0,2551.6683554749907
8261.882352103545,450.0,2367.0356626384246
8313.84387633061,450.0,2150.886407212666
8365.805400557676,450.0,1900.234999517727
8417.766924784743,450.0,1617.457636862854
8469.728449011809,450.0,1309.2108717105089
8521.689973238876,450.0,999.5377151700193
8573.651497465942,450.0,716.8600569756941
8625.613021693009,450.0,477.10614594975584
8677.574545920073,450.0,320.2595293548653
8729.53607014714,450.0,65.32406563250468
8781.497594374207,450.0,55.11278811435585
8833.459118601273,450.0,30.823885826351884
8885.42064282834,450.0,-224.31590267517805
8937.382167055406,450.0,-244.55955683589937
8989.343691282473,450.0,-218.4078483309413
9041.30521550954,450.0,-552.994557454382
9093.266739736604,450.0,-616.9204781682354
9145.22826396367,450.0,-696.187188309571
9197.189788190737,450.0,-732.79202561579
9249.151312417804,450.0,-681.5998588783191
9301.11283664487,450.0,-596.6267083987677
9353.074360871937,450.0,-195.53010033973857
9405.035885099003,450.0,-201.09239201045858
9456.99740932607,450.0,-206.83386355025695
9508.958933553135,450.0,-240.03788423683127
9560.920457780201,450.0,-182.35604836463932
9612.881982007268,450.0,-183.32252847391848
9664.843506234334,450.0,-125.88054694275874
9716.8050304614,450.0,-149.1403217014626
9768.766554688467,450.0,-138.14350237298902
9820.728078915534,450.0,-204.03007707492856
9872.6896031426,450.0,-223.44738980895647
9924.651127369665,450.0,-172.84163909078967
9976.612651596732,450.0,-198.79448867405583
10028.574175823798,450.0,-229.45340301296412
10080.535700050865,450.0,-2657.957847163597
10132.497224277931,450.0,-2580.095404723403
10184.458748504998,450.0,155.36501630649013
10236.420272732064,450.0,-3872.5364990949183
10288.38179695913,450.0,-3813.700056061823
10340.343321186196,450.0,178.31202951025006
25.980762113533157,495.0,-3499.012201744992
77.94228634059947,495.0,-2934.9800853708
129.90381056766577,495.0,-2867.31469294414
181.8653347947321,495.0,-2896.071496670389
233.8268590217984,495.0,-2829.1734864829223
285.7883832488647,495.0,-2714.951912457198
337.749907475931,495.0,-2573.5248849480504
389.71143170299734,495.0,-2410.4646976695667
441.67295593006367,495.0,-2224.5608636925444
493.63448015713,495.0,-2005.8735442435818
545.5960043841962,495.0,-1739.9202964106867
597.5575286112626,495.0,-1394.027384047648
649.5190528383289,495.0,-1106.1317029244688
701.4805770653952,495.0,215.3536600679348
753.4421012924615,495.0,172.16726316047533
805.4036255195278,495.0,315.419815812993
857.3651497465942,495.0,256.30728966082177
909.3266739736605,495.0,3135.1967371156156
961.2881982007268,495.0,2772.861408911772
1013.2497224277931,495.0,2330.968914827129
1065.2112466548592,495.0,2233.7847573428
1117.1727708819255,495.0,2079.285192903505
1169.1342951089919,495.0,1926.5193599423546
1221.0958193360582,495.0,1796.7142386692267
1273.0573435631245,495.0,1705.9113555277017
1325.0188677901908,495.0,1653.9599179893735
1376.9803920172571,495.0,1623.2919226545882
1428.9419162443235,495.0,1601.9234579398792
1480.9034404713898,495.0,1577.9715689821464
1532.864964698456,495.0,1539.8722229748282
1584.8264889255224,495.0,1479.9801355181633
1636.7880131525887,495.0,1403.895009527182
1688.749537379655,495.0,1316.5652213545054
1740.7110616067214,495.0,1227.776364089546
1792.6725858337877,495.0,1140.355615085133
1844.634110060854,495.0,1056.0090940521227
1896.5956342879203,495.0,975.318008218348
1948.5571585149867,495.0,896.5829433854915
2000.518682742053,495.0,821.6956642361363
2052.4802069691195,495.0,744.457527394412
2104.4417311961856,495.0,666.9087400879208
2156.403255423252,495.0,590.849822614593
2208.3647796503183,495.0,513.0085959536991
2260.326303877385,495.0,434.4409952253069
2312.287828104451,495.0,367.0219095392461
2364.2493523315175,495.0,295.1519531949484
2416.2108765585835,495.0,234.8109386744369
2468.17240078565,495.0,235.02898796070946
2520.133925012716,495.0,168.42205995580434
2572.0954492397827,495.0,-344.7954956510086
2624.056973466849,495.0,-622.7369927489201
2676.0184976939154,495.0,-1068.68479695126
2727.9800219209815,495.0,-1522.8640039968323
2779.941546148048,495.0,-1968.0343729062472
2831.903070375114,495.0,-2390.641929426454
2883.8645946021807,495.0,-2780.3220005331596
2935.8261188292468,495.0,-3130.176764103773
2987.7876430563133,495.0,-3442.176538899759
3039.7491672833794,495.0,-3723.874088240298
3091.710691510446,495.0,-3974.613139022784
3143.672215737512,495.0,-4187.756733419934
3195.6337399645786,495.0,-4359.987907511
3247.5952641916447,495.0,-4457.999700428991
3299.556788418711,495.0,-4479.473587699244
3351.5183126457773,495.0,-4527.066273149392
3403.4798368728434,495.0,-4426.145300342507
3455.44136109991,495.0,-6749.946842094783
3507.402885326976,495.0,-6340.069623115262
3559.3644095540426,495.0,-1716.950054538366
3611.3259337811087,495.0,-1541.317836562454
3663.2874580081752,495.0,-1638.4159596074473
3715.2489822352413,495.0,-3534.9813114466065
3767.210506462308,495.0,-3464.8366620913303
3819.172030689374,495.0,-3311.4090455754686
3871.1335549164405,495.0,-3237.509192934147
3923.0950791435066,495.0,-3231.611673977571
3975.056603370573,495.0,-3256.8222447240723
4027.0181275976392,495.0,-3389.978227014156
4078.979651824706,495.0,-3704.4228704179163
4130.941176051772,495.0,-3800.8849488390547
4182.902700278838,495.0,-1998.2395074548494
4234.8642245059045,495.0,-2014.6522045382342
4286.825748732971,495.0,-6873.932548214116
4338.787272960038,495.0,-6987.4306936807125
4390.748797187103,495.0,-6676.162330823701
4442.71032141417,495.0,-6549.657610158394
4494.671845641236,495.0,-6481.389452197524
4546.633369868303,495.0,-6421.1258209390035
4598.5948940953685,495.0,-6360.2122283689805
4650.556418322435,495.0,-6297.974248149436
4702.517942549502,495.0,-6236.22853552038
4754.479466776568,495.0,-6174.985217244196
4806.440991003634,495.0,-6112.800742205118
4858.4025152307,495.0,-6046.563098314653
4910.364039457767,495.0,-5976.79240475126
4962.3255636848335,495.0,-5904.872245132887
5014.287087911899,495.0,-5830.791254061539
5066.248612138966,495.0,-5751.085622137906
5118.210136366032,495.0,-5669.222631503096
5170.171660593098,495.0,-5588.0634929364205
5222.133184820164,495.0,-5508.46739963092
5274.094709047231,495.0,-5429.227451939336
5326.0562332742975,495.0,-5350.543102302805
5378.017757501363,495.0,-5272.877881305814
5429.97928172843,495.0,-5198.329879479394
5481.940805955496,495.0,-5126.923328199378
5533.902330182563,495.0,-5060.600255840454
5585.863854409628,495.0,-4995.441228416661
5637.825378636695,495.0,-4933.575905981941
5689.7869028637615,495.0,-4874.115480452829
5741.748427090828,495.0,-4817.490926597379
5793.709951317894,495.0,-4764.126391430416
5845.67147554496,495.0,-4707.813030852114
5897.632999772027,495.0,-4633.443691058794
5949.594523999093,495.0,-4512.514449652912
6001.556048226159,495.0,-4382.917690961697
6053.5175724532255,495.0,-3568.3348082128687
6105.479096680292,495.0,-4372.217241189206
6157.440620907359,495.0,-4401.765784572581
6209.402145134424,495.0,-4396.017643853399
6261.363669361491,495.0,-4124.218863559381
6313.325193588557,495.0,-3966.604411175389
6365.286717815624,495.0,-4466.868616907654
6417.2482420426895,495.0,-3225.3259315958535
6469.209766269756,495.0,-4716.042891817945
6521.171290496823,495.0,-5216.390886610967
6573.132814723889,495.0,-5675.237642748828
6625.094338950955,495.0,-5960.7400695777205
6677.055863178021,495.0,-6046.745097069399
6729.017387405088,495.0,-6120.802625643595
6780.9789116321535,495.0,-6156.128533901305
6832.94043585922,495.0,-6059.476626185132
6884.901960086287,495.0,-6078.490066397619
6936.863484313353,495.0,-6244.960246975832
6988.825008540419,495.0,-6251.994973743671
7040.786532767485,495.0,-6165.1886084238195
7092.748056994552,495.0,-6288.13358562326
7144.7095812216185,495.0,-6414.0354200197
7196.671105448684,495.0,-6513.352757099357
7248.632629675751,495.0,-2095.0152813410937
7300.594153902817,495.0,-2026.5893069900976
7352.555678129884,495.0,-1971.1645264029967
7404.517202356949,495.0,-2081.3011657201628
7456.478726584016,495.0,-2009.5355504564295
7508.4402508110825,495.0,-2158.9552054288424
7560.401775038149,495.0,-1776.252456039268
7612.363299265215,495.0,-1617.6883707120874
7664.324823492281,495.0,-2208.119151591911
7716.286347719348,495.0,-1956.77490987669
7768.247871946414,495.0,-2543.921852492025
7820.20939617348,495.0,-2592.04797427585
7872.1709204005465,495.0,-2605.8105761880947
7924.132444627613,495.0,-2739.067117242261
7976.09396885468,495.0,2887.5603970477205
8028.055493081745,495.0,2925.1234799910626
8080.017017308812,495.0,2635.4605495123083
8131.978541535878,495.0,3020.687683264453
8183.940065762945,495.0,2696.317818997636
8235.901589990011,495.0,2566.2828630352087
8287.863114217078,495.0,2373.1022697133694
8339.824638444143,495.0,2132.2534669138413
8391.78616267121,495.0,1847.164140357571
8443.747686898276,495.0,1507.0615366325792
8495.709211125342,495.0,1125.9158827474407
8547.670735352409,495.0,764.3115722526984
8599.632259579475,495.0,498.40523208285686
8651.593783806542,495.0,330.92941096161417
8703.555308033607,495.0,34.17902019450225
8755.516832260673,495.0,34.12723039838661
8807.47835648774,495.0,47.97869856465478
8859.439880714806,495.0,-213.7881889465403
8911.401404941873,495.0,-199.39456383556544
8963.36292916894,495.0,-207.44740967625347
9015.324453396006,495.0,-622.1166374547718
9067.285977623073,495.0,-720.564316733246
9119.247501850137,495.0,-828.0681840140874
9171.209026077204,495.0,-885.499066215933
9223.17055030427,495.0,-876.2902488427248
9275.132074531337,495.0,-795.5236633569411
9327.093598758403,495.0,-690.9006443578921
9379.05512298547,495.0,-626.7457628781274
9431.016647212537,495.0,-199.9378955703447
9482.978171439603,495.0,-280.328009231706
9534.939695666668,495.0,-261.8752777839336
9586.901219893734,495.0,-176.68415563743878
9638.862744120801,495.0,-214.93535425852923
9690.824268347867,495.0,-155.31825803943696
9742.785792574934,495.0,-193.4170784841151
9794.747316802,495.0,-268.75256240423585
9846.708841029067,495.0,-262.90794457577937
9898.670365256134,495.0,-213.5731044107613
9950.631889483198,495.0,-172.33862798524075
10002.593413710265,495.0,-195.14539513275463
10054.554937937331,495.0,-6220.601606317139
10106.516462164398,495.0,-1746.5093796176402
10158.477986391465,495.0,-1649.0536038695195
10210.439510618531,495.0,-1411.4124642764227
10262.401034845598,495.0,-1192.1862445803044
10314.362559072662,495.0,-3697.1374825450503
10366.324083299729,495.0,-3599.4607720680888
0.0,540.0,-3579.2737279823086
51.96152422706631,540.0,-3461.673017946133
103.92304845413263,540.0,-3096.5630059097803
155.88457268119893,540.0,-2957.0317354601
207.84609690826525,540.0,-2882.7061967524637
259.80762113533154,540.0,-2802.3385705524524
311.76914536239786,540.0,-2709.620003977072
363.7306695894642,540.0,-2603.528362875819
415.6921938165305,540.0,-2485.761635066806
467.6537180435968,540.0,-2354.108321761542
519.6152422706631,540.0,-2208.4070642886054
571.5767664977294,540.0,-2059.2012154434715
623.5382907247957,540.0,-1795.7637797190207
675.499814951862,540.0,-1430.9273891388193
727.4613391789284,540.0,175.667591818861
779.4228634059947,540.0,162.4004119815947
831.384387633061,540.0,-2562.308808947725
883.3459118601273,540.0,222.7029048261271
935.3074360871937,540.0,3140.8484452539715
987.26896031426,540.0,2954.058627575876
1039.2304845413262,540.0,2448.6409122264527
1091.1920087683925,540.0,2332.5424082560316
1143.1535329954588,540.0,2135.447181525001
1195.1150572225251,540.0,1906.1241227355736
1247.0765814495915,540.0,1747.9148003567484
1299.0381056766578,540.0,1677.7588433850328
1350.999629903724,540.0,1651.47037141398
1402.9611541307904,540.0,1643.1923802867796
1454.9226783578567,540.0,1646.5807356336395
1506.884202584923,540.0,1637.1945530784192
1558.8457268119894,540.0,1587.855096670306
1610.8072510390557,540.0,1504.9569739456338
1662.768775266122,540.0,1404.8061021507326
1714.7302994931883,540.0,1300.5076474066814
1766.6918237202547,540.0,1199.6470125070905
1818.653347947321,540.0,1107.338280864751
1870.6148721743873,540.0,1023.157376246307
1922.5763964014536,540.0,945.3901150805196
1974.53792062852,540.0,872.6393788143541
2026.4994448555863,540.0,799.3779057058283
2078.4609690826524,540.0,726.09963812866
2130.422493309719,540.0,650.2158442930734
2182.384017536785,540.0,572.6430391153158
2234.3455417638515,540.0,494.4746796298974
2286.3070659909176,540.0,414.808668300632
2338.268590217984,540.0,352.4519437393352
2390.2301144450503,540.0,253.21538904617177
2442.191638672117,540.0,243.55241377700077
2494.153162899183,540.0,202.9022014991441
2546.1146871262495,540.0,246.8734783377633
2598.0762113533156,540.0,-375.05150102680795
2650.037735580382,540.0,-709.7898418072344
2701.999259807448,540.0,-1159.7087058606216
2753.9607840345147,540.0,-1605.9745492573243
2805.922308261581,540.0,-2038.5308873072681
2857.8838324886474,540.0,-2445.379256921386
2909.8453567157135,540.0,-2818.3699154996684
2961.80688094278,540.0,-3156.469207086853
3013.768405169846,540.0,-3460.533358270357
3065.7299293969127,540.0,-3731.4411746529277
3117.6914536239788,540.0,-3967.315900611773
3169.6529778510453,540.0,-4169.016207529653
3221.6145020781114,540.0,-4336.672212891343
3273.576026305178,540.0,-4472.835786080212
3325.537550532244,540.0,-4602.937785466509
3377.49907475931,540.0,-4830.586803466564
3429.4605989863767,540.0,-5557.848965421105
3481.422123213443,540.0,-6325.1530615381325
3533.3836474405093,540.0,-5896.869774360033
3585.3451716675754,540.0,-5848.431930968707
3637.306695894642,540.0,-2050.2356162988904
3689.268220121708,540.0,-1922.5219510776835
3741.2297443487746,540.0,-3021.034811272074
3793.1912685758407,540.0,-3485.1259085071715
3845.1527928029072,540.0,-3313.058042933763
3897.1143170299733,540.0,-3268.3424080059485
3949.07584125704,540.0,-3282.587794956926
4001.037365484106,540.0,-3362.92730901316
4052.9988897111725,540.0,-3575.2951165347276
4104.960413938239,540.0,-3678.407334985538
4156.921938165305,540.0,-2028.5853737091415
4208.883462392371,540.0,-2076.654392168397
4260.844986619438,540.0,-6946.235071935318
4312.806510846504,540.0,-6687.117402387511
4364.76803507357,540.0,-6675.287522050083
4416.7295593006365,540.0,-6602.472381272417
4468.691083527703,540.0,-6529.3687585659345
4520.65260775477,540.0,-6470.375094133291
4572.614131981835,540.0,-6415.414561935042
4624.575656208902,540.0,-6360.827843952559
4676.537180435968,540.0,-6307.054903394386
4728.498704663035,540.0,-6256.2804980246365
4780.460228890101,540.0,-6203.9995475135365
4832.421753117167,540.0,-6149.2514161083745
4884.383277344234,540.0,-6091.718886873628
4936.3448015713,540.0,-6033.147327935339
4988.306325798366,540.0,-5969.972958906046
5040.267850025432,540.0,-5902.442069692403
5092.229374252499,540.0,-5832.542110605984
5144.190898479565,540.0,-5760.96049558326
5196.152422706631,540.0,-5690.518345988681
5248.113946933698,540.0,-5619.59492233795
5300.075471160764,540.0,-5546.683030550112
5352.03699538783,540.0,-5473.904024518133
5403.998519614896,540.0,-5401.608677435821
5455.960043841963,540.0,-5331.653955234742
5507.9215680690295,540.0,-5264.8819919144335
5559.883092296095,540.0,-5199.781792334002
5611.844616523162,540.0,-5137.807971750226
5663.806140750228,540.0,-5079.312511331967
5715.767664977295,540.0,-5022.204204690787
5767.72918920436,540.0,-4967.405229212982
5819.690713431427,540.0,-4911.657021257786
5871.6522376584935,540.0,-4848.587612889629
5923.61376188556,540.0,-4763.775082124073
5975.575286112626,540.0,-4641.765091429186
6027.536810339692,540.0,-4544.767160152916
6079.498334566759,540.0,-4534.123527318961
6131.459858793825,540.0,-4514.145377242408
6183.421383020891,540.0,-4456.606444676314
6235.3829072479575,540.0,-4707.89313721216
6287.344431475024,540.0,-4160.322864091313
6339.305955702091,540.0,-3982.242418131846
6391.267479929156,540.0,-4555.085234509163
6443.229004156223,540.0,-3254.602577864305
6495.190528383289,540.0,-5548.678521528653
6547.152052610356,540.0,-5874.697478302335
6599.1135768374215,540.0,-6466.507431109447
6651.075101064488,540.0,-6489.70544726717
6703.036625291555,540.0,-6323.736577746015
6754.99814951862,540.0,-6515.706575602035
6806.959673745687,540.0,-6352.086590791541
6858.921197972753,540.0,-6057.990234535908
6910.88272219982,540.0,-6290.921850049055
6962.844246426886,540.0,-6697.7522178770705
7014.805770653952,540.0,-6293.332653214076
7066.767294881019,540.0,-6091.54844790178
7118.728819108085,540.0,-6320.33051558871
7170.690343335151,540.0,-1889.7445375997634
7222.651867562217,540.0,-2071.766105500302
7274.613391789284,540.0,-1886.816659237862
7326.5749160163505,540.0,-1988.2532879319433
7378.536440243416,540.0,-2139.9829066780753
7430.497964470483,540.0,-2345.8554108831427
7482.459488697549,540.0,-2201.748511770607
7534.421012924616,540.0,-1745.4437570060497
7586.382537151681,540.0,-1652.5383742666368
7638.344061378748,540.0,-1984.0329435732647
7690.3055856058145,540.0,-2180.1132080666325
7742.267109832881,540.0,-2179.3281826532675
7794.228634059947,540.0,-3998.2118385674908
7846.190158287013,540.0,-7039.169845218956
7898.15168251408,540.0,-6752.428555152627
7950.113206741146,540.0,-3005.164517256593
8002.074730968212,540.0,-3097.660965968953
8054.0362551952785,540.0,2828.690560234543
8105.997779422345,540.0,3026.2465592934795
8157.959303649412,540.0,2938.7636409967595
8209.920827876478,540.0,2861.1843595382034
8261.882352103545,540.0,2520.82904042967
8313.84387633061,540.0,2354.158453355126
8365.805400557676,540.0,2132.4865352773554
8417.766924784743,540.0,1815.2536933871306
8469.728449011809,540.0,1367.5414222188235
8521.689973238876,540.0,898.2054090354995
8573.651497465942,540.0,575.3681890580145
8625.613021693009,540.0,129.35599766793973
8677.574545920073,540.0,22.165635521339453
8729.53607014714,540.0,-2.442051301381298
8781.497594374207,540.0,-184.8222655230714
8833.459118601273,540.0,-182.90263272876345
8885.42064282834,540.0,-192.3012898814677
8937.382167055406,540.0,-630.8931514098286
8989.343691282473,540.0,-720.4092205479492
9041.30521550954,540.0,-847.6189937048475
9093.266739736604,540.0,-970.2047387761934
9145.22826396367,540.0,-1043.9075754540638
9197.189788190737,540.0,-1066.5217731437292
9249.151312417804,540.0,-1036.2425376192778
9301.11283664487,540.0,-954.6285015396566
9353.074360871937,540.0,-841.9636242020592
9405.035885099003,540.0,-745.2525012185995
9456.99740932607,540.0,-702.8218805289001
9508.958933553135,540.0,-248.7703184514529
9560.920457780201,540.0,-167.1714206859728
9612.881982007268,540.0,-201.77485528395528
9664.843506234334,540.0,-223.7169243468283
9716.8050304614,540.0,-256.27480137950437
9768.766554688467,540.0,-266.06203009076387
9820.728078915534,540.0,-215.4221392670508
9872.6896031426,540.0,-227.90438198377615
9924.651127369665,540.0,-235.88615653145985
9976.612651596732,540.0,-204.3469522477912
10028.574175823798,540.0,-222.2790213666542
10080.535700050865,540.0,-6315.050762150815
10132.497224277931,540.0,-6545.23464965259
10184.458748504998,540.0,-1565.7829831878446
10236.420272732064,540.0,-1622.7663588451703
10288.38179695913,540.0,-1576.4773619891575
10340.343321186196,540.0,-1759.485256041867
25.980762113533157,585.0,-3631.9853444964656
77.94228634059947,585.0,-3503.515477046898
129.90381056766577,585.0,-3181.665740012824
181.8653347947321,585.0,-2987.9908081366184
233.8268590217984,585.0,-2895.464453196141
285.7883832488647,585.0,-2823.5722840998005
337.749907475931,585.0,-2757.8660684413135
389.71143170299734,585.0,-2691.451260900648
441.67295593006367,585.0,-2621.647808168216
493.63448015713,585.0,-2551.450073106215
545.5960043841962,585.0,-2500.499441642311
597.5575286112626,585.0,-2438.490192046167
649.5190528383289,585.0,-1823.33715110992
701.4805770653952,585.0,-1443.6745884159104
753.4421012924615,585.0,183.76227720960674
805.4036255195278,585.0,-3714.376812064469
857.3651497465942,585.0,-2833.941775865942
909.3266739736605,585.0,-2818.3938280163147
961.2881982007268,585.0,3280.3965082542322
1013.2497224277931,585.0,3013.4705006374365
1065.2112466548592,585.0,2824.8617142495013
1117.1727708819255,585.0,2333.4605990807813
1169.1342951089919,585.0,2039.1173590104847
1221.0958193360582,585.0,1741.9385177329195
1273.0573435631245,585.0,1635.956294576583
1325.0188677901908,585.0,1644.8500144950594
1376.9803920172571,585.0,1633.5536253267755
1428.9419162443235,585.0,1665.4223748567395
1480.9034404713898,585.0,1744.2942497047936
1532.864964698456,585.0,1738.6838486686593
1584.8264889255224,585.0,1639.4706806236813
1636.7880131525887,585.0,1512.1055266737262
1688.749537379655,585.0,1382.7560861887723
1740.7110616067214,585.0,1262.4344463032253
1792.6725858337877,585.0,1154.7887323910493
1844.634110060854,585.0,1062.7473095079597
1896.5956342879203,585.0,984.3248372927146
1948.5571585149867,585.0,914.8181503752141
2000.518682742053,585.0,849.2304710234479
2052.4802069691195,585.0,781.6844593528205
2104.4417311961856,585.0,712.1762763454092
2156.403255423252,585.0,636.5750269857747
2208.3647796503183,585.0,559.8748890442241
2260.326303877385,585.0,480.9280976409925
2312.287828104451,585.0,400.29871202093136
2364.2493523315175,585.0,342.15657079617324
2416.2108765585835,585.0,226.80498743208602
2468.17240078565,585.0,267.6555366986401
2520.133925012716,585.0,231.07727607568637
2572.0954492397827,585.0,258.52961879023275
2624.056973466849,585.0,-430.1741115514833
2676.0184976939154,585.0,-790.2810104155369
2727.9800219209815,585.0,-1250.9417430767057
2779.941546148048,585.0,-1694.3354439625473
2831.903070375114,585.0,-2117.6009936340874
2883.8645946021807,585.0,-2512.6539512153013
2935.8261188292468,585.0,-2874.8513050762517
2987.7876430563133,585.0,-3202.6416928350914
3039.7491672833794,585.0,-3495.8376841610575
3091.710691510446,585.0,-3755.898013431345
3143.672215737512,585.0,-3984.8283949668366
3195.6337399645786,585.0,-4185.428510820762
3247.5952641916447,585.0,-4363.393626110836
3299.556788418711,585.0,-4536.5333679083415
3351.5183126457773,585.0,-4732.646024701506
3403.4798368728434,585.0,-5002.0047057131615
3455.44136109991,585.0,-5367.744083785596
3507.402885326976,585.0,-5695.024074524717
3559.3644095540426,585.0,-5559.0568990349975
3611.3259337811087,585.0,-5966.770638934634
3663.2874580081752,585.0,-2153.313707047889
3715.2489822352413,585.0,-3139.4102259405613
3767.210506462308,585.0,-3107.4864421602947
3819.172030689374,585.0,-3241.8923278841876
3871.1335549164405,585.0,-3294.2253881515535
3923.0950791435066,585.0,-3320.5992079580838
3975.056603370573,585.0,-3383.235073881082
4027.0181275976392,585.0,-3594.7789317648317
4078.979651824706,585.0,-3663.290412673594
4130.941176051772,585.0,-1422.5927046845363
4182.902700278838,585.0,-1857.6689699827398
4234.8642245059045,585.0,-6909.898778014127
4286.825748732971,585.0,-6936.38044193324
4338.787272960038,585.0,-6760.683968222006
4390.748797187103,585.0,-6647.520268072077
4442.71032141417,585.0,-6572.5866965927835
4494.671845641236,585.0,-6514.705651980816
4546.633369868303,585.0,-6464.140659694918
4598.5948940953685,585.0,-6417.0032301387055
4650.556418322435,585.0,-6370.618590186297
4702.517942549502,585.0,-6325.7460695741365
4754.479466776568,585.0,-6283.625321914519
4806.440991003634,585.0,-6240.286608033261
4858.4025152307,585.0,-6195.358942531926
4910.364039457767,585.0,-6147.81720489331
4962.3255636848335,585.0,-6096.97199352584
5014.287087911899,585.0,-6042.08326719124
5066.248612138966,585.0,-5983.882239733055
5118.210136366032,585.0,-5922.022784772587
5170.171660593098,585.0,-5858.652764090271
5222.133184820164,585.0,-5796.9287704479175
5274.094709047231,585.0,-5732.978847856601
5326.0562332742975,585.0,-5666.2583639347995
5378.017757501363,585.0,-5600.3152420971965
5429.97928172843,585.0,-5533.270217049332
5481.940805955496,585.0,-5467.5532731196245
5533.902330182563,585.0,-5403.473514402905
5585.863854409628,585.0,-5342.3132471896315
5637.825378636695,585.0,-5283.329790441419
5689.7869028637615,585.0,-5227.015259402297
5741.748427090828,585.0,-5173.19207883576
5793.709951317894,585.0,-5121.051841860022
5845.67147554496,585.0,-5066.0572893094995
5897.632999772027,585.0,-5006.712080377834
5949.594523999093,585.0,-4933.68517742837
6001.556048226159,585.0,-4848.4777543604305
6053.5175724532255,585.0,-4769.964435709105
6105.479096680292,585.0,-4675.966409517492
6157.440620907359,585.0,-4571.2358795821865
6209.402145134424,585.0,-3591.3134587611753
6261.363669361491,585.0,-4720.567440102568
6313.325193588557,585.0,-4169.350323086804
6365.286717815624,585.0,-4074.900602208624
6417.2482420426895,585.0,-6620.037587991637
6469.209766269756,585.0,-6460.612212259361
6521.171290496823,585.0,-6483.966701165156
6573.132814723889,585.0,-6465.864731856447
6625.094338950955,585.0,-6524.134756699916
6677.055863178021,585.0,-6221.408858802089
6729.017387405088,585.0,-6221.962608133456
6780.9789116321535,585.0,-6319.980982541309
6832.94043585922,585.0,-6314.286655281061
6884.901960086287,585.0,-6089.192557370711
6936.863484313353,585.0,-6510.41357546717
6988.825008540419,585.0,-6649.6853422265185
7040.786532767485,585.0,-6224.415833370927
7092.748056994552,585.0,-6239.956915467377
7144.7095812216185,585.0,-2175.7596115461083
7196.671105448684,585.0,-2207.587175729037
7248.632629675751,585.0,-2189.467986226573
7300.594153902817,585.0,-4005.0099137660864
7352.555678129884,585.0,-3900.0609526556455
7404.517202356949,585.0,-3930.505187453058
7456.478726584016,585.0,-3985.1752118600243
7508.4402508110825,585.0,-4041.9006255066815
7560.401775038149,585.0,-3962.3449906324713
7612.363299265215,585.0,-3899.857142305876
7664.324823492281,585.0,-3915.3553450835343
7716.286347719348,585.0,-4100.064469773652
7768.247871946414,585.0,-4037.737886242827
7820.20939617348,585.0,-3965.456398338144
7872.1709204005465,585.0,-3959.853662139357
7924.132444627613,585.0,-6320.0143757005935
7976.09396885468,585.0,-6175.011312882059
8028.055493081745,585.0,-2813.2668274303564
8080.017017308812,585.0,-2563.856275931056
8131.978541535878,585.0,3061.551706478511
8183.940065762945,585.0,2883.9176103471086
8235.901589990011,585.0,2733.277880463914
8287.863114217078,585.0,2559.3076301851424
8339.824638444143,585.0,2329.86435283866
8391.78616267121,585.0,2141.706346346133
8443.747686898276,585.0,1754.8194124832366
8495.709211125342,585.0,1241.0246158616424
8547.670735352409,585.0,291.47473267247665
8599.632259579475,585.0,134.2480318680236
8651.593783806542,585.0,54.404570128906556
8703.555308033607,585.0,26.140820773214365
8755.516832260673,585.0,-143.93179998933897
8807.47835648774,585.0,-169.34265079843257
8859.439880714806,585.0,-155.40443262226853
8911.401404941873,585.0,-723.4060009477953
8963.36292916894,585.0,-854.1280734981686
9015.324453396006,585.0,-1009.0900049210563
9067.285977623073,585.0,-1131.4498729827521
9119.247501850137,585.0,-1215.7684551705556
9171.209026077204,585.0,-1260.1996233080706
9223.17055030427,585.0,-1262.539499772568
9275.132074531337,585.0,-1225.2258519017628
9327.093598758403,585.0,-1154.0049004150267
9379.05512298547,585.0,-1059.623730014548
9431.016647212537,585.0,-950.4152737947916
9482.978171439603,585.0,-871.078597373018
9534.939695666668,585.0,-846.912286741303
9586.901219893734,585.0,-846.9734391807004
9638.862744120801,585.0,-891.0099173679071
9690.824268347867,585.0,-960.7689282112735
9742.785792574934,585.0,-1050.3802790916948
9794.747316802,585.0,-1165.9582802393575
9846.708841029067,585.0,-1347.149137531732
9898.670365256134,585.0,-1659.455093233447
9950.631889483198,585.0,-2253.4976508986083
10002.593413710265,585.0,-3646.353307069602
10054.554937937331,585.0,-6488.362655966021
10106.516462164398,585.0,-6323.956461179892
10158.477986391465,585.0,-6660.951166943567
10210.439510618531,585.0,-6720.203526993501
10262.401034845598,585.0,-1761.5149119984108
10314.362559072662,585.0,-1703.5532887260579
10366.324083299729,585.0,-1704.7021705295272
0.0,630.0,-1732.192537949506
51.96152422706631,630.0,-3593.7879529308193
103.92304845413263,630.0,-3550.8410639336507
155.88457268119893,630.0,-3185.0210728739603
207.84609690826525,630.0,-2999.2547225136823
259.80762113533154,630.0,-2917.9222713729414
311.76914536239786,630.0,-2870.718531294804
363.7306695894642,630.0,-2840.5578893039446
415.6921938165305,630.0,-2812.162102613376
467.6537180435968,630.0,-2777.0140825555454
519.6152422706631,630.0,-2738.627458677526
571.5767664977294,630.0,-2685.205099039871
623.5382907247957,630.0,-2155.759020548776
675.499814951862,630.0,-1911.9868084655277
727.4613391789284,630.0,-2146.3184125450357
779.4228634059947,630.0,-3166.324235455858
831.384387633061,630.0,-3774.0621318811645
883.3459118601273,630.0,-2940.802204605563
935.3074360871937,630.0,-2736.491511919825
987.26896031426,630.0,3285.3132704894097
1039.2304845413262,630.0,3175.9091871138144
1091.1920087683925,630.0,3135.9363256563156
1143.1535329954588,630.0,2757.28210956407
1195.1150572225251,630.0,1688.913483946681
1247.0765814495915,630.0,1509.4798134011435
1299.0381056766578,630.0,1578.4552838737125
1350.999629903724,630.0,1614.2255179595531
1402.9611541307904,630.0,1589.5918999346397
1454.9226783578567,630.0,1755.8944746610755
1506.884202584923,630.0,1941.095315445735
1558.8457268119894,630.0,1856.808315890034
1610.8072510390557,630.0,1662.5659247862327
1662.768775266122,630.0,1482.4606903091742
1714.7302994931883,630.0,1325.9163954749688
1766.6918237202547,630.0,1195.2529432916363
1818.653347947321,630.0,1090.1729756431005
1870.6148721743873,630.0,1007.7073132028786
1922.5763964014536,630.0,941.9602228819018
1974.53792062852,630.0,884.233001444429
2026.4994448555863,630.0,829.131673220713
2078.4609690826524,630.0,770.995808092297
2130.422493309719,630.0,705.2619173033913
2182.384017536785,630.0,632.1066793724207
2234.3455417638515,630.0,551.9923523898675
2286.3070659909176,630.0,469.72340432590846
2338.268590217984,630.0,391.8511499709167
2390.2301144450503,630.0,346.36426310070505
2442.191638672117,630.0,317.16699000013716
2494.153162899183,630.0,291.4861342146909
2546.1146871262495,630.0,245.58468197556192
2598.0762113533156,630.0,221.2060755490455
2650.037735580382,630.0,-489.97967125194094
2701.999259807448,630.0,-908.9640596083448
2753.9607840345147,630.0,-1361.970174844345
2805.922308261581,630.0,-1798.8090307304715
2857.8838324886474,630.0,-2213.1261603635694
2909.8453567157135,630.0,-2598.946128045578
2961.80688094278,630.0,-2951.571598377348
3013.768405169846,630.0,-3270.594464709369
3065.7299293969127,630.0,-3555.2859383462883
3117.6914536239788,630.0,-3809.5796869562864
3169.6529778510453,630.0,-4034.748056984734
3221.6145020781114,630.0,-4236.206216723736
3273.576026305178,630.0,-4419.948119048023
3325.537550532244,630.0,-4600.71989729189
3377.49907475931,630.0,-4788.7791940300995
3429.4605989863767,630.0,-4983.134955149413
3481.422123213443,630.0,-5141.043117079969
3533.3836474405093,630.0,-5249.049099050024
3585.3451716675754,630.0,-5943.0634290218295
3637.306695894642,630.0,-6041.449561419475
3689.268220121708,630.0,-4050.499946701635
3741.2297443487746,630.0,-3375.8289500079454
3793.1912685758407,630.0,-3275.4313659270974
3845.1527928029072,630.0,-3269.1920996365743
3897.1143170299733,630.0,-3343.290547328037
3949.07584125704,630.0,-3388.8456637274203
4001.037365484106,630.0,-3509.956669776663
4052.9988897111725,630.0,-3709.1644632982684
4104.960413938239,630.0,-3695.524713293935
4156.921938165305,630.0,-1440.1466871327468
4208.883462392371,630.0,-1523.1590678968837
4260.844986619438,630.0,-6721.118302368323
4312.806510846504,630.0,-7013.792039005388
4364.76803507357,630.0,-6744.913104194748
4416.7295593006365,630.0,-6611.788816881117
4468.691083527703,630.0,-6553.545408561755
4520.65260775477,630.0,-6508.048992763717
4572.614131981835,630.0,-6465.78104902621
4624.575656208902,630.0,-6427.313503394735
4676.537180435968,630.0,-6392.441099011065
4728.498704663035,630.0,-6356.861080093413
4780.460228890101,630.0,-6322.619187807441
4832.421753117167,630.0,-6287.430333055095
4884.383277344234,630.0,-6250.797406121267
4936.3448015713,630.0,-6211.137415456327
4988.306325798366,630.0,-6167.96447237366
5040.267850025432,630.0,-6120.345468982374
5092.229374252499,630.0,-6069.605944638724
5144.190898479565,630.0,-6016.969115816999
5196.152422706631,630.0,-5964.548021595385
5248.113946933698,630.0,-5908.718114304522
5300.075471160764,630.0,-5849.748183701411
5352.03699538783,630.0,-5789.918069297015
5403.998519614896,630.0,-5728.92435994358
5455.960043841963,630.0,-5666.751819155866
5507.9215680690295,630.0,-5607.093057233431
5559.883092296095,630.0,-5547.760332738947
5611.844616523162,630.0,-5488.847332599064
5663.806140750228,630.0,-5432.914803907994
5715.767664977295,630.0,-5382.290476383563
5767.72918920436,630.0,-5333.57236964876
5819.690713431427,630.0,-5287.521626659879
5871.6522376584935,630.0,-5241.567158901269
5923.61376188556,630.0,-5194.449120372034
5975.575286112626,630.0,-5143.849461940131
6027.536810339692,630.0,-5085.617653076701
6079.498334566759,630.0,-4987.432624369303
6131.459858793825,630.0,-4796.623367536937
6183.421383020891,630.0,-3525.0309597318815
6235.3829072479575,630.0,-4732.672023916821
6287.344431475024,630.0,-4167.1456854855805
6339.305955702091,630.0,-4067.63539698689
6391.267479929156,630.0,-6641.40776953599
6443.229004156223,630.0,-6162.688003899584
6495.190528383289,630.0,-6051.705806206723
6547.152052610356,630.0,-6640.858679276403
6599.1135768374215,630.0,-6656.735337598688
6651.075101064488,630.0,-2488.032739333051
6703.036625291555,630.0,-2822.8426045890606
6754.99814951862,630.0,-2726.9125466601863
6806.959673745687,630.0,-2534.532322582111
6858.921197972753,630.0,-2266.7391410231153
6910.88272219982,630.0,-1860.1627847094458
6962.844246426886,630.0,-1956.6748769070969
7014.805770653952,630.0,-1888.009188575165
7066.767294881019,630.0,-1967.7954069861328
7118.728819108085,630.0,-2277.934064727518
7170.690343335151,630.0,-2156.623460037506
7222.651867562217,630.0,-4164.871934202456
7274.613391789284,630.0,-4112.554019467327
7326.5749160163505,630.0,-4025.243646021073
7378.536440243416,630.0,-3902.098331945275
7430.497964470483,630.0,-3945.23031480588
7482.459488697549,630.0,-3930.37694392839
7534.421012924616,630.0,-3949.5382910473772
7586.382537151681,630.0,-3845.322870721797
7638.344061378748,630.0,-3886.8629648360343
7690.3055856058145,630.0,-3971.547915190955
7742.267109832881,630.0,-4062.278959194561
7794.228634059947,630.0,-4074.7084042277575
7846.190158287013,630.0,-3929.0853497291628
7898.15168251408,630.0,-4235.746658653497
7950.113206741146,630.0,-3201.8156147899717
8002.074730968212,630.0,-4355.627559030296
8054.0362551952785,630.0,-3919.196029550353
8105.997779422345,630.0,-2585.702805040751
8157.959303649412,630.0,-2510.1697871578313
8209.920827876478,630.0,2867.935614438696
8261.882352103545,630.0,2756.0508384884897
8313.84387633061,630.0,2655.560056522726
8365.805400557676,630.0,2679.362544886556
8417.766924784743,630.0,2688.8858683618582
8469.728449011809,630.0,2520.5484642776946
8521.689973238876,630.0,212.80150572688274
8573.651497465942,630.0,127.41954993919776
8625.613021693009,630.0,74.00958108094771
8677.574545920073,630.0,-237.68129357316303
8729.53607014714,630.0,-193.33961766365616
8781.497594374207,630.0,-152.04964061621962
8833.459118601273,630.0,-779.3171888463178
8885.42064282834,630.0,-873.992818788297
8937.382167055406,630.0,-1029.365659180604
8989.343691282473,630.0,-1191.1676758793838
9041.30521550954,630.0,-1310.6486704332733
9093.266739736604,630.0,-1398.3472833524747
9145.22826396367,630.0,-1455.7049369277315
9197.189788190737,630.0,-1480.3151663651838
9249.151312417804,630.0,-1472.854159419744
9301.11283664487,630.0,-1438.233506309271
9353.074360871937,630.0,-1381.9582485887593
9405.035885099003,630.0,-1309.992626537331
9456.99740932607,630.0,-1233.5088740371707
9508.958933553135,630.0,-1174.7640595921791
9560.920457780201,630.0,-1162.4525327270314
9612.881982007268,630.0,-1197.4888820815743
9664.843506234334,630.0,-1268.3245266416766
9716.8050304614,630.0,-1370.7037805248767
9768.766554688467,630.0,-1506.263434067094
9820.728078915534,630.0,-1699.4605485925422
9872.6896031426,630.0,-1990.7377226232375
9924.651127369665,630.0,-2450.8388882472095
9976.612651596732,630.0,-3219.48338290031
10028.574175823798,630.0,-4481.511076185874
10080.535700050865,630.0,-5515.846890464885
10132.497224277931,630.0,-6548.739357113748
10184.458748504998,630.0,-6560.966499128102
10236.420272732064,630.0,-6550.37496189402
10288.38179695913,630.0,-6569.686056187388
10340.343321186196,630.0,-1511.5463461653405
25.980762113533157,675.0,-1529.9879088179612
77.94228634059947,675.0,-3615.5965504034507
129.90381056766577,675.0,-3518.5487163164325
181.8653347947321,675.0,-3206.0393557276
233.8268590217984,675.0,-3022.8029635849516
285.7883832488647,675.0,-2972.068718971569
337.749907475931,675.0,-2966.8225705958153
389.71143170299734,675.0,-2962.762019831401
441.67295593006367,675.0,-2933.7665458604124
493.63448015713,675.0,-2901.5164686899725
545.5960043841962,675.0,-2520.4707975043693
597.5575286112626,675.0,-2279.272335412867
649.5190528383289,675.0,-2316.5095148967343
701.4805770653952,675.0,-3209.7593164279087
753.4421012924615,675.0,-3455.4858579776546
805.4036255195278,675.0,-3788.9649333919674
857.3651497465942,675.0,-3784.3282352652523
909.3266739736605,675.0,-4201.662354654889
961.2881982007268,675.0,-2691.3435082484375
1013.2497224277931,675.0,-2618.988333735304
1065.2112466548592,675.0,3269.2901167519785
1117.1727708819255,675.0,3016.8013281141425
1169.1342951089919,675.0,448.6696141828468
1221.0958193360582,675.0,493.1460213559738
1273.0573435631245,675.0,515.4031551371628
1325.0188677901908,675.0,2619.804901135155
1376.9803920172571,675.0,599.4624387667773
1428.9419162443235,675.0,639.9962624682072
1480.9034404713898,675.0,2829.454068758493
1532.864964698456,675.0,2112.856147137495
1584.8264889255224,675.0,1885.0663849162238
1636.7880131525887,675.0,1603.2430021858763
1688.749537379655,675.0,1387.8228063151903
1740.7110616067214,675.0,1225.2507052271117
1792.6725858337877,675.0,1102.530923724497
1844.634110060854,675.0,1011.9904475443925
1896.5956342879203,675.0,947.0686361735362
1948.5571585149867,675.0,899.9554009144845
2000.518682742053,675.0,861.5117894605332
2052.4802069691195,675.0,823.7233919729069
2104.4417311961856,675.0,775.9949513432073
2156.403255423252,675.0,711.5931119026758
2208.3647796503183,675.0,632.4032294495632
2260.326303877385,675.0,546.9107312487539
2312.287828104451,675.0,459.17264132676047
2364.2493523315175,675.0,381.75838558979694
2416.2108765585835,675.0,289.9314553181406
2468.17240078565,675.0,264.19888158735307
2520.133925012716,675.0,250.982110625244
2572.0954492397827,675.0,235.69102234040474
2624.056973466849,675.0,-319.5678710448386
2676.0184976939154,675.0,-599.1491284558347
2727.9800219209815,675.0,-1043.0761800145606
2779.941546148048,675.0,-1489.9908350646124
2831.903070375114,675.0,-1925.9416468227391
2883.8645946021807,675.0,-2336.9784512659608
2935.8261188292468,675.0,-2716.4875988408635
2987.7876430563133,675.0,-3061.300215019354
3039.7491672833794,675.0,-3373.289334610691
3091.710691510446,675.0,-3652.266846292214
3143.672215737512,675.0,-3901.5083671473253
3195.6337399645786,675.0,-4123.697222911549
3247.5952641916447,675.0,-4325.055653537979
3299.556788418711,675.0,-4505.33308549331
3351.5183126457773,675.0,-4671.843045928992
3403.4798368728434,675.0,-4818.6364387687645
3455.44136109991,675.0,-4930.864276689121
3507.402885326976,675.0,-4968.477779695848
3559.3644095540426,675.0,-5001.011465986405
3611.3259337811087,675.0,-4483.833449542559
3663.2874580081752,675.0,-4333.282400884493
3715.2489822352413,675.0,-4176.000558855479
3767.210506462308,675.0,-4013.1138094753833
3819.172030689374,675.0,-3555.729064413764
3871.1335549164405,675.0,-3470.242034330732
3923.0950791435066,675.0,-3542.823489037
3975.056603370573,675.0,-3708.9285348490685
4027.0181275976392,675.0,-3724.44780778913
4078.979651824706,675.0,-3692.0318251876834
4130.941176051772,675.0,-1367.2644822780721
4182.902700278838,675.0,-1363.47565078433
4234.8642245059045,675.0,-6562.4875937326215
4286.825748732971,675.0,-6603.487603752099
4338.787272960038,675.0,-6674.313181016307
4390.748797187103,675.0,-6615.057449481825
4442.71032141417,675.0,-6579.332323272783
4494.671845641236,675.0,-6545.515848886774
4546.633369868303,675.0,-6512.140988128005
4598.5948940953685,675.0,-6479.753594215725
4650.556418322435,675.0,-6452.4334634917195
4702.517942549502,675.0,-6426.13448453918
4754.479466776568,675.0,-6398.280800718746
4806.440991003634,675.0,-6369.890630986167
4858.4025152307,675.0,-6341.566003114198
4910.364039457767,675.0,-6312.791892853186
4962.3255636848335,675.0,-6282.452874451405
5014.287087911899,675.0,-6247.419045328197
5066.248612138966,675.0,-6207.331005375443
5118.210136366032,675.0,-6165.436586156945
5170.171660593098,675.0,-6120.086398947143
5222.133184820164,675.0,-6073.314254025408
5274.094709047231,675.0,-6023.42962519868
5326.0562332742975,675.0,-5970.653004773244
5378.017757501363,675.0,-5915.395581511673
5429.97928172843,675.0,-5860.238683231899
5481.940805955496,675.0,-5803.446790514668
5533.902330182563,675.0,-5747.56250613093
5585.863854409628,675.0,-5692.221396737832
5637.825378636695,675.0,-5637.0807405545875
5689.7869028637615,675.0,-5585.023141470092
5741.748427090828,675.0,-5539.802989360502
5793.709951317894,675.0,-5498.36457953655
5845.67147554496,675.0,-5463.035070831043
5897.632999772027,675.0,-5432.897927393401
5949.594523999093,675.0,-5409.375163544251
6001.556048226159,675.0,-5390.320174923926
6053.5175724532255,675.0,-5361.947744533643
6105.479096680292,675.0,-5270.242478095987
6157.440620907359,675.0,-5188.32609469219
6209.402145134424,675.0,-3458.9655169770017
6261.363669361491,675.0,-6237.934101535798
6313.325193588557,675.0,-6109.272995896061
6365.286717815624,675.0,-2251.786149569506
6417.2482420426895,675.0,-2235.2597276667475
6469.209766269756,675.0,-5958.52234997937
6521.171290496823,675.0,-6145.432081563527
6573.132814723889,675.0,-2221.117844068071
6625.094338950955,675.0,-2227.793927014624
6677.055863178021,675.0,-2208.807462317036
6729.017387405088,675.0,-2427.018627956131
6780.9789116321535,675.0,-2502.9811824789313
6832.94043585922,675.0,-2468.1801634808467
6884.901960086287,675.0,-2232.8715614783387
6936.863484313353,675.0,-2113.058897782532
6988.825008540419,675.0,-2173.9669722671088
7040.786532767485,675.0,-2014.387760500105
7092.748056994552,675.0,-2231.02901579111
7144.7095812216185,675.0,-2418.2073392894454
7196.671105448684,675.0,-4103.1454370765105
7248.632629675751,675.0,-4042.9077511415016
7300.594153902817,675.0,-3882.363374388145
7352.555678129884,675.0,-3649.7701482821244
7404.517202356949,675.0,-3592.2944118602713
7456.478726584016,675.0,-3595.9640875838904
7508.4402508110825,675.0,-3605.0302285565167
7560.401775038149,675.0,-3604.3121022445393
7612.363299265215,675.0,-3622.1548254579984
7664.324823492281,675.0,-3682.9771796116875
7716.286347719348,675.0,-3751.742531250972
7768.247871946414,675.0,-3813.217394608194
7820.20939617348,675.0,-3820.5153617196756
7872.1709204005465,675.0,-3823.059577572471
7924.132444627613,675.0,-3218.109258543622
7976.09396885468,675.0,-4390.693692546267
8028.055493081745,675.0,-3889.2497868374458
8080.017017308812,675.0,-3711.598117385625
8131.978541535878,675.0,-6313.696986037559
8183.940065762945,675.0,-2478.0679861516437
8235.901589990011,675.0,-2554.9383653499885
8287.863114217078,675.0,2805.7169694673385
8339.824638444143,675.0,2741.18677383504
8391.78616267121,675.0,2781.3400056828004
8443.747686898276,675.0,2805.2088810385394
8495.709211125342,675.0,95.57252340329117
8547.670735352409,675.0,122.47552777336003
8599.632259579475,675.0,-211.25830121125813
8651.593783806542,675.0,-221.92256597745572
8703.555308033607,675.0,-240.43367745500905
8755.516832260673,675.0,-189.39567068205275
8807.47835648774,675.0,-959.7316720519551
8859.439880714806,675.0,-1091.8442406637023
8911.401404941873,675.0,-1263.9749249798103
8963.36292916894,675.0,-1405.7335518622572
9015.324453396006,675.0,-1515.1091115328268
9067.285977623073,675.0,-1599.0488312024515
9119.247501850137,675.0,-1660.3602472580865
9171.209026077204,675.0,-1696.159501045242
9223.17055030427,675.0,-1709.017866962855
9275.132074531337,675.0,-1701.9324327163317
9327.093598758403,675.0,-1676.3414179369893
9379.05512298547,675.0,-1639.9516286941998
9431.016647212537,675.0,-1600.8212202852574
9482.978171439603,675.0,-1570.1319074020475
9534.939695666668,675.0,-1566.0774292651986
9586.901219893734,675.0,-1598.4410882012558
9638.862744120801,675.0,-1667.6503898818996
9690.824268347867,675.0,-1772.3690389080657
9742.785792574934,675.0,-1917.202335518415
9794.747316802,675.0,-2111.598549204795
9846.708841029067,675.0,-2380.3730882822438
9898.670365256134,675.0,-2755.8647996869668
9950.631889483198,675.0,-3276.904772898417
10002.593413710265,675.0,-3963.696465920404
10054.554937937331,675.0,-4714.011126662215
10106.516462164398,675.0,-5431.859639538705
10158.477986391465,675.0,-5887.695389450355
10210.439510618531,675.0,-6279.446800760255
10262.401034845598,675.0,-6381.857107216487
10314.362559072662,675.0,-6564.665644526269
10366.324083299729,675.0,-1489.729996093504
0.0,720.0,-1359.7179385503969
51.96152422706631,720.0,-1325.582866502701
103.92304845413263,720.0,-3721.635655202305
155.88457268119893,720.0,-3672.398198850572
207.84609690826525,720.0,-3223.4046053470174
259.80762113533154,720.0,-3069.91950160167
311.76914536239786,720.0,-3066.5996520095714
363.7306695894642,720.0,-3062.763574163741
415.6921938165305,720.0,-2778.836013285466
467.6537180435968,720.0,-2658.5439866033203
519.6152422706631,720.0,-2511.2699034161587
571.5767664977294,720.0,-2442.8939636912505
623.5382907247957,720.0,-2542.866080993277
675.499814951862,720.0,-3390.7986438152366
727.4613391789284,720.0,-3694.1475387713526
779.4228634059947,720.0,-4272.4273879568955
831.384387633061,720.0,-3836.4297616543836
883.3459118601273,720.0,-3786.710035823545
935.3074360871937,720.0,-4187.323250208612
987.26896031426,720.0,-6208.518823965069
1039.2304845413262,720.0,-2573.110092303451
1091.1920087683925,720.0,-2575.1084749022552
1143.1535329954588,720.0,212.23780104053972
1195.1150572225251,720.0,231.14262792628318
1247.0765814495915,720.0,240.6014352474309
1299.0381056766578,720.0,2954.0650536155417
1350.999629903724,720.0,3001.8773088480652
1402.9611541307904,720.0,288.1159045606923
1454.9226783578567,720.0,3001.25460714947
1506.884202584923,720.0,2877.0138932888985
1558.8457268119894,720.0,2088.7089335067094
1610.8072510390557,720.0,1754.0181421672335
1662.768775266122,720.0,1432.5147392889112
1714.7302994931883,720.0,1225.3122360933876
1766.6918237202547,720.0,1082.4003456228743
1818.653347947321,720.0,984.8834587813701
1870.6148721743873,720.0,920.1816652408215
1922.5763964014536,720.0,884.5165297032646
1974.53792062852,720.0,867.045449447131
2026.4994448555863,720.0,859.270143655104
2078.4609690826524,720.0,841.9937408614517
2130.422493309719,720.0,796.7520933275141
2182.384017536785,720.0,725.208474008416
2234.3455417638515,720.0,635.7147880852724
2286.3070659909176,720.0,537.4989209000872
2338.268590217984,720.0,441.5144249384794
2390.2301144450503,720.0,371.13352303203067
2442.191638672117,720.0,272.40755264816084
2494.153162899183,720.0,286.97725487650996
2546.1146871262495,720.0,276.35654968769836
2598.0762113533156,720.0,256.9265710086633
2650.037735580382,720.0,-366.7436985703757
2701.999259807448,720.0,-713.2607462148546
2753.9607840345147,720.0,-1183.4004445811515
2805.922308261581,720.0,-1646.388936626608
2857.8838324886474,720.0,-2086.6380492036515
2909.8453567157135,720.0,-2494.3141117771174
2961.80688094278,720.0,-2866.873828948541
3013.768405169846,720.0,-3207.203153152221
3065.7299293969127,720.0,-3513.6895117566955
3117.6914536239788,720.0,-3789.281559551223
3169.6529778510453,720.0,-4037.882040404932
3221.6145020781114,720.0,-4260.705036137327
3273.576026305178,720.0,-4456.819664093831
3325.537550532244,720.0,-4631.760868722327
3377.49907475931,720.0,-4781.498055758466
3429.4605989863767,720.0,-4898.202433444421
3481.422123213443,720.0,-4969.07499454384
3533.3836474405093,720.0,-4958.617998527887
3585.3451716675754,720.0,-4857.461977869652
3637.306695894642,720.0,-4732.90936042829
3689.268220121708,720.0,-4353.462271711793
3741.2297443487746,720.0,-4371.052624624659
3793.1912685758407,720.0,-4440.141333173591
3845.1527928029072,720.0,-4391.223987308771
3897.1143170299733,720.0,-3931.5601812230234
3949.07584125704,720.0,-4103.06456142971
4001.037365484106,720.0,-6452.653797530939
4052.9988897111725,720.0,-6023.119852008627
4104.960413938239,720.0,-5717.7141243502465
4156.921938165305,720.0,-1225.5770209423267
4208.883462392371,720.0,-1505.6709702015137
4260.844986619438,720.0,-6162.510405960535
4312.806510846504,720.0,-6377.404446077256
4364.76803507357,720.0,-6580.310409887097
4416.7295593006365,720.0,-6599.155247745612
4468.691083527703,720.0,-6580.313680060288
4520.65260775477,720.0,-6553.8125758643255
4572.614131981835,720.0,-6527.723091538546
4624.575656208902,720.0,-6506.584485309463
4676.537180435968,720.0,-6487.296593641986
4728.498704663035,720.0,-6469.24843444496
4780.460228890101,720.0,-6449.130815382906
4832.421753117167,720.0,-6427.630720229454
4884.383277344234,720.0,-6406.912268955637
4936.3448015713,720.0,-6385.124348883569
4988.306325798366,720.0,-6359.9527850227005
5040.267850025432,720.0,-6331.673337192819
5092.229374252499,720.0,-6300.602139522908
5144.190898479565,720.0,-6266.177423846706
5196.152422706631,720.0,-6227.555825496072
5248.113946933698,720.0,-6185.150813500173
5300.075471160764,720.0,-6141.237668028769
5352.03699538783,720.0,-6092.284981957289
5403.998519614896,720.0,-6042.246804538045
5455.960043841963,720.0,-5991.729932068527
5507.9215680690295,720.0,-5941.77930368856
5559.883092296095,720.0,-5889.615692803952
5611.844616523162,720.0,-5838.108215157309
5663.806140750228,720.0,-5787.834075893917
5715.767664977295,720.0,-5743.965779674791
5767.72918920436,720.0,-5705.201660839648
5819.690713431427,720.0,-5675.558713096486
5871.6522376584935,720.0,-5655.505732543497
5923.61376188556,720.0,-5649.197529730427
5975.575286112626,720.0,-5659.706858715277
6027.536810339692,720.0,-5694.777666141013
6079.498334566759,720.0,-5759.913731113898
6131.459858793825,720.0,-5863.366787952749
6183.421383020891,720.0,-6003.744078009141
6235.3829072479575,720.0,-6525.801883392724
6287.344431475024,720.0,-6382.85047335548
6339.305955702091,720.0,-2193.353620657973
6391.267479929156,720.0,-2321.647523001602
6443.229004156223,720.0,-2051.8177049902615
6495.190528383289,720.0,-2046.416849171509
6547.152052610356,720.0,-2336.4481681336124
6599.1135768374215,720.0,-1980.1101363932748
6651.075101064488,720.0,-2027.9089575439873
6703.036625291555,720.0,-4024.6749489478916
6754.99814951862,720.0,-4055.665450812673
6806.959673745687,720.0,-4187.657385743869
6858.921197972753,720.0,-4134.791030391198
6910.88272219982,720.0,-4046.0996183683974
6962.844246426886,720.0,-4092.112085882921
7014.805770653952,720.0,-4068.5800127172624
7066.767294881019,720.0,-4070.9896619487054
7118.728819108085,720.0,-4182.259407204763
7170.690343335151,720.0,-4056.7816401044674
7222.651867562217,720.0,-4038.2068880877987
7274.613391789284,720.0,-3697.621886225116
7326.5749160163505,720.0,-3544.2854799476872
7378.536440243416,720.0,-3471.167223511836
7430.497964470483,720.0,-3462.601954555511
7482.459488697549,720.0,-3474.877840424576
7534.421012924616,720.0,-3495.114602355062
7586.382537151681,720.0,-3526.863404875735
7638.344061378748,720.0,-3571.8827040849833
7690.3055856058145,720.0,-3624.484550825712
7742.267109832881,720.0,-3674.244192151937
7794.228634059947,720.0,-3705.2606978490103
7846.190158287013,720.0,-3371.131400789309
7898.15168251408,720.0,-3281.732806386648
7950.113206741146,720.0,-4463.376472700382
8002.074730968212,720.0,-3928.4870616168823
8054.0362551952785,720.0,-3659.5605956496356
8105.997779422345,720.0,-4115.754306726245
8157.959303649412,720.0,-6314.597634102769
8209.920827876478,720.0,-6369.417544948529
8261.882352103545,720.0,-2235.470579743444
8313.84387633061,720.0,-2065.865676712976
8365.805400557676,720.0,-2323.4458262734024
8417.766924784743,720.0,-2532.463883343084
8469.728449011809,720.0,-2619.1298180426193
8521.689973238876,720.0,-218.57780220396307
8573.651497465942,720.0,-202.97972761603847
8625.613021693009,720.0,-221.83568449438638
8677.574545920073,720.0,-268.7670303001996
8729.53607014714,720.0,-1305.3901667497023
8781.497594374207,720.0,-1286.7465960460486
8833.459118601273,720.0,-1402.3913538277125
8885.42064282834,720.0,-1548.215880231784
8937.382167055406,720.0,-1656.361263021987
8989.343691282473,720.0,-1743.6863288446393
9041.30521550954,720.0,-1814.8880562306688
9093.266739736604,720.0,-1871.49695752261
9145.22826396367,720.0,-1911.5213363181215
9197.189788190737,720.0,-1936.2711107235991
9249.151312417804,720.0,-1946.390249459561
9301.11283664487,720.0,-1945.110461301541
9353.074360871937,720.0,-1936.5912701808059
9405.035885099003,720.0,-1924.8013428796512
9456.99740932607,720.0,-1917.9251403655016
9508.958933553135,720.0,-1930.2182176354295
9560.920457780201,720.0,-1967.8872756967776
9612.881982007268,720.0,-2036.9221058808052
9664.843506234334,720.0,-2137.6970196607144
9716.8050304614,720.0,-2274.867179035329
9768.766554688467,720.0,-2455.5369290286285
9820.728078915534,720.0,-2690.4727459578658
9872.6896031426,720.0,-2992.7269332626693
9924.651127369665,720.0,-3378.1738876130817
9976.612651596732,720.0,-3847.7839462668353
10028.574175823798,720.0,-4375.83251653214
10080.535700050865,720.0,-4903.8359424564405
10132.497224277931,720.0,-5358.751241347574
10184.458748504998,720.0,-5712.187868318123
10236.420272732064,720.0,-6005.371599958747
10288.38179695913,720.0,-6441.048070806399
10340.343321186196,720.0,-6581.070786506145
25.980762113533157,765.0,-1554.8497164443195
77.94228634059947,765.0,-1351.541007022135
129.90381056766577,765.0,-3773.424341939462
181.8653347947321,765.0,-3553.28143309241
233.8268590217984,765.0,-3240.4667142869785
285.7883832488647,765.0,-3123.2044522824754
337.749907475931,765.0,-2888.9089674441902
389.71143170299734,765.0,-2746.227128973055
441.67295593006367,765.0,-2696.965737081652
493.63448015713,765.0,-2687.4070857478146
545.5960043841962,765.0,-2702.924735819502
597.5575286112626,765.0,-3287.1610082285215
649.5190528383289,765.0,-3487.3147210567986
701.4805770653952,765.0,-3602.6405656939214
753.4421012924615,765.0,-3055.6626415132055
805.4036255195278,765.0,-4305.472752953729
857.3651497465942,765.0,-3763.2950533401972
909.3266739736605,765.0,-3759.640158645851
961.2881982007268,765.0,-4157.133896844088
1013.2497224277931,765.0,-6411.196538681686
1065.2112466548592,765.0,-6386.4061132388515
1117.1727708819255,765.0,62.808592686612315
1169.1342951089919,765.0,30.077202895225867
1221.0958193360582,765.0,45.8938702468223
1273.0573435631245,765.0,-2685.746338360628
1325.0188677901908,765.0,2980.2794904402467
1376.9803920172571,765.0,2813.1508752012596
1428.9419162443235,765.0,-2780.4872312645416
1480.9034404713898,765.0,2940.488010582847
1532.864964698456,765.0,2874.479232202187
1584.8264889255224,765.0,1785.916700430569
1636.7880131525887,765.0,1407.8484107340212
1688.749537379655,765.0,1163.1664381677137
1740.7110616067214,765.0,1018.4988481358735
1792.6725858337877,765.0,919.2589844888445
1844.634110060854,765.0,856.2751274029799
1896.5956342879203,765.0,825.8352391774399
1948.5571585149867,765.0,828.690271839121
2000.518682742053,765.0,857.866296713818
2052.4802069691195,765.0,894.9726975809376
2104.4417311961856,765.0,897.9894812301382
2156.403255423252,765.0,843.6269895171353
2208.3647796503183,765.0,747.4521242768426
2260.326303877385,765.0,634.5346713057779
2312.287828104451,765.0,522.9218161458994
2364.2493523315175,765.0,422.85901549801446
2416.2108765585835,765.0,351.26948678912106
2468.17240078565,765.0,228.94000968358924
2520.133925012716,765.0,205.2981818081048
2572.0954492397827,765.0,251.18680250215465
2624.056973466849,765.0,272.07806307113333
2676.0184976939154,765.0,-455.90942634894094
2727.9800219209815,765.0,-859.7444480713389
2779.941546148048,765.0,-1372.882899648996
2831.903070375114,765.0,-1848.4499209857454
2883.8645946021807,765.0,-2286.2259099020903
2935.8261188292468,765.0,-2688.0522194601726
2987.7876430563133,765.0,-3054.0708386038477
3039.7491672833794,765.0,-3387.0286851937526
3091.710691510446,765.0,-3688.4342531957373
3143.672215737512,765.0,-3962.759078742666
3195.6337399645786,765.0,-4211.480518861924
3247.5952641916447,765.0,-4431.521576026217
3299.556788418711,765.0,-4625.3116963872935
3351.5183126457773,765.0,-4793.703968248052
3403.4798368728434,765.0,-4933.541564748784
3455.44136109991,765.0,-5037.502307114007
3507.402885326976,765.0,-5101.042859331377
3559.3644095540426,765.0,-5107.58622798656
3611.3259337811087,765.0,-5041.221722353424
3663.2874580081752,765.0,-4987.955136812284
3715.2489822352413,765.0,-5071.447488012704
3767.210506462308,765.0,-4837.248014066377
3819.172030689374,765.0,-4968.490016317375
3871.1335549164405,765.0,-4904.254441087362
3923.0950791435066,765.0,-4707.843314335143
3975.056603370573,765.0,-4628.833598262279
4027.0181275976392,765.0,-6423.234957725403
4078.979651824706,765.0,-6000.551623777497
4130.941176051772,765.0,-5995.198163849782
4182.902700278838,765.0,-1471.7330387291258
4234.8642245059045,765.0,-6446.010499689248
4286.825748732971,765.0,-6478.905668089206
4338.787272960038,765.0,-6662.387177659337
4390.748797187103,765.0,-6663.429338615237
4442.71032141417,765.0,-6626.32470560734
4494.671845641236,765.0,-6596.858305685493
4546.633369868303,765.0,-6573.317093815247
4598.5948940953685,765.0,-6556.381544835951
4650.556418322435,765.0,-6543.892127464187
4702.517942549502,765.0,-6534.33995311899
4754.479466776568,765.0,-6523.892898021715
4806.440991003634,765.0,-6510.880726599282
4858.4025152307,765.0,-6494.418885885427
4910.364039457767,765.0,-6479.0680284167065
4962.3255636848335,765.0,-6462.206839808847
5014.287087911899,765.0,-6445.149778225959
5066.248612138966,765.0,-6425.752555885086
5118.210136366032,765.0,-6401.046041235548
5170.171660593098,765.0,-6371.335893708315
5222.133184820164,765.0,-6336.945208085104
5274.094709047231,765.0,-6296.732851467597
5326.0562332742975,765.0,-6254.882188424316
5378.017757501363,765.0,-6210.008318028069
5429.97928172843,765.0,-6166.361080980434
5481.940805955496,765.0,-6124.023423996745
5533.902330182563,765.0,-6078.61948744507
5585.863854409628,765.0,-6030.869162256949
5637.825378636695,765.0,-5983.6624911841955
5689.7869028637615,765.0,-5937.242263776339
5741.748427090828,765.0,-5897.886301550732
5793.709951317894,765.0,-5866.837935857147
5845.67147554496,765.0,-5851.462835905563
5897.632999772027,765.0,-5851.5629934218605
5949.594523999093,765.0,-5876.334305990618
6001.556048226159,765.0,-5936.719412683133
6053.5175724532255,765.0,-6065.310588032082
6105.479096680292,765.0,-6363.253174476928
6157.440620907359,765.0,-6923.4365560621145
6209.402145134424,765.0,-6718.61227417796
6261.363669361491,765.0,-6886.522491286716
6313.325193588557,765.0,-2206.504959990283
6365.286717815624,765.0,-2546.6948744935908
6417.2482420426895,765.0,-2216.499894544613
6469.209766269756,765.0,-1937.330437515987
6521.171290496823,765.0,-1924.4103884364438
6573.132814723889,765.0,-2108.2467854518204
6625.094338950955,765.0,-3991.0480958996823
6677.055863178021,765.0,-4027.063007837818
6729.017387405088,765.0,-4027.2209177772256
6780.9789116321535,765.0,-4017.3024056723134
6832.94043585922,765.0,-4071.299808473522
6884.901960086287,765.0,-4024.3434691133557
6936.863484313353,765.0,-4016.394735668383
6988.825008540419,765.0,-4019.371011296862
7040.786532767485,765.0,-3954.426714963421
7092.748056994552,765.0,-3949.5064248526323
7144.7095812216185,765.0,-4089.885811157571
7196.671105448684,765.0,-3994.82470508312
7248.632629675751,765.0,-3681.746657899903
7300.594153902817,765.0,-3508.799161562087
7352.555678129884,765.0,-3460.7192893605697
7404.517202356949,765.0,-3448.9993830247804
7456.478726584016,765.0,-3458.02889611379
7508.4402508110825,765.0,-3480.945538831492
7560.401775038149,765.0,-3512.912230094419
7612.363299265215,765.0,-3553.328151601733
7664.324823492281,765.0,-3595.4803081716873
7716.286347719348,765.0,-3632.5102917339364
7768.247871946414,765.0,-3669.2793070664693
7820.20939617348,765.0,-3421.494232298007
7872.1709204005465,765.0,-4428.19648938922
7924.132444627613,765.0,-4495.011931089213
7976.09396885468,765.0,-3888.203211547237
8028.055493081745,765.0,-3742.8969251786552
8080.017017308812,765.0,-4040.8165643446923
8131.978541535878,765.0,-2987.306817653808
8183.940065762945,765.0,-4864.501691082209
8235.901589990011,765.0,-6372.016480665194
8287.863114217078,765.0,-6270.539251840641
8339.824638444143,765.0,-6258.20688907313
8391.78616267121,765.0,-6365.986609316997
8443.747686898276,765.0,-6438.2070829737895
8495.709211125342,765.0,-3725.8576403777097
8547.670735352409,765.0,-3948.7675139973826
8599.632259579475,765.0,-227.4200227768373
8651.593783806542,765.0,-1992.8883417176362
8703.555308033607,765.0,-1842.5986198091955
8755.516832260673,765.0,-1774.6746091178748
8807.47835648774,765.0,-1823.0158487167269
8859.439880714806,765.0,-1886.2038594245623
8911.401404941873,765.0,-1945.3174840436957
8963.36292916894,765.0,-1999.3268658194377
9015.324453396006,765.0,-2049.499663359141
9067.285977623073,765.0,-2093.116694341851
9119.247501850137,765.0,-2129.9269694763825
9171.209026077204,765.0,-2160.617674854665
9223.17055030427,765.0,-2182.107092515248
9275.132074531337,765.0,-2195.168412768616
9327.093598758403,765.0,-2206.7158436867885
9379.05512298547,765.0,-2218.0423433953765
9431.016647212537,765.0,-2231.411119353743
9482.978171439603,765.0,-2256.182066094623
9534.939695666668,765.0,-2301.961436871985
9586.901219893734,765.0,-2373.9287706463583
9638.862744120801,765.0,-2474.0681361861225
9690.824268347867,765.0,-2602.8509808628137
9742.785792574934,765.0,-2766.5885742569167
9794.747316802,765.0,-2970.658909375098
9846.708841029067,765.0,-3220.4670915237957
9898.670365256134,765.0,-3520.661648269188
9950.631889483198,765.0,-3871.380932844837
10002.593413710265,765.0,-4260.843707607783
10054.554937937331,765.0,-4663.74253362903
10106.516462164398,765.0,-5048.017644275773
10158.477986391465,765.0,-5394.724591729122
10210.439510618531,765.0,-5703.805376074057
10262.401034845598,765.0,-6019.874296686485
10314.362559072662,765.0,-6406.770031557919
10366.324083299729,765.0,-6390.876364888161
0.0,810.0,-6444.8788782170295
51.96152422706631,810.0,-1422.833571744542
103.92304845413263,810.0,-1472.789434356134
155.88457268119893,810.0,-3664.7712817354513
207.84609690826525,810.0,-3617.295448875455
259.80762113533154,810.0,-2995.0304501770884
311.76914536239786,810.0,-2869.123159571592
363.7306695894642,810.0,-2813.52829075326
415.6921938165305,810.0,-2884.582524486815
467.6537180435968,810.0,-3351.9529838101976
519.6152422706631,810.0,-3419.3067568805677
571.5767664977294,810.0,-3512.9648919115025
623.5382907247957,810.0,-3604.4746338589403
675.499814951862,810.0,-3567.2249738102873
727.4613391789284,810.0,-2991.2364853857825
779.4228634059947,810.0,-4245.53771526497
831.384387633061,810.0,-3758.1025136822846
883.3459118601273,810.0,-3783.7528377449757
935.3074360871937,810.0,-4065.3704283517054
987.26896031426,810.0,-3143.9830571770485
1039.2304845413262,810.0,-4753.057519770627
1091.1920087683925,810.0,-6160.608278638345
1143.1535329954588,810.0,10.912877176286049
1195.1150572225251,810.0,15.631915412334287
1247.0765814495915,810.0,-5765.335448179034
1299.0381056766578,810.0,-2651.4307934936196
1350.999629903724,810.0,2807.4945326950083
1402.9611541307904,810.0,2855.3667910337344
1454.9226783578567,810.0,3001.1442760583723
1506.884202584923,810.0,2722.195820698649
1558.8457268119894,810.0,1591.5139738607063
1610.8072510390557,810.0,1316.9965818730298
1662.768775266122,810.0,1008.801173789573
1714.7302994931883,810.0,878.7629678560011
1766.6918237202547,810.0,797.9638065441932
1818.653347947321,810.0,739.8741242466177
1870.6148721743873,810.0,712.069193150712
1922.5763964014536,810.0,723.379813560271
1974.53792062852,810.0,781.5952906851164
2026.4994448555863,810.0,900.4448457163481
2078.4609690826524,810.0,1019.0917214652304
2130.422493309719,810.0,1022.6496718928538
2182.384017536785,810.0,912.3459028745413
2234.3455417638515,810.0,760.0126225334768
2286.3070659909176,810.0,612.0160731620542
2338.268590217984,810.0,490.7605243663961
2390.2301144450503,810.0,391.1210194621809
2442.191638672117,810.0,332.6902341343225
2494.153162899183,810.0,242.19639249810336
2546.1146871262495,810.0,208.44509156541537
2598.0762113533156,810.0,197.8952369364982
2650.037735580382,810.0,239.86261041170212
2701.999259807448,810.0,-608.388729078105
2753.9607840345147,810.0,-1111.7841863319734
2805.922308261581,810.0,-1627.773087109042
2857.8838324886474,810.0,-2092.137051942752
2909.8453567157135,810.0,-2518.4166599397468
2961.80688094278,810.0,-2909.882557345856
3013.768405169846,810.0,-3267.3794608762983
3065.7299293969127,810.0,-3595.4686918430907
3117.6914536239788,810.0,-3895.5741236523913
3169.6529778510453,810.0,-4169.488305600613
3221.6145020781114,810.0,-4415.344749248373
3273.576026305178,810.0,-4636.8367874609485
3325.537550532244,810.0,-4830.8799336040665
3377.49907475931,810.0,-4996.395345180943
3429.4605989863767,810.0,-5131.0177966978545
3481.422123213443,810.0,-5242.956817083156
3533.3836474405093,810.0,-5336.832353586132
3585.3451716675754,810.0,-5394.585123618684
3637.306695894642,810.0,-5422.084092281897
3689.268220121708,810.0,-5498.036514979194
3741.2297443487746,810.0,-5889.398250671092
3793.1912685758407,810.0,-6855.47349595258
3845.1527928029072,810.0,-6752.504724540246
3897.1143170299733,810.0,-6602.329235090785
3949.07584125704,810.0,-1978.307356638827
4001.037365484106,810.0,-2006.85446152766
4052.9988897111725,810.0,-2092.9002893309707
4104.960413938239,810.0,-2164.310477990467
4156.921938165305,810.0,-2222.9179449848443
4208.883462392371,810.0,-6333.494493964004
4260.844986619438,810.0,-6631.129059891264
4312.806510846504,810.0,-6884.988785176762
4364.76803507357,810.0,-6904.768599547177
4416.7295593006365,810.0,-6694.723583141064
4468.691083527703,810.0,-6649.905400284973
4520.65260775477,810.0,-6611.111150729173
4572.614131981835,810.0,-6593.766635780025
4624.575656208902,810.0,-6593.860618973975
4676.537180435968,810.0,-6597.170673840279
4728.498704663035,810.0,-6596.9435923365545
4780.460228890101,810.0,-6590.383951878309
4832.421753117167,810.0,-6577.546238105197
4884.383277344234,810.0,-6564.778179876757
4936.3448015713,810.0,-6555.093163979131
4988.306325798366,810.0,-6548.798957603722
5040.267850025432,810.0,-6541.866061899902
5092.229374252499,810.0,-6529.380810771261
5144.190898479565,810.0,-6508.1049677776045
5196.152422706631,810.0,-6481.953816007594
5248.113946933698,810.0,-6448.309936314623
5300.075471160764,810.0,-6406.864761845134
5352.03699538783,810.0,-6362.559432867183
5403.998519614896,810.0,-6322.621436687476
5455.960043841963,810.0,-6290.085929483843
5507.9215680690295,810.0,-6256.522169494559
5559.883092296095,810.0,-6217.611927854749
5611.844616523162,810.0,-6175.110397309338
5663.806140750228,810.0,-6129.690323858233
5715.767664977295,810.0,-6087.387210124936
5767.72918920436,810.0,-6051.740017042846
5819.690713431427,810.0,-6031.242374060084
5871.6522376584935,810.0,-6027.933087192395
5923.61376188556,810.0,-6049.347110615852
5975.575286112626,810.0,-6103.431114296635
6027.536810339692,810.0,-6221.60862326051
6079.498334566759,810.0,-6508.643554844539
6131.459858793825,810.0,-6976.782981051066
6183.421383020891,810.0,-6695.492057902593
6235.3829072479575,810.0,-6980.444762113628
6287.344431475024,810.0,-2142.454738248197
6339.305955702091,810.0,-2447.7216025653215
6391.267479929156,810.0,-4143.349096003862
6443.229004156223,810.0,-4142.945009964334
6495.190528383289,810.0,-4183.694422420889
6547.152052610356,810.0,-4076.508724189123
6599.1135768374215,810.0,-4111.541843949514
6651.075101064488,810.0,-4089.757372073025
6703.036625291555,810.0,-4071.338611084584
6754.99814951862,810.0,-3726.575437969531
6806.959673745687,810.0,-3651.6723731694583
6858.921197972753,810.0,-3650.8094704446676
6910.88272219982,810.0,-3641.7619049194236
6962.844246426886,810.0,-3642.5791490383726
7014.805770653952,810.0,-3633.9976728790416
7066.767294881019,810.0,-3623.182079059231
7118.728819108085,810.0,-3663.089330623763
7170.690343335151,810.0,-3691.009909526511
7222.651867562217,810.0,-3606.7037576746006
7274.613391789284,810.0,-3502.7526351210336
7326.5749160163505,810.0,-3463.1096314562196
7378.536440243416,810.0,-3453.553159394618
7430.497964470483,810.0,-3463.3370924401543
7482.459488697549,810.0,-3485.927646158718
7534.421012924616,810.0,-3516.4459639029
7586.382537151681,810.0,-3553.216480030533
7638.344061378748,810.0,-3589.102690451638
7690.3055856058145,810.0,-3608.357254221696
7742.267109832881,810.0,-3295.6682305470845
7794.228634059947,810.0,-3365.2649518500402
7846.190158287013,810.0,-4399.3610888611365
7898.15168251408,810.0,-3979.358209310839
7950.113206741146,810.0,-3885.316037459771
8002.074730968212,810.0,-3732.780128261661
8054.0362551952785,810.0,-3936.965839946519
8105.997779422345,810.0,-2953.01520576025
8157.959303649412,810.0,-3838.1352684570934
8209.920827876478,810.0,-4287.350634099903
8261.882352103545,810.0,-4558.793111900552
8313.84387633061,810.0,-4506.408448498149
8365.805400557676,810.0,-2889.530155463869
8417.766924784743,810.0,-4021.521534457039
8469.728449011809,810.0,-3607.3107882273102
8521.689973238876,810.0,-3865.94776778483
8573.651497465942,810.0,-4511.128751764652
8625.613021693009,810.0,-3355.9936757130185
8677.574545920073,810.0,-2488.1312637429146
8729.53607014714,810.0,-2438.3096011704647
8781.497594374207,810.0,-2326.587781584146
8833.459118601273,810.0,-2278.591215054661
8885.42064282834,810.0,-2266.573495591971
8937.382167055406,810.0,-2275.7190684949082
8989.343691282473,810.0,-2294.8286394975494
9041.30521550954,810.0,-2320.6680189953454
9093.266739736604,810.0,-2348.7460170171353
9145.22826396367,810.0,-2377.37965102606
9197.189788190737,810.0,-2403.559255667088
9249.151312417804,810.0,-2427.674622779219
9301.11283664487,810.0,-2452.2322638050036
9353.074360871937,810.0,-2478.6232390009145
9405.035885099003,810.0,-2509.780137000083
9456.99740932607,810.0,-2549.4238048244856
9508.958933553135,810.0,-2605.4436892516164
9560.920457780201,810.0,-2681.6113868116536
9612.881982007268,810.0,-2780.694858257976
9664.843506234334,810.0,-2903.179514773916
9716.8050304614,810.0,-3051.898410114855
9768.766554688467,810.0,-3232.242013801664
9820.728078915534,810.0,-3444.8219937726303
9872.6896031426,810.0,-3692.421812173294
9924.651127369665,810.0,-3970.311047456188
9976.612651596732,810.0,-4275.063072113697
10028.574175823798,810.0,-4593.309348078978
10080.535700050865,810.0,-4906.389385382174
10132.497224277931,810.0,-5204.795873106956
10184.458748504998,810.0,-5483.339310996456
10236.420272732064,810.0,-5756.076108414438
10288.38179695913,810.0,-6045.766374116298
10340.343321186196,810.0,-6392.806978904405
25.980762113533157,855.0,-6476.571128186225
77.94228634059947,855.0,-2028.742742588946
129.90381056766577,855.0,-1937.1358837987245
181.8653347947321,855.0,-3692.129637204719
233.8268590217984,855.0,-2984.763841699456
285.7883832488647,855.0,-2979.037462258476
337.749907475931,855.0,-2995.06432853338
389.71143170299734,855.0,-3381.0733159739943
441.67295593006367,855.0,-3525.323661067343
493.63448015713,855.0,-3610.3762783810616
545.5960043841962,855.0,-3613.4878754568736
597.5575286112626,855.0,-3610.8801782658406
649.5190528383289,855.0,-3584.969886619604
701.4805770653952,855.0,-3549.5854025928443
753.4421012924615,855.0,-3024.343503676758
805.4036255195278,855.0,-4135.815691924139
857.3651497465942,855.0,-3822.673528075502
909.3266739736605,855.0,-3733.1796483716125
961.2881982007268,855.0,-4023.184278326663
1013.2497224277931,855.0,-3084.0103072917036
1065.2112466548592,855.0,-3869.0999369682286
1117.1727708819255,855.0,-3474.895370789039
1169.1342951089919,855.0,-3013.852719811238
1221.0958193360582,855.0,-3815.628911226454
1273.0573435631245,855.0,-5882.478390146224
1325.0188677901908,855.0,-2564.1843879505145
1376.9803920172571,855.0,2978.2181805488544
1428.9419162443235,855.0,3139.267703890163
1480.9034404713898,855.0,3071.975283306542
1532.864964698456,855.0,452.21444988706116
1584.8264889255224,855.0,444.80726281378577
1636.7880131525887,855.0,507.06858554731355
1688.749537379655,855.0,743.6738334130197
1740.7110616067214,855.0,676.0670143841876
1792.6725858337877,855.0,628.7446688791231
1844.634110060854,855.0,600.0744170972725
1896.5956342879203,855.0,599.7133752924344
1948.5571585149867,855.0,649.5324024853717
2000.518682742053,855.0,792.7847158465706
2052.4802069691195,855.0,1054.940097861679
2104.4417311961856,855.0,1286.6935749508184
2156.403255423252,855.0,1217.2728216412333
2208.3647796503183,855.0,969.7879608399495
2260.326303877385,855.0,719.3871316383825
2312.287828104451,855.0,544.0507140703444
2364.2493523315175,855.0,428.851458667005
2416.2108765585835,855.0,353.9792953301885
2468.17240078565,855.0,243.391986427902
2520.133925012716,855.0,245.19915600426532
2572.0954492397827,855.0,212.22774818583986
2624.056973466849,855.0,236.86790247479826
2676.0184976939154,855.0,-511.6366093536517
2727.9800219209815,855.0,-923.0976419548902
2779.941546148048,855.0,-1444.7031479050179
2831.903070375114,855.0,-1924.2308398437715
2883.8645946021807,855.0,-2361.734935925103
2935.8261188292468,855.0,-2767.479200978988
2987.7876430563133,855.0,-3144.8981852110887
3039.7491672833794,855.0,-3493.6944630249736
3091.710691510446,855.0,-3816.358956276632
3143.672215737512,855.0,-4114.643257776429
3195.6337399645786,855.0,-4387.146717704149
3247.5952641916447,855.0,-4635.103127733848
3299.556788418711,855.0,-4858.586163632345
3351.5183126457773,855.0,-5051.75839239456
3403.4798368728434,855.0,-5212.996330420063
3455.44136109991,855.0,-5343.921927679667
3507.402885326976,855.0,-5476.966053483702
3559.3644095540426,855.0,-5678.976034049765
3611.3259337811087,855.0,-5744.16422074535
3663.2874580081752,855.0,-5784.717004368495
3715.2489822352413,855.0,-6241.872187061335
3767.210506462308,855.0,-6622.635536928338
3819.172030689374,855.0,-6603.229981969309
3871.1335549164405,855.0,-2120.0484126717615
3923.0950791435066,855.0,-1684.2095767269977
3975.056603370573,855.0,-1771.1105901657334
4027.0181275976392,855.0,-2135.36611265001
4078.979651824706,855.0,-2089.6429120886305
4130.941176051772,855.0,-2549.7240612378537
4182.902700278838,855.0,-2402.2845349373674
4234.8642245059045,855.0,-2092.4028127926563
4286.825748732971,855.0,-6788.783019143504
4338.787272960038,855.0,-7036.695690569808
4390.748797187103,855.0,-6773.315297997971
4442.71032141417,855.0,-6762.570762153089
4494.671845641236,855.0,-6646.54316492696
4546.633369868303,855.0,-6565.824254553378
4598.5948940953685,855.0,-6624.229193492147
4650.556418322435,855.0,-6652.521680511418
4702.517942549502,855.0,-6673.4585628713685
4754.479466776568,855.0,-6679.930745324415
4806.440991003634,855.0,-6666.690736192816
4858.4025152307,855.0,-6647.123113066806
4910.364039457767,855.0,-6633.425207417663
4962.3255636848335,855.0,-6638.467437221087
5014.287087911899,855.0,-6652.032926875874
5066.248612138966,855.0,-6653.221519576715
5118.210136366032,855.0,-6639.975839678603
5170.171660593098,855.0,-6619.859241813039
5222.133184820164,855.0,-6596.390227206007
5274.094709047231,855.0,-6556.660163170833
5326.0562332742975,855.0,-6502.379996933097
5378.017757501363,855.0,-6457.493203335314
5429.97928172843,855.0,-6430.905449831813
5481.940805955496,855.0,-6414.409200905651
5533.902330182563,855.0,-6394.673604491722
5585.863854409628,855.0,-6361.108040559537
5637.825378636695,855.0,-6315.476252718173
5689.7869028637615,855.0,-6267.035436145722
5741.748427090828,855.0,-6223.822730939701
5793.709951317894,855.0,-6193.451406023485
5845.67147554496,855.0,-6180.850028181107
5897.632999772027,855.0,-6191.60328975312
5949.594523999093,855.0,-6226.560905688418
6001.556048226159,855.0,-6297.805619227916
6053.5175724532255,855.0,-6464.0498062162915
6105.479096680292,855.0,-6868.9822605893805
6157.440620907359,855.0,-6649.212534385054
6209.402145134424,855.0,-2339.4456941650333
6261.363669361491,855.0,-2348.1594102730332
6313.325193588557,855.0,-2336.37183798546
6365.286717815624,855.0,-4126.646727979983
6417.2482420426895,855.0,-4085.827136374629
6469.209766269756,855.0,-4104.784383195562
6521.171290496823,855.0,-3954.5661164516046
6573.132814723889,855.0,-3912.1806157186256
6625.094338950955,855.0,-3924.8644930654873
6677.055863178021,855.0,-3728.2176846776883
6729.017387405088,855.0,-3598.379995338673
6780.9789116321535,855.0,-3486.1080933399826
6832.94043585922,855.0,-3462.6741059824813
6884.901960086287,855.0,-3459.985175519929
6936.863484313353,855.0,-3460.1832522192635
6988.825008540419,855.0,-3464.0521848743006
7040.786532767485,855.0,-3470.980094265928
7092.748056994552,855.0,-3485.1915596803574
7144.7095812216185,855.0,-3499.083561420627
7196.671105448684,855.0,-3497.495238562964
7248.632629675751,855.0,-3479.128089509284
7300.594153902817,855.0,-3463.237178705761
7352.555678129884,855.0,-3463.4996311343098
7404.517202356949,855.0,-3474.77033124046
7456.478726584016,855.0,-3496.798930894861
7508.4402508110825,855.0,-3524.363787640103
7560.401775038149,855.0,-3552.2673502891766
7612.363299265215,855.0,-3576.664739347626
7664.324823492281,855.0,-3591.3736155663173
7716.286347719348,855.0,-3236.287448576971
7768.247871946414,855.0,-4457.731864374409
7820.20939617348,855.0,-4463.482112973631
7872.1709204005465,855.0,-4034.6443738786993
7924.132444627613,855.0,-3801.9934737493963
7976.09396885468,855.0,-3771.6459820380946
8028.055493081745,855.0,-4018.2860111677387
8080.017017308812,855.0,-2871.29250382554
8131.978541535878,855.0,-3568.506448285354
8183.940065762945,855.0,-3748.120547089895
8235.901589990011,855.0,-3888.4618205032875
8287.863114217078,855.0,-3870.028891115978
8339.824638444143,855.0,-3720.4823063295808
8391.78616267121,855.0,-2923.614360202647
8443.747686898276,855.0,-4054.6719388872953
8495.709211125342,855.0,-3731.341333768032
8547.670735352409,855.0,-3911.698460112725
8599.632259579475,855.0,-4496.834409060528
8651.593783806542,855.0,-3337.7230151532685
8703.555308033607,855.0,-2944.9671679801104
8755.516832260673,855.0,-2820.843081545744
8807.47835648774,855.0,-2681.3588015952746
8859.439880714806,855.0,-2603.3342392976383
8911.401404941873,855.0,-2563.3872889449403
8963.36292916894,855.0,-2550.127854046181
9015.324453396006,855.0,-2551.905217815053
9067.285977623073,855.0,-2566.546859146924
9119.247501850137,855.0,-2588.9970044566276
9171.209026077204,855.0,-2615.922460819435
9223.17055030427,855.0,-2645.3931862864765
9275.132074531337,855.0,-2679.6547389894786
9327.093598758403,855.0,-2716.60493182379
9379.05512298547,855.0,-2760.735495691072
9431.016647212537,855.0,-2813.826713765374
9482.978171439603,855.0,-2877.924353753823
9534.939695666668,855.0,-2958.1059291415877
9586.901219893734,855.0,-3058.3759054335474
9638.862744120801,855.0,-3179.0326224905866
9690.824268347867,855.0,-3320.2321274551514
9742.785792574934,855.0,-3483.653096038364
9794.747316802,855.0,-3671.693571168014
9846.708841029067,855.0,-3882.901756082339
9898.670365256134,855.0,-4118.0573708135635
9950.631889483198,855.0,-4369.168434443301
10002.593413710265,855.0,-4631.641942871043
10054.554937937331,855.0,-4893.393210746766
10106.516462164398,855.0,-5145.3006178113355
10158.477986391465,855.0,-5384.0615070165695
10210.439510618531,855.0,-5609.89551726525
10262.401034845598,855.0,-5839.459215377193
10314.362559072662,855.0,-6134.690512707382
10366.324083299729,855.0,-6540.382642639257
0.0,900.0,-6280.527816304426
51.96152422706631,900.0,-6510.737229235776
103.92304845413263,900.0,-2044.2871441076768
155.88457268119893,900.0,-1686.637942670188
207.84609690826525,900.0,-3959.733368339642
259.80762113533154,900.0,-3596.465070349709
311.76914536239786,900.0,-3422.9851637997913
363.7306695894642,900.0,-3536.6342537053715
415.6921938165305,900.0,-3602.9197283046465
467.6537180435968,900.0,-3608.864134020054
519.6152422706631,900.0,-3615.5400135793707
571.5767664977294,900.0,-3617.3126836213983
623.5382907247957,900.0,-3611.6528013647066
675.499814951862,900.0,-3591.307565974826
727.4613391789284,900.0,-3561.817644616781
779.4228634059947,900.0,-3165.659467414659
831.384387633061,900.0,-4225.878312658771
883.3459118601273,900.0,-3801.260872564439
935.3074360871937,900.0,-3731.3823476990774
987.26896031426,900.0,-4115.505974925336
1039.2304845413262,900.0,-3002.2879589192917
1091.1920087683925,900.0,-3027.9109983607386
1143.1535329954588,900.0,-3230.715518039584
1195.1150572225251,900.0,-3373.733211248216
1247.0765814495915,900.0,-4132.813247214333
1299.0381056766578,900.0,-6165.9814353434285
1350.999629903724,900.0,-2589.4901635259494
1402.9611541307904,900.0,-2670.504818415973
1454.9226783578567,900.0,308.40939592054036
1506.884202584923,900.0,333.42671213224696
1558.8457268119894,900.0,343.3521634320614
1610.8072510390557,900.0,329.64411689888453
1662.768775266122,900.0,351.1725951246226
1714.7302994931883,900.0,343.32291195385807
1766.6918237202547,900.0,352.7214295488363
1818.653347947321,900.0,365.2899046300686
1870.6148721743873,900.0,305.98518306417975
1922.5763964014536,900.0,323.9060643742709
1974.53792062852,900.0,316.80005226036633
2026.4994448555863,900.0,394.8334674406782
2078.4609690826524,900.0,2294.3041107112304
2130.422493309719,900.0,1543.8159783325384
2182.384017536785,900.0,1303.258597967521
2234.3455417638515,900.0,885.0336361342229
2286.3070659909176,900.0,592.6626351377467
2338.268590217984,900.0,449.17675190892106
2390.2301144450503,900.0,374.384409614725
2442.191638672117,900.0,223.53720116783964
2494.153162899183,900.0,214.20362152556947
2546.1146871262495,900.0,235.5897440869188
2598.0762113533156,900.0,250.4568200018116
2650.037735580382,900.0,-475.9409914355822
2701.999259807448,900.0,-844.9781355536695
2753.9607840345147,900.0,-1332.1883489700906
2805.922308261581,900.0,-1797.6842567956446
2857.8838324886474,900.0,-2231.884930516366
2909.8453567157135,900.0,-2641.714223915983
2961.80688094278,900.0,-3028.5886144240476
3013.768405169846,900.0,-3392.4136362357435
3065.7299293969127,900.0,-3734.4427116832694
3117.6914536239788,900.0,-4055.8430651502476
3169.6529778510453,900.0,-4353.35700877136
3221.6145020781114,900.0,-4629.363344728319
3273.576026305178,900.0,-4885.790655787889
3325.537550532244,900.0,-5115.841276064209
3377.49907475931,900.0,-5307.636573275076
3429.4605989863767,900.0,-5446.072430705342
3481.422123213443,900.0,-5514.858785691027
3533.3836474405093,900.0,-5704.383774182881
3585.3451716675754,900.0,-6250.0423558003495
3637.306695894642,900.0,-6045.934537852494
3689.268220121708,900.0,-6122.909424062048
3741.2297443487746,900.0,-6228.441990986664
3793.1912685758407,900.0,-6324.367301069886
3845.1527928029072,900.0,-2292.398464305699
3897.1143170299733,900.0,-2049.404894318138
3949.07584125704,900.0,-1918.8765100867527
4001.037365484106,900.0,-3888.4629349711367
4052.9988897111725,900.0,-3989.648197516729
4104.960413938239,900.0,-3947.8456460156303
4156.921938165305,900.0,-2295.9024533053876
4208.883462392371,900.0,-2196.847849167789
4260.844986619438,900.0,-1738.1574767258526
4312.806510846504,900.0,-1807.9949646943248
4364.76803507357,900.0,-6685.098639298692
4416.7295593006365,900.0,-6858.388383413838
4468.691083527703,900.0,-6893.333896824943
4520.65260775477,900.0,-6561.951559470144
4572.614131981835,900.0,-6610.5797322815015
4624.575656208902,900.0,-6702.207431078617
4676.537180435968,900.0,-6763.896348188948
4728.498704663035,900.0,-6830.496258174977
4780.460228890101,900.0,-6786.421777168645
4832.421753117167,900.0,-6738.0399500932335
4884.383277344234,900.0,-6696.118391084921
4936.3448015713,900.0,-6677.930075714907
4988.306325798366,900.0,-6772.244074299702
5040.267850025432,900.0,-6807.764990306909
5092.229374252499,900.0,-6778.159485137256
5144.190898479565,900.0,-6736.636937158159
5196.152422706631,900.0,-6738.39122610782
5248.113946933698,900.0,-6745.0162925169925
5300.075471160764,900.0,-6660.1064787589985
5352.03699538783,900.0,-6568.080889698119
5403.998519614896,900.0,-6543.056461732025
5455.960043841963,900.0,-6546.573802742872
5507.9215680690295,900.0,-6554.994705291538
5559.883092296095,900.0,-6549.038822125414
5611.844616523162,900.0,-6510.152145736238
5663.806140750228,900.0,-6453.1614058863115
5715.767664977295,900.0,-6394.629917770981
5767.72918920436,900.0,-6348.5527610061445
5819.690713431427,900.0,-6322.2251152883055
5871.6522376584935,900.0,-6320.736626700645
5923.61376188556,900.0,-6336.776254406133
5975.575286112626,900.0,-6346.964726411652
6027.536810339692,900.0,-6368.575415312559
6079.498334566759,900.0,-6515.0333627848395
6131.459858793825,900.0,-6674.93760177728
6183.421383020891,900.0,-2417.2256797202012
6235.3829072479575,900.0,-2290.2318995430796
6287.344431475024,900.0,-2317.3693793732464
6339.305955702091,900.0,-4132.944961775405
6391.267479929156,900.0,-4001.4712668933466
6443.229004156223,900.0,-3704.0086680333143
6495.190528383289,900.0,-3622.835052812839
6547.152052610356,900.0,-3581.0361637314218
6599.1135768374215,900.0,-3581.9843120645387
6651.075101064488,900.0,-3538.1185659638104
6703.036625291555,900.0,-3463.964922852352
6754.99814951862,900.0,-3426.3199948532774
6806.959673745687,900.0,-3402.667804823366
6858.921197972753,900.0,-3396.2238639898133
6910.88272219982,900.0,-3396.4562767334833
6962.844246426886,900.0,-3403.0151725001388
7014.805770653952,900.0,-3411.5095798533494
7066.767294881019,900.0,-3423.016724194585
7118.728819108085,900.0,-3435.3665508684744
7170.690343335151,900.0,-3444.6226257293415
7222.651867562217,900.0,-3450.9732306731034
7274.613391789284,900.0,-3456.8441784997462
7326.5749160163505,900.0,-3468.254901350361
7378.536440243416,900.0,-3486.4854162509046
7430.497964470483,900.0,-3510.7786724825264
7482.459488697549,900.0,-3536.9429338913596
7534.421012924616,900.0,-3554.0511242732255
7586.382537151681,900.0,-3559.0211109291686
7638.344061378748,900.0,-3568.6728658346356
7690.3055856058145,900.0,-3124.502376322677
7742.267109832881,900.0,-4389.763485420846
7794.228634059947,900.0,-4063.1204695932156
7846.190158287013,900.0,-3967.3780020642916
7898.15168251408,900.0,-3752.373684063273
7950.113206741146,900.0,-4045.35523602748
8002.074730968212,900.0,-4128.309823379605
8054.0362551952785,900.0,-2802.364666234879
8105.997779422345,900.0,-3450.3966853002858
8157.959303649412,900.0,-3570.5603060162475
8209.920827876478,900.0,-3668.604086927615
8261.882352103545,900.0,-3691.4056680961357
8313.84387633061,900.0,-3620.862493614781
8365.805400557676,900.0,-3530.191729220567
8417.766924784743,900.0,-2930.852913682429
8469.728449011809,900.0,-4054.3489710174836
8521.689973238876,900.0,-3791.669948781338
8573.651497465942,900.0,-3917.2318849933117
8625.613021693009,900.0,-4450.047342639835
8677.574545920073,900.0,-3269.082632099854
8729.53607014714,900.0,-3173.075223876561
8781.497594374207,900.0,-3033.9095947341875
8833.459118601273,900.0,-2917.535126674081
8885.42064282834,900.0,-2841.3160360946185
8937.382167055406,900.0,-2797.5485454994887
8989.343691282473,900.0,-2778.440927814595
9041.30521550954,900.0,-2777.8302979125947
9093.266739736604,900.0,-2791.0720084248705
9145.22826396367,900.0,-2815.047902279284
9197.189788190737,900.0,-2845.440035746452
9249.151312417804,900.0,-2883.6756695622107
9301.11283664487,900.0,-2929.00289625587
9353.074360871937,900.0,-2983.64838226127
9405.035885099003,900.0,-3046.3515453296714
9456.99740932607,900.0,-3120.871697429301
9508.958933553135,900.0,-3208.066445637589
9560.920457780201,900.0,-3311.175984711282
9612.881982007268,900.0,-3430.395297593239
9664.843506234334,900.0,-3566.2054356196068
9716.8050304614,900.0,-3719.8178435838745
9768.766554688467,900.0,-3891.9199188314524
9820.728078915534,900.0,-4081.773865665478
9872.6896031426,900.0,-4288.906570201931
9924.651127369665,900.0,-4508.492739067988
9976.612651596732,900.0,-4736.156427275038
10028.574175823798,900.0,-4963.426752216366
10080.535700050865,900.0,-5184.888246404209
10132.497224277931,900.0,-5396.49200595024
10184.458748504998,900.0,-5594.994792791802
10236.420272732064,900.0,-5779.28075704241
10288.38179695913,900.0,-5954.00639892379
10340.343321186196,900.0,-6140.180091096696
25.980762113533157,945.0,-6230.308802390179
77.94228634059947,945.0,-6589.110281638688
129.90381056766577,945.0,-1874.9504449089059
181.8653347947321,945.0,-1795.1521071246073
233.8268590217984,945.0,-3646.426641336857
285.7883832488647,945.0,-3664.097062377517
337.749907475931,945.0,-3614.498638953475
389.71143170299734,945.0,-3589.7915904135884
441.67295593006367,945.0,-3594.130579421142
493.63448015713,945.0,-3613.300955869547
545.5960043841962,945.0,-3622.098523911667
597.5575286112626,945.0,-3624.7789609426727
649.5190528383289,945.0,-3622.238039204479
701.4805770653952,945.0,-3607.9622729434204
753.4421012924615,945.0,-3583.6843232856795
805.4036255195278,945.0,-3210.0086950978057
857.3651497465942,945.0,-4277.787068838466
909.3266739736605,945.0,-3795.5974036598827
961.2881982007268,945.0,-3707.6303682506486
1013.2497224277931,945.0,-4156.346205571734
1065.2112466548592,945.0,-4238.577540631734
1117.1727708819255,945.0,-3096.964295589082
1169.1342951089919,945.0,-3422.455407578962
1221.0958193360582,945.0,-3592.475236415785
1273.0573435631245,945.0,-4308.206352726746
1325.0188677901908,945.0,-6321.607078456604
1376.9803920172571,945.0,-6253.825775285604
1428.9419162443235,945.0,-5.205469083444314
1480.9034404713898,945.0,11.066388520484509
1532.864964698456,945.0,-0.760133301926146
1584.8264889255224,945.0,2.856345753606206
1636.7880131525887,945.0,39.109720286224956
1688.749537379655,945.0,177.5941842272682
1740.7110616067214,945.0,218.38214580552102
1792.6725858337877,945.0,285.9650000930943
1844.634110060854,945.0,258.22941606826697
1896.5956342879203,945.0,245.61215413248124
1948.5571585149867,945.0,243.948878142838
2000.518682742053,945.0,296.281494990392
2052.4802069691195,945.0,340.4224009807607
2104.4417311961856,945.0,2970.271689728418
2156.403255423252,945.0,2747.4915292756104
2208.3647796503183,945.0,1042.5201022357082
2260.326303877385,945.0,709.3253763860055
2312.287828104451,945.0,283.1362135310892
2364.2493523315175,945.0,301.8550841975756
2416.2108765585835,945.0,279.9926895269848
2468.17240078565,945.0,229.93649245406064
2520.133925012716,945.0,261.5172207941954
2572.0954492397827,945.0,264.06847108997266
2624.056973466849,945.0,-491.05985383336287
2676.0184976939154,945.0,-839.3616211747619
2727.9800219209815,945.0,-1293.395349240172
2779.941546148048,945.0,-1727.2010273006954
2831.903070375114,945.0,-2144.288600033462
2883.8645946021807,945.0,-2542.8829400564855
2935.8261188292468,945.0,-2928.8381783014624
2987.7876430563133,945.0,-3300.4188372383296
3039.7491672833794,945.0,-3654.410790518089
3091.710691510446,945.0,-3994.4343200342782
3143.672215737512,945.0,-4316.254596749881
3195.6337399645786,945.0,-4618.588293013389
3247.5952641916447,945.0,-4903.990428718034
3299.556788418711,945.0,-5173.536768196668
3351.5183126457773,945.0,-5419.520467400014
3403.4798368728434,945.0,-5590.157467929822
3455.44136109991,945.0,-5655.46667820742
3507.402885326976,945.0,-5614.11785920972
3559.3644095540426,945.0,-5862.021184876645
3611.3259337811087,945.0,-6284.680591554409
3663.2874580081752,945.0,-6163.929681683627
3715.2489822352413,945.0,-6285.086907051898
3767.210506462308,945.0,-2408.2488011383134
3819.172030689374,945.0,-2237.5487945223786
3871.1335549164405,945.0,-2138.2942858896067
3923.0950791435066,945.0,-4074.4553307454808
3975.056603370573,945.0,-3919.9355513078663
4027.0181275976392,945.0,-3868.8387740074913
4078.979651824706,945.0,-4004.6156467119513
4130.941176051772,945.0,-3970.3950453150455
4182.902700278838,945.0,-4005.170285654576
4234.8642245059045,945.0,-1865.7533724639857
4286.825748732971,945.0,-1643.486617257379
4338.787272960038,945.0,-2159.1940867318767
4390.748797187103,945.0,-6622.330507908013
4442.71032141417,945.0,-6661.504997738307
4494.671845641236,945.0,-6865.198191272636
4546.633369868303,945.0,-6681.761232602359
4598.5948940953685,945.0,-6696.465149513264
4650.556418322435,945.0,-6789.966072849569
4702.517942549502,945.0,-6946.615757030381
4754.479466776568,945.0,-7047.888036220557
4806.440991003634,945.0,-6848.767213137671
4858.4025152307,945.0,-6864.37797791294
4910.364039457767,945.0,-6676.01957271993
4962.3255636848335,945.0,-6751.889333258801
5014.287087911899,945.0,-6927.169025783134
5066.248612138966,945.0,-7010.094118579111
5118.210136366032,945.0,-6973.836417190847
5170.171660593098,945.0,-6862.589493668189
5222.133184820164,945.0,-6956.780300136594
5274.094709047231,945.0,-6911.895474878978
5326.0562332742975,945.0,-6628.935582804559
5378.017757501363,945.0,-6596.076703705559
5429.97928172843,945.0,-6634.163726412352
5481.940805955496,945.0,-6662.4482444175665
5533.902330182563,945.0,-6724.5902615532905
5585.863854409628,945.0,-6725.7794099858365
5637.825378636695,945.0,-6650.507240965673
5689.7869028637615,945.0,-6571.2907999278705
5741.748427090828,945.0,-6499.186128261697
5793.709951317894,945.0,-6450.637265260966
5845.67147554496,945.0,-6434.517833746437
5897.632999772027,945.0,-6442.300073991408
5949.594523999093,945.0,-6421.993230620848
6001.556048226159,945.0,-6469.770032846922
6053.5175724532255,945.0,-6542.640010998911
6105.479096680292,945.0,-6681.724598247085
6157.440620907359,945.0,-2235.0373893123533
6209.402145134424,945.0,-2209.039642745527
6261.363669361491,945.0,-4019.5719837625325
6313.325193588557,945.0,-4015.8869176053054
6365.286717815624,945.0,-4065.7372725102664
6417.2482420426895,945.0,-3639.5607128811453
6469.209766269756,945.0,-3467.4578875212783
6521.171290496823,945.0,-3432.0498948144887
6573.132814723889,945.0,-3420.569843072031
6625.094338950955,945.0,-3413.3251357199847
6677.055863178021,945.0,-3397.1847343830445
6729.017387405088,945.0,-3380.3315927618332
6780.9789116321535,945.0,-3368.769902999493
6832.94043585922,945.0,-3363.310452938593
6884.901960086287,945.0,-3362.8504754869273
6936.863484313353,945.0,-3367.122512935354
6988.825008540419,945.0,-3376.6106950568505
7040.786532767485,945.0,-3389.7494513039032
7092.748056994552,945.0,-3404.394029135028
7144.7095812216185,945.0,-3418.543065786725
7196.671105448684,945.0,-3433.6684524976417
7248.632629675751,945.0,-3449.9587596918795
7300.594153902817,945.0,-3470.036443653652
7352.555678129884,945.0,-3495.5396563512854
7404.517202356949,945.0,-3523.9233106861266
7456.478726584016,945.0,-3550.6310687817995
7508.4402508110825,945.0,-3566.4040667233776
7560.401775038149,945.0,-3556.7545789353962
7612.363299265215,945.0,-3149.810862010767
7664.324823492281,945.0,-3096.808246573053
7716.286347719348,945.0,-4343.714982316584
7768.247871946414,945.0,-4033.2363335718474
7820.20939617348,945.0,-3756.641223357802
7872.1709204005465,945.0,-3614.8449332585665
7924.132444627613,945.0,-3995.447939347807
7976.09396885468,945.0,-2864.93361060816
8028.055493081745,945.0,-2822.7970395386415
8080.017017308812,945.0,-3401.9011987016647
8131.978541535878,945.0,-3489.057184408411
8183.940065762945,945.0,-3563.9557834917605
8235.901589990011,945.0,-3592.7497473794724
8287.863114217078,945.0,-3567.1043643793882
8339.824638444143,945.0,-3480.050191201702
8391.78616267121,945.0,-2867.5429057949104
8443.747686898276,945.0,-3994.3830259554043
8495.709211125342,945.0,-3772.1569561510755
8547.670735352409,945.0,-3993.6759124268115
8599.632259579475,945.0,-4456.27769274738
8651.593783806542,945.0,-3256.5141476176905
8703.555308033607,945.0,-3377.8078802106957
8755.516832260673,945.0,-3297.1157407402297
8807.47835648774,945.0,-3180.2375355923796
8859.439880714806,945.0,-3089.712189535849
8911.401404941873,945.0,-3028.1974030113074
8963.36292916894,945.0,-2991.8168802593455
9015.324453396006,945.0,-2979.1468482907085
9067.285977623073,945.0,-2983.488823520199
9119.247501850137,945.0,-3002.1808587272412
9171.209026077204,945.0,-3033.0833289924085
9223.17055030427,945.0,-3074.49310990737
9275.132074531337,945.0,-3125.2143952497536
9327.093598758403,945.0,-3185.0478483164197
9379.05512298547,945.0,-3256.444236596024
9431.016647212537,945.0,-3338.7384974306187
9482.978171439603,945.0,-3433.3472435426875
9534.939695666668,945.0,-3540.737386602209
9586.901219893734,945.0,-3661.540821359451
9638.862744120801,945.0,-3795.6163756181477
9690.824268347867,945.0,-3943.7155954821374
9742.785792574934,945.0,-4105.4671650949485
9794.747316802,945.0,-4281.74555853599
9846.708841029067,945.0,-4470.825973627004
9898.670365256134,945.0,-4671.204022549278
9950.631889483198,945.0,-4879.274236249862
10002.593413710265,945.0,-5086.397609039015
10054.554937937331,945.0,-5290.071156666641
10106.516462164398,945.0,-5486.466381190064
10158.477986391465,945.0,-5676.072951455846
10210.439510618531,945.0,-5856.831147311283
10262.401034845598,945.0,-5991.690866404191
10314.362559072662,945.0,-6136.072863076422
10366.324083299729,945.0,-6154.109861191528
0.0,990.0,-6353.161273589471
51.96152422706631,990.0,-6521.333036050932
103.92304845413263,990.0,-6527.6919226447135
155.88457268119893,990.0,-1699.0564606465214
207.84609690826525,990.0,-3693.1223346127936
259.80762113533154,990.0,-3733.09380637309
311.76914536239786,990.0,-4233.793872707736
363.7306695894642,990.0,-3116.663729705786
415.6921938165305,990.0,-3563.507288242544
467.6537180435968,990.0,-3602.622868909217
519.6152422706631,990.0,-3624.436833339194
571.5767664977294,990.0,-3634.2359018206103
623.5382907247957,990.0,-3637.650285995604
675.499814951862,990.0,-3635.281468056887
727.4613391789284,990.0,-3618.6388522308985
779.4228634059947,990.0,-3591.9535444621633
831.384387633061,990.0,-3219.605555395841
883.3459118601273,990.0,-4231.609208140717
935.3074360871937,990.0,-3871.370860872311
987.26896031426,990.0,-3758.87921166844
1039.2304845413262,990.0,-3675.0203053971436
1091.1920087683925,990.0,-4378.00304003498
1143.1535329954588,990.0,-3113.5135709010765
1195.1150572225251,990.0,-3478.00341860953
1247.0765814495915,990.0,-3591.6970522739457
1299.0381056766578,990.0,-3970.1689341544447
1350.999629903724,990.0,-4411.3338994336345
1402.9611541307904,990.0,-6198.3571533290315
1454.9226783578567,990.0,-16.520567147099047
1506.884202584923,990.0,30.140667077115666
1558.8457268119894,990.0,11.291801132516184
1610.8072510390557,990.0,53.47256343328095
1662.768775266122,990.0,54.74197406629028
1714.7302994931883,990.0,-66.72238159298252
1766.6918237202547,990.0,-18.467379292183466
1818.653347947321,990.0,79.03488741977526
1870.6148721743873,990.0,47.74629629235466
1922.5763964014536,990.0,47.03895855492311
1974.53792062852,990.0,66.04277152395724
2026.4994448555863,990.0,-5.839195819795691
2078.4609690826524,990.0,3045.512276000609
2130.422493309719,990.0,3041.37098138063
2182.384017536785,990.0,366.64631533674435
2234.3455417638515,990.0,311.128401446109
2286.3070659909176,990.0,240.77138300454908
2338.268590217984,990.0,285.083892533809
2390.2301144450503,990.0,275.3466411513381
2442.191638672117,990.0,212.31498332087892
2494.153162899183,990.0,236.97765030848223
2546.1146871262495,990.0,208.64895862188348
2598.0762113533156,990.0,-545.9996876877912
2650.037735580382,990.0,-887.1818205313973
2701.999259807448,990.0,-1317.3097780878652
2753.9607840345147,990.0,-1712.8513670961484
2805.922308261581,990.0,-2093.3114449556288
2857.8838324886474,990.0,-2466.977813110147
2909.8453567157135,990.0,-2840.051835678152
2961.80688094278,990.0,-3211.451728822585
3013.768405169846,990.0,-3573.814068912763
3065.7299293969127,990.0,-3926.691423246024
3117.6914536239788,990.0,-4266.817092455493
3169.6529778510453,990.0,-4590.702893454578
3221.6145020781114,990.0,-4901.367763196931
3273.576026305178,990.0,-5201.490576907423
3325.537550532244,990.0,-5499.785441984737
3377.49907475931,990.0,-5812.625452677899
3429.4605989863767,990.0,-6187.82056183854
3481.422123213443,990.0,-6010.428509502381
3533.3836474405093,990.0,-5845.130588754278
3585.3451716675754,990.0,-6054.230284290323
3637.306695894642,990.0,-2364.5981314410637
3689.268220121708,990.0,-2413.586905595205
3741.2297443487746,990.0,-2355.3471288637306
3793.1912685758407,990.0,-2027.7097139856369
3845.1527928029072,990.0,-1805.794682483304
3897.1143170299733,990.0,-4058.1766643224264
3949.07584125704,990.0,-3989.11896028915
4001.037365484106,990.0,-3786.4799938285214
4052.9988897111725,990.0,-3647.6393410205274
4104.960413938239,990.0,-3931.6727367129124
4156.921938165305,990.0,-3978.365895725251
4208.883462392371,990.0,-3956.127181127649
4260.844986619438,990.0,-3903.6805389165256
4312.806510846504,990.0,-1839.0927614762484
4364.76803507357,990.0,-2002.598018491607
4416.7295593006365,990.0,-2168.313199824933
4468.691083527703,990.0,-2144.591309081308
4520.65260775477,990.0,-6770.896549821853
4572.614131981835,990.0,-6515.726528365148
4624.575656208902,990.0,-6642.557927282612
4676.537180435968,990.0,-6584.101949401982
4728.498704663035,990.0,-6750.392285856692
4780.460228890101,990.0,-6907.26013808186
4832.421753117167,990.0,-6955.4837818525275
4884.383277344234,990.0,-6840.758712415369
4936.3448015713,990.0,-6762.851851141017
4988.306325798366,990.0,-6522.630694026486
5040.267850025432,990.0,-6877.150942865592
5092.229374252499,990.0,-7151.659854249831
5144.190898479565,990.0,-7131.14702005449
5196.152422706631,990.0,-6935.559199241732
5248.113946933698,990.0,-6887.608523742516
5300.075471160764,990.0,-6593.945121954837
5352.03699538783,990.0,-6467.487053957468
5403.998519614896,990.0,-6676.2589663292065
5455.960043841963,990.0,-6780.701112048604
5507.9215680690295,990.0,-6881.62999705347
5559.883092296095,990.0,-7040.493357936275
5611.844616523162,990.0,-6913.217178199644
5663.806140750228,990.0,-6783.657874300292
5715.767664977295,990.0,-6667.353830026041
5767.72918920436,990.0,-6580.098134649184
5819.690713431427,990.0,-6525.991053735737
5871.6522376584935,990.0,-6553.142726709564
5923.61376188556,990.0,-6553.3309394326
5975.575286112626,990.0,-6626.879806258079
6027.536810339692,990.0,-7084.1974965584195
6079.498334566759,990.0,-7196.97590045158
6131.459858793825,990.0,-2050.011692536704
6183.421383020891,990.0,-2042.7106735579425
6235.3829072479575,990.0,-4121.615664781137
6287.344431475024,990.0,-4034.3803674105284
6339.305955702091,990.0,-3920.700531438372
6391.267479929156,990.0,-3625.3522220208706
6443.229004156223,990.0,-3438.9218585896333
6495.190528383289,990.0,-3381.356944572323
6547.152052610356,990.0,-3359.441554438137
6599.1135768374215,990.0,-3353.025135975002
6651.075101064488,990.0,-3349.0135664868258
6703.036625291555,990.0,-3343.9668576039676
6754.99814951862,990.0,-3338.95987094012
6806.959673745687,990.0,-3336.3850953713336
6858.921197972753,990.0,-3337.835698045439
6910.88272219982,990.0,-3343.7290916962424
6962.844246426886,990.0,-3353.407596772121
7014.805770653952,990.0,-3367.8344827659225
7066.767294881019,990.0,-3384.1608649285326
7118.728819108085,990.0,-3402.592784299939
7170.690343335151,990.0,-3423.00324855523
7222.651867562217,990.0,-3444.226884170957
7274.613391789284,990.0,-3470.2968178755377
7326.5749160163505,990.0,-3500.6735375458
7378.536440243416,990.0,-3531.747984194237
7430.497964470483,990.0,-3559.3807385357877
7482.459488697549,990.0,-3578.260466363222
7534.421012924616,990.0,-3572.168813050882
7586.382537151681,990.0,-3189.363193523036
7638.344061378748,990.0,-4289.432555362466
7690.3055856058145,990.0,-4265.098660414021
7742.267109832881,990.0,-4029.281737236319
7794.228634059947,990.0,-3843.311745729111
7846.190158287013,990.0,-3631.341005479333
7898.15168251408,990.0,-4083.118853045805
7950.113206741146,990.0,-2868.6691636272185
8002.074730968212,990.0,-3366.464832497776
8054.0362551952785,990.0,-3399.379157296893
8105.997779422345,990.0,-3455.8237322510427
8157.959303649412,990.0,-3508.535389934117
8209.920827876478,990.0,-3535.278000358093
8261.882352103545,990.0,-3530.070529489185
8313.84387633061,990.0,-3479.1541048618774
8365.805400557676,990.0,-3395.767571449732
8417.766924784743,990.0,-2786.799385703515
8469.728449011809,990.0,-3978.715756685575
8521.689973238876,990.0,-3740.4471181871295
8573.651497465942,990.0,-3871.871470298861
8625.613021693009,990.0,-4443.602702104485
8677.574545920073,990.0,-3314.7079972777024
8729.53607014714,990.0,-3441.427520459345
8781.497594374207,990.0,-3378.182927308603
8833.459118601273,990.0,-3292.0987199510546
8885.42064282834,990.0,-3225.2310340770364
8937.382167055406,990.0,-3181.1411880221103
8989.343691282473,990.0,-3158.9021004867445
9041.30521550954,990.0,-3157.441544749703
9093.266739736604,990.0,-3173.3597248780156
9145.22826396367,990.0,-3202.762644840135
9197.189788190737,990.0,-3245.756300396093
9249.151312417804,990.0,-3299.346858972389
9301.11283664487,990.0,-3365.5885485829094
9353.074360871937,990.0,-3444.3491277060366
9405.035885099003,990.0,-3533.964740259213
9456.99740932607,990.0,-3635.498330396388
9508.958933553135,990.0,-3748.682777880432
9560.920457780201,990.0,-3872.4256745679595
9612.881982007268,990.0,-4006.883162515768
9664.843506234334,990.0,-4151.924359140088
9716.8050304614,990.0,-4308.648634825513
9768.766554688467,990.0,-4476.6051843114155
9820.728078915534,990.0,-4654.8006404607095
9872.6896031426,990.0,-4842.516342734978
9924.651127369665,990.0,-5038.39219426071
9976.612651596732,990.0,-5234.626932247185
10028.574175823798,990.0,-5425.972689750885
10080.535700050865,990.0,-5610.656480039455
10132.497224277931,990.0,-5796.073395409137
10184.458748504998,990.0,-5985.701620864887
10236.420272732064,990.0,-6180.095889799175
10288.38179695913,990.0,-6391.106036430513
10340.343321186196,990.0,-6503.575530547692
25.980762113533157,1035.0,-6737.895950976013
77.94228634059947,1035.0,-6580.183720471119
129.90381056766577,1035.0,-6939.065869704766
181.8653347947321,1035.0,-3663.171872408857
233.8268590217984,1035.0,-3370.3540395124555
285.7883832488647,1035.0,-4235.0465820368645
337.749907475931,1035.0,-3118.5099306785814
389.71143170299734,1035.0,-3548.165436654258
441.67295593006367,1035.0,-3590.245832610519
493.63448015713,1035.0,-3626.282405144392
545.5960043841962,1035.0,-3644.1047675292184
597.5575286112626,1035.0,-3650.284907320387
649.5190528383289,1035.0,-3650.2728419379264
701.4805770653952,1035.0,-3643.3697326841157
753.4421012924615,1035.0,-3621.3715080532907
805.4036255195278,1035.0,-3584.977630761501
857.3651497465942,1035.0,-3171.449375479471
909.3266739736605,1035.0,-4274.32501958906
961.2881982007268,1035.0,-3871.047369375076
1013.2497224277931,1035.0,-3790.9398364449407
1065.2112466548592,1035.0,-3719.4800025556297
1117.1727708819255,1035.0,-4337.187882562599
1169.1342951089919,1035.0,-3080.311447670798
1221.0958193360582,1035.0,-3457.328670992586
1273.0573435631245,1035.0,-3476.056668115207
1325.0188677901908,1035.0,-3480.6275459822796
1376.9803920172571,1035.0,-3578.4963908339205
1428.9419162443235,1035.0,-3108.9694138782947
1480.9034404713898,1035.0,-2126.426143140868
1532.864964698456,1035.0,-1690.090989819093
1584.8264889255224,1035.0,-1454.906337875229
1636.7880131525887,1035.0,15.627538079919987
1688.749537379655,1035.0,-36.02893442203032
1740.7110616067214,1035.0,-34.971437533006565
1792.6725858337877,1035.0,53.01497090009366
1844.634110060854,1035.0,48.67038114587507
1896.5956342879203,1035.0,-34.90053753034107
1948.5571585149867,1035.0,24.98176380908103
2000.518682742053,1035.0,-1.709859877457422
2052.4802069691195,1035.0,-2517.9544651478027
2104.4417311961856,1035.0,-2517.655299004862
2156.403255423252,1035.0,243.70237314303944
2208.3647796503183,1035.0,237.06482630937342
2260.326303877385,1035.0,238.350327515324
2312.287828104451,1035.0,294.7321282287919
2364.2493523315175,1035.0,57.61398244270083
2416.2108765585835,1035.0,237.14918516761213
2468.17240078565,1035.0,310.5998912123552
2520.133925012716,1035.0,262.59471527479786
2572.0954492397827,1035.0,-633.4812005553904
2624.056973466849,1035.0,-1005.9002436554645
2676.0184976939154,1035.0,-1424.4167317631454
2727.9800219209815,1035.0,-1768.6207098177442
2779.941546148048,1035.0,-2088.977116390749
2831.903070375114,1035.0,-2416.0715296157414
2883.8645946021807,1035.0,-2763.5845946818436
2935.8261188292468,1035.0,-3124.999096100414
2987.7876430563133,1035.0,-3492.227673421329
3039.7491672833794,1035.0,-3855.9869628528113
3091.710691510446,1035.0,-4211.021569314447
3143.672215737512,1035.0,-4553.793679952178
3195.6337399645786,1035.0,-4882.198801469427
3247.5952641916447,1035.0,-5199.493862397507
3299.556788418711,1035.0,-5513.333639022259
3351.5183126457773,1035.0,-5862.08935084626
3403.4798368728434,1035.0,-6532.556861051252
3455.44136109991,1035.0,-6480.591171975261
3507.402885326976,1035.0,-5887.262398229582
3559.3644095540426,1035.0,-2015.4679558087928
3611.3259337811087,1035.0,-2083.181714168097
3663.2874580081752,1035.0,-1955.515995512938
3715.2489822352413,1035.0,-2278.795261905353
3767.210506462308,1035.0,-2235.0554415362985
3819.172030689374,1035.0,-4074.159071438259
3871.1335549164405,1035.0,-4017.3610620103227
3923.0950791435066,1035.0,-4006.106111396587
3975.056603370573,1035.0,-3604.1400163052804
4027.0181275976392,1035.0,-3447.500838062131
4078.979651824706,1035.0,-3474.9692811080185
4130.941176051772,1035.0,-3612.2240330980203
4182.902700278838,1035.0,-3886.301318576351
4234.8642245059045,1035.0,-3932.061918435488
4286.825748732971,1035.0,-3966.417582046656
4338.787272960038,1035.0,-1977.2939727952385
4390.748797187103,1035.0,-2133.2250356174673
4442.71032141417,1035.0,-2241.754544405495
4494.671845641236,1035.0,-2195.542462414196
4546.633369868303,1035.0,-2416.0441091664566
4598.5948940953685,1035.0,-6791.231482164423
4650.556418322435,1035.0,-6611.707556829373
4702.517942549502,1035.0,-6394.694431426933
4754.479466776568,1035.0,-1846.3532309486695
4806.440991003634,1035.0,-7003.437901100315
4858.4025152307,1035.0,-1947.0896140291138
4910.364039457767,1035.0,-1923.3737030604443
4962.3255636848335,1035.0,-1942.0475650563192
5014.287087911899,1035.0,-1682.6788806058048
5066.248612138966,1035.0,-1849.7247027418525
5118.210136366032,1035.0,-2038.841803042813
5170.171660593098,1035.0,-2187.5345621404645
5222.133184820164,1035.0,-2029.350043355007
5274.094709047231,1035.0,-6599.622788935858
5326.0562332742975,1035.0,-6460.225987807215
5378.017757501363,1035.0,-6502.380650052114
5429.97928172843,1035.0,-6807.471110808805
5481.940805955496,1035.0,-7036.832151155254
5533.902330182563,1035.0,-7036.979870975494
5585.863854409628,1035.0,-7254.0187930812735
5637.825378636695,1035.0,-7115.3115658260485
5689.7869028637615,1035.0,-6842.288241830631
5741.748427090828,1035.0,-6800.53239489131
5793.709951317894,1035.0,-6554.127915332347
5845.67147554496,1035.0,-6523.324789132222
5897.632999772027,1035.0,-6738.052247615247
5949.594523999093,1035.0,-6683.782844050445
6001.556048226159,1035.0,-6947.883710401987
6053.5175724532255,1035.0,-2236.3617116455694
6105.479096680292,1035.0,-2183.7998196671665
6157.440620907359,1035.0,-2143.283443784323
6209.402145134424,1035.0,-4097.9512096772705
6261.363669361491,1035.0,-4001.9416456840722
6313.325193588557,1035.0,-3671.4424140108977
6365.286717815624,1035.0,-3523.093772933997
6417.2482420426895,1035.0,-3413.038995917451
6469.209766269756,1035.0,-3357.4526721778902
6521.171290496823,1035.0,-3329.6604747377833
6573.132814723889,1035.0,-3317.6709415334517
6625.094338950955,1035.0,-3314.298802570769
6677.055863178021,1035.0,-3314.543059004336
6729.017387405088,1035.0,-3315.5118932533733
6780.9789116321535,1035.0,-3317.4375143353327
6832.94043585922,1035.0,-3321.6707583332
6884.901960086287,1035.0,-3328.160145653585
6936.863484313353,1035.0,-3338.0960401234843
6988.825008540419,1035.0,-3350.8291411389473
7040.786532767485,1035.0,-3369.052080387138
7092.748056994552,1035.0,-3390.723566781163
7144.7095812216185,1035.0,-3415.1378012047862
7196.671105448684,1035.0,-3441.155572749957
7248.632629675751,1035.0,-3470.031210183909
7300.594153902817,1035.0,-3502.112304587753
7352.555678129884,1035.0,-3537.7143193599277
7404.517202356949,1035.0,-3570.0992350523093
7456.478726584016,1035.0,-3587.8003392262895
7508.4402508110825,1035.0,-3584.775327903315
7560.401775038149,1035.0,-3222.774819325638
7612.363299265215,1035.0,-4422.096652585791
7664.324823492281,1035.0,-3905.0542432391994
7716.286347719348,1035.0,-3920.828318384355
7768.247871946414,1035.0,-3753.896283252882
7820.20939617348,1035.0,-3672.8663190032967
7872.1709204005465,1035.0,-4129.886309643593
7924.132444627613,1035.0,-2926.922228338004
7976.09396885468,1035.0,-3375.854800957153
8028.055493081745,1035.0,-3411.260290761036
8080.017017308812,1035.0,-3449.0832787854406
8131.978541535878,1035.0,-3479.5300963561654
8183.940065762945,1035.0,-3500.2176948687984
8235.901589990011,1035.0,-3503.91704485134
8287.863114217078,1035.0,-3485.278252144116
8339.824638444143,1035.0,-3427.5495083807577
8391.78616267121,1035.0,-3363.1625314142184
8443.747686898276,1035.0,-2790.987509781456
8495.709211125342,1035.0,-3995.5111734498314
8547.670735352409,1035.0,-3673.8152474645567
8599.632259579475,1035.0,-3900.6069631203527
8651.593783806542,1035.0,-4348.6627805220305
8703.555308033607,1035.0,-3329.706890023006
8755.516832260673,1035.0,-3495.459864629047
8807.47835648774,1035.0,-3443.8862614599016
8859.439880714806,1035.0,-3385.4229336365356
8911.401404941873,1035.0,-3341.1565850370957
8963.36292916894,1035.0,-3316.928544460945
9015.324453396006,1035.0,-3312.1548175683274
9067.285977623073,1035.0,-3325.662131721698
9119.247501850137,1035.0,-3355.911694836902
9171.209026077204,1035.0,-3400.4026867445964
9223.17055030427,1035.0,-3458.1024565478947
9275.132074531337,1035.0,-3528.2078082473763
9327.093598758403,1035.0,-3610.5548608087433
9379.05512298547,1035.0,-3706.4857348600776
9431.016647212537,1035.0,-3815.214936867853
9482.978171439603,1035.0,-3933.454816161244
9534.939695666668,1035.0,-4063.4588021644868
9586.901219893734,1035.0,-4201.491637624797
9638.862744120801,1035.0,-4347.35560030626
9690.824268347867,1035.0,-4501.6788216563145
9742.785792574934,1035.0,-4663.943377067538
9794.747316802,1035.0,-4835.168653107249
9846.708841029067,1035.0,-5014.469993763578
9898.670365256134,1035.0,-5201.487069314011
9950.631889483198,1035.0,-5391.492031800724
10002.593413710265,1035.0,-5577.649481075165
10054.554937937331,1035.0,-5751.436128383225
10106.516462164398,1035.0,-5916.028397301114
10158.477986391465,1035.0,-6122.4863028987875
10210.439510618531,1035.0,-6374.932764918729
10262.401034845598,1035.0,-6668.4927580602725
10314.362559072662,1035.0,-6514.545121785169
10366.324083299729,1035.0,-6578.987001457095
0.0,1080.0,-3982.685792029328
51.96152422706631,1080.0,-4481.708139786198
103.92304845413263,1080.0,-6683.657644391607
155.88457268119893,1080.0,-6870.057635543137
207.84609690826525,1080.0,-1985.781429013657
259.80762113533154,1080.0,-3371.607847057164
311.76914536239786,1080.0,-3825.1473221661818
363.7306695894642,1080.0,-3644.8503774069613
415.6921938165305,1080.0,-3607.141884668917
467.6537180435968,1080.0,-3639.513033556508
519.6152422706631,1080.0,-3661.398514354067
571.5767664977294,1080.0,-3670.669890625918
623.5382907247957,1080.0,-3669.0206561204773
675.499814951862,1080.0,-3661.1300818525215
727.4613391789284,1080.0,-3644.2967913111806
779.4228634059947,1080.0,-3612.747716856621
831.384387633061,1080.0,-3560.747020670552
883.3459118601273,1080.0,-3066.837199323088
935.3074360871937,1080.0,-4196.441682136612
987.26896031426,1080.0,-4060.0001165648914
1039.2304845413262,1080.0,-3838.792640246158
1091.1920087683925,1080.0,-3786.2494868530584
1143.1535329954588,1080.0,-4293.499022201811
1195.1150572225251,1080.0,-3024.7277924147784
1247.0765814495915,1080.0,-3020.9928182249114
1299.0381056766578,1080.0,-3364.11738924825
1350.999629903724,1080.0,-3286.677655502357
1402.9611541307904,1080.0,-3088.760940606261
1454.9226783578567,1080.0,-2724.3770313316954
1506.884202584923,1080.0,-2354.3557605874794
1558.8457268119894,1080.0,-2036.3645769181603
1610.8072510390557,1080.0,-1801.6595908814163
1662.768775266122,1080.0,-1688.3818824387965
1714.7302994931883,1080.0,-1622.5438161406319
1766.6918237202547,1080.0,-1637.0715584815525
1818.653347947321,1080.0,-1717.8359126149417
1870.6148721743873,1080.0,-1884.7631153794343
1922.5763964014536,1080.0,-2205.9185673015727
1974.53792062852,1080.0,-3147.313064559331
2026.4994448555863,1080.0,-5892.197113718281
2078.4609690826524,1080.0,-5958.410445641301
2130.422493309719,1080.0,104.16111747851312
2182.384017536785,1080.0,125.46326515100583
2234.3455417638515,1080.0,60.01195209146505
2286.3070659909176,1080.0,-8.560055988876837
2338.268590217984,1080.0,32.77009383345694
2390.2301144450503,1080.0,46.55015987634056
2442.191638672117,1080.0,180.5487110787787
2494.153162899183,1080.0,326.729406987092
2546.1146871262495,1080.0,-785.2455635871214
2598.0762113533156,1080.0,-1233.3521244794501
2650.037735580382,1080.0,-1698.9202933950992
2701.999259807448,1080.0,-1946.994195281432
2753.9607840345147,1080.0,-2154.8792921348104
2805.922308261581,1080.0,-2392.365295753517
2857.8838324886474,1080.0,-2688.1949620415558
2909.8453567157135,1080.0,-3030.0478226978794
2961.80688094278,1080.0,-3397.862864590225
3013.768405169846,1080.0,-3773.7033647126686
3065.7299293969127,1080.0,-4146.50634419599
3117.6914536239788,1080.0,-4507.434760027355
3169.6529778510453,1080.0,-4851.0715412317095
3221.6145020781114,1080.0,-5178.394826932299
3273.576026305178,1080.0,-5501.723418492362
3325.537550532244,1080.0,-5835.66289561974
3377.49907475931,1080.0,-6102.297007245425
3429.4605989863767,1080.0,-6466.002803110479
3481.422123213443,1080.0,-1885.2175047421238
3533.3836474405093,1080.0,-1903.7464203963602
3585.3451716675754,1080.0,-1884.2341775872437
3637.306695894642,1080.0,-1750.4096542979705
3689.268220121708,1080.0,-4052.5869603244937
3741.2297443487746,1080.0,-4011.6012971587325
3793.1912685758407,1080.0,-4119.301213580353
3845.1527928029072,1080.0,-3995.221509232756
3897.1143170299733,1080.0,-3845.9767977020056
3949.07584125704,1080.0,-3542.9580679134015
4001.037365484106,1080.0,-3368.6448580962765
4052.9988897111725,1080.0,-3338.5931295960295
4104.960413938239,1080.0,-3362.170589501724
4156.921938165305,1080.0,-3462.37472064311
4208.883462392371,1080.0,-3596.3570732742987
4260.844986619438,1080.0,-3880.6621461302
4312.806510846504,1080.0,-4024.5217328462004
4364.76803507357,1080.0,-4050.071153013559
4416.7295593006365,1080.0,-4001.74324878202
4468.691083527703,1080.0,-2081.146051462927
4520.65260775477,1080.0,-2030.9386213338944
4572.614131981835,1080.0,-2068.6309554162435
4624.575656208902,1080.0,-2180.0516772734327
4676.537180435968,1080.0,-1923.9802406769768
4728.498704663035,1080.0,-1580.426305797119
4780.460228890101,1080.0,-2046.6266210036329
4832.421753117167,1080.0,-1957.0994277832026
4884.383277344234,1080.0,-1743.8718169278955
4936.3448015713,1080.0,-1872.5281712052272
4988.306325798366,1080.0,-1867.2932570442808
5040.267850025432,1080.0,-1808.8652795675284
5092.229374252499,1080.0,-1859.5240484904166
5144.190898479565,1080.0,-2142.5570824500483
5196.152422706631,1080.0,-2173.255059402788
5248.113946933698,1080.0,-2105.1283745116707
5300.075471160764,1080.0,-1743.879112224914
5352.03699538783,1080.0,-1707.8991209083702
5403.998519614896,1080.0,-1905.3172639709455
5455.960043841963,1080.0,-2531.195213145892
5507.9215680690295,1080.0,-2414.525578629031
5559.883092296095,1080.0,-7165.321402491819
5611.844616523162,1080.0,-7327.36759531369
5663.806140750228,1080.0,-6832.40342991877
5715.767664977295,1080.0,-7056.1671508477575
5767.72918920436,1080.0,-6834.32474508369
5819.690713431427,1080.0,-6351.879073899209
5871.6522376584935,1080.0,-6537.199093871015
5923.61376188556,1080.0,-6632.263588124535
5975.575286112626,1080.0,-6854.105858741104
6027.536810339692,1080.0,-2014.9089838045481
6079.498334566759,1080.0,-2451.140365380259
6131.459858793825,1080.0,-2344.2085843546834
6183.421383020891,1080.0,-4089.3378863657035
6235.3829072479575,1080.0,-3996.056483676853
6287.344431475024,1080.0,-3611.485210150816
6339.305955702091,1080.0,-3438.9632619594167
6391.267479929156,1080.0,-3376.804432253485
6443.229004156223,1080.0,-3334.3878883151756
6495.190528383289,1080.0,-3309.235840659507
6547.152052610356,1080.0,-3294.422250182379
6599.1135768374215,1080.0,-3288.526289436947
6651.075101064488,1080.0,-3288.5522973337875
6703.036625291555,1080.0,-3291.722770465828
6754.99814951862,1080.0,-3296.6013945324594
6806.959673745687,1080.0,-3302.2639907814128
6858.921197972753,1080.0,-3311.1018220787855
6910.88272219982,1080.0,-3322.6563608057418
6962.844246426886,1080.0,-3337.5026312685877
7014.805770653952,1080.0,-3357.3353980878774
7066.767294881019,1080.0,-3380.854890524275
7118.728819108085,1080.0,-3407.8671507612435
7170.690343335151,1080.0,-3437.2899177088757
7222.651867562217,1080.0,-3469.6731539518382
7274.613391789284,1080.0,-3505.2456759562315
7326.5749160163505,1080.0,-3542.6004895162528
7378.536440243416,1080.0,-3575.3913830098218
7430.497964470483,1080.0,-3599.4369215977586
7482.459488697549,1080.0,-3601.014927707425
7534.421012924616,1080.0,-3225.7374113059523
7586.382537151681,1080.0,-4407.638091945959
7638.344061378748,1080.0,-3879.483846950484
7690.3055856058145,1080.0,-3709.9268650994018
7742.267109832881,1080.0,-3722.3322359863905
7794.228634059947,1080.0,-4007.308544474252
7846.190158287013,1080.0,-4057.666168925595
7898.15168251408,1080.0,-3054.1752008664344
7950.113206741146,1080.0,-3386.8016037223833
8002.074730968212,1080.0,-3415.2699455099764
8054.0362551952785,1080.0,-3442.511433678243
8105.997779422345,1080.0,-3460.1336226436056
8157.959303649412,1080.0,-3474.834811221601
8209.920827876478,1080.0,-3480.944905750129
8261.882352103545,1080.0,-3474.8290942427084
8313.84387633061,1080.0,-3446.96142043721
8365.805400557676,1080.0,-3390.0205204900963
8417.766924784743,1080.0,-2899.765938826307
8469.728449011809,1080.0,-3984.3289421563727
8521.689973238876,1080.0,-3709.7792938475172
8573.651497465942,1080.0,-3916.856406931878
8625.613021693009,1080.0,-4320.3324000225075
8677.574545920073,1080.0,-3288.3588658634408
8729.53607014714,1080.0,-3553.0631537823574
8781.497594374207,1080.0,-3537.526537111271
8833.459118601273,1080.0,-3504.1978279370333
8885.42064282834,1080.0,-3469.529406171416
8937.382167055406,1080.0,-3447.9983195545637
8989.343691282473,1080.0,-3443.1954562811397
9041.30521550954,1080.0,-3455.676192811776
9093.266739736604,1080.0,-3486.078589202013
9145.22826396367,1080.0,-3531.066114288746
9197.189788190737,1080.0,-3591.2394518989345
9249.151312417804,1080.0,-3665.5253789109065
9301.11283664487,1080.0,-3753.6323689684514
9353.074360871937,1080.0,-3856.5046219121273
9405.035885099003,1080.0,-3971.589319416143
9456.99740932607,1080.0,-4097.4477535533915
9508.958933553135,1080.0,-4233.795411016559
9560.920457780201,1080.0,-4376.846011186844
9612.881982007268,1080.0,-4525.809349413199
9664.843506234334,1080.0,-4680.657085706569
9716.8050304614,1080.0,-4840.356897298634
9768.766554688467,1080.0,-5007.034509015719
9820.728078915534,1080.0,-5182.059103099435
9872.6896031426,1080.0,-5363.078171929104
9924.651127369665,1080.0,-5547.674146065901
9976.612651596732,1080.0,-5731.354988679272
10028.574175823798,1080.0,-5906.305205677153
10080.535700050865,1080.0,-6027.694060649061
10132.497224277931,1080.0,-6117.109650492256
10184.458748504998,1080.0,-6408.675043814106
10236.420272732064,1080.0,-6670.688125211217
10288.38179695913,1080.0,-6513.340572335799
10340.343321186196,1080.0,-834.002448686138
25.980762113533157,1125.0,-4015.415119795072
77.94228634059947,1125.0,-4499.316803668358
129.90381056766577,1125.0,-6925.064785489966
181.8653347947321,1125.0,-2157.095814159344
233.8268590217984,1125.0,-2177.061742782038
285.7883832488647,1125.0,-3789.9899210080976
337.749907475931,1125.0,-3794.5084656475588
389.71143170299734,1125.0,-3685.224784735604
441.67295593006367,1125.0,-3684.9930436084205
493.63448015713,1125.0,-3700.721010178292
545.5960043841962,1125.0,-3703.972153558937
597.5575286112626,1125.0,-3699.154626018126
649.5190528383289,1125.0,-3686.620391046964
701.4805770653952,1125.0,-3668.9519934302734
753.4421012924615,1125.0,-3643.4686785428958
805.4036255195278,1125.0,-3597.772986236878
857.3651497465942,1125.0,-3537.1095948847574
909.3266739736605,1125.0,-3024.361370548827
961.2881982007268,1125.0,-3056.2207284004644
1013.2497224277931,1125.0,-4056.356280047753
1065.2112466548592,1125.0,-3847.586582410372
1117.1727708819255,1125.0,-3805.154583877138
1169.1342951089919,1125.0,-4277.270377521279
1221.0958193360582,1125.0,-4140.667704821558
1273.0573435631245,1125.0,-3020.8515996931346
1325.0188677901908,1125.0,-2941.736070344843
1376.9803920172571,1125.0,-3223.9105636771023
1428.9419162443235,1125.0,-3117.506651556833
1480.9034404713898,1125.0,-2924.703196896454
1532.864964698456,1125.0,-2720.1080543441058
1584.8264889255224,1125.0,-2521.5152040822177
1636.7880131525887,1125.0,-2359.160638694233
1688.749537379655,1125.0,-2285.0323951841783
1740.7110616067214,1125.0,-2303.527330697841
1792.6725858337877,1125.0,-2393.155701817527
1844.634110060854,1125.0,-2556.247114447341
1896.5956342879203,1125.0,-2806.442176937341
1948.5571585149867,1125.0,-3203.061311388042
2000.518682742053,1125.0,-3998.3233582937182
2052.4802069691195,1125.0,-4959.237842351827
2104.4417311961856,1125.0,-6288.506712973194
2156.403255423252,1125.0,104.02440388073144
2208.3647796503183,1125.0,98.7131637699045
2260.326303877385,1125.0,29.248863242943642
2312.287828104451,1125.0,-2193.450645928344
2364.2493523315175,1125.0,43.25449812010454
2416.2108765585835,1125.0,64.40902188793376
2468.17240078565,1125.0,138.64077081705173
2520.133925012716,1125.0,266.4126604723947
2572.0954492397827,1125.0,-2080.262631570871
2624.056973466849,1125.0,-2608.858193228645
2676.0184976939154,1125.0,-2430.2868802723415
2727.9800219209815,1125.0,-2375.3099008771756
2779.941546148048,1125.0,-2410.003224686475
2831.903070375114,1125.0,-2604.260738267063
2883.8645946021807,1125.0,-2911.3367694238523
2935.8261188292468,1125.0,-3280.395814057826
2987.7876430563133,1125.0,-3675.2100855189146
3039.7491672833794,1125.0,-4070.472035582094
3091.710691510446,1125.0,-4454.590107381782
3143.672215737512,1125.0,-4819.693900981647
3195.6337399645786,1125.0,-5157.486603477702
3247.5952641916447,1125.0,-5477.188951229411
3299.556788418711,1125.0,-5861.200646661342
3351.5183126457773,1125.0,-6333.559199825823
3403.4798368728434,1125.0,-5899.057923928229
3455.44136109991,1125.0,-6042.456732348382
3507.402885326976,1125.0,-1969.7992072483962
3559.3644095540426,1125.0,-2095.452624023087
3611.3259337811087,1125.0,-4022.695215560879
3663.2874580081752,1125.0,-4039.885294636315
3715.2489822352413,1125.0,-4029.5716287080254
3767.210506462308,1125.0,-3999.1054977252543
3819.172030689374,1125.0,-3852.8854645121028
3871.1335549164405,1125.0,-3590.0424819678537
3923.0950791435066,1125.0,-3444.919190143669
3975.056603370573,1125.0,-3337.668075235107
4027.0181275976392,1125.0,-3298.594370643462
4078.979651824706,1125.0,-3297.241222773153
4130.941176051772,1125.0,-3325.34248562063
4182.902700278838,1125.0,-3378.631845634769
4234.8642245059045,1125.0,-3533.0625344835307
4286.825748732971,1125.0,-3847.253424152657
4338.787272960038,1125.0,-3999.5806872165267
4390.748797187103,1125.0,-4069.6363376406616
4442.71032141417,1125.0,-3933.3625908619983
4494.671845641236,1125.0,-3990.4151737141265
4546.633369868303,1125.0,-2014.5882782314197
4598.5948940953685,1125.0,-2176.918634145121
4650.556418322435,1125.0,-6519.7510774990205
4702.517942549502,1125.0,-1713.3207703183166
4754.479466776568,1125.0,-1790.317665251067
4806.440991003634,1125.0,-1887.0917700934883
4858.4025152307,1125.0,-1831.7499517971119
4910.364039457767,1125.0,-3854.6752374209004
4962.3255636848335,1125.0,-3899.823254888661
5014.287087911899,1125.0,-3919.8480390499785
5066.248612138966,1125.0,-3888.9466783072694
5118.210136366032,1125.0,-3873.540902663205
5170.171660593098,1125.0,-3857.898784088087
5222.133184820164,1125.0,-1988.1774528659535
5274.094709047231,1125.0,-1786.3529041591755
5326.0562332742975,1125.0,-1699.8741343736965
5378.017757501363,1125.0,-1642.8199887752442
5429.97928172843,1125.0,-2022.188061728953
5481.940805955496,1125.0,-2107.6710574138124
5533.902330182563,1125.0,-2182.07439499115
5585.863854409628,1125.0,-2021.5073733901418
5637.825378636695,1125.0,-7131.880561205691
5689.7869028637615,1125.0,-6991.547662796967
5741.748427090828,1125.0,-6622.39609063814
5793.709951317894,1125.0,-7014.459263424214
5845.67147554496,1125.0,-6584.988219423913
5897.632999772027,1125.0,-6389.71828477451
5949.594523999093,1125.0,-1779.505747040263
6001.556048226159,1125.0,-1879.6650621222202
6053.5175724532255,1125.0,-2360.099991409771
6105.479096680292,1125.0,-4050.7761188716536
6157.440620907359,1125.0,-4008.6017237975407
6209.402145134424,1125.0,-4002.6346305380757
6261.363669361491,1125.0,-3618.3446013980865
6313.325193588557,1125.0,-3424.5949159222127
6365.286717815624,1125.0,-3354.378247198987
6417.2482420426895,1125.0,-3314.1764933483073
6469.209766269756,1125.0,-3289.520385511192
6521.171290496823,1125.0,-3274.23109619929
6573.132814723889,1125.0,-3266.902016767439
6625.094338950955,1125.0,-3264.2442908798034
6677.055863178021,1125.0,-3267.657155599979
6729.017387405088,1125.0,-3273.5187950589034
6780.9789116321535,1125.0,-3283.7746893661397
6832.94043585922,1125.0,-3295.238200822816
6884.901960086287,1125.0,-3309.9313092128264
6936.863484313353,1125.0,-3326.4309122477516
6988.825008540419,1125.0,-3347.287481696678
7040.786532767485,1125.0,-3371.1348856253135
7092.748056994552,1125.0,-3400.04408533763
7144.7095812216185,1125.0,-3432.231477820758
7196.671105448684,1125.0,-3467.278095656213
7248.632629675751,1125.0,-3505.0331785131784
7300.594153902817,1125.0,-3544.4878387156486
7352.555678129884,1125.0,-3582.6379420164612
7404.517202356949,1125.0,-3615.133345541827
7456.478726584016,1125.0,-3631.1397353661055
7508.4402508110825,1125.0,-3625.7598435942773
7560.401775038149,1125.0,-3242.631627738425
7612.363299265215,1125.0,-4326.844008651988
7664.324823492281,1125.0,-3801.3135286620104
7716.286347719348,1125.0,-3682.032163194793
7768.247871946414,1125.0,-4048.325636519251
7820.20939617348,1125.0,-2904.682706890704
7872.1709204005465,1125.0,-3061.6357794029827
7924.132444627613,1125.0,-3383.656069787473
7976.09396885468,1125.0,-3408.748289707425
8028.055493081745,1125.0,-3428.2344203377843
8080.017017308812,1125.0,-3441.272426790345
8131.978541535878,1125.0,-3452.00392374382
8183.940065762945,1125.0,-3459.1246004367067
8235.901589990011,1125.0,-3462.238983296971
8287.863114217078,1125.0,-3453.610747753649
8339.824638444143,1125.0,-3422.756757873326
8391.78616267121,1125.0,-3386.1099525771606
8443.747686898276,1125.0,-3001.2851425557
8495.709211125342,1125.0,-4037.4318803340193
8547.670735352409,1125.0,-3840.4593719618256
8599.632259579475,1125.0,-3971.0991436110035
8651.593783806542,1125.0,-4401.2563488490705
8703.555308033607,1125.0,-3213.555618340808
8755.516832260673,1125.0,-3583.9188560663288
8807.47835648774,1125.0,-3583.990320571921
8859.439880714806,1125.0,-3568.5589677655416
8911.401404941873,1125.0,-3554.111105800761
8963.36292916894,1125.0,-3552.748632959466
9015.324453396006,1125.0,-3566.040491511474
9067.285977623073,1125.0,-3595.37901382773
9119.247501850137,1125.0,-3643.2516738357235
9171.209026077204,1125.0,-3706.9142018626626
9223.17055030427,1125.0,-3786.038601978111
9275.132074531337,1125.0,-3879.3469208066417
9327.093598758403,1125.0,-3985.812118647019
9379.05512298547,1125.0,-4108.367784563357
9431.016647212537,1125.0,-4242.619260051679
9482.978171439603,1125.0,-4385.867904021264
9534.939695666668,1125.0,-4536.662043453204
9586.901219893734,1125.0,-4691.132127014251
9638.862744120801,1125.0,-4850.193261205408
9690.824268347867,1125.0,-5010.902896733756
9742.785792574934,1125.0,-5173.48944624488
9794.747316802,1125.0,-5340.91427224435
9846.708841029067,1125.0,-5515.465993353886
9898.670365256134,1125.0,-5697.303367206041
9950.631889483198,1125.0,-5881.632353968524
10002.593413710265,1125.0,-6067.045070088478
10054.554937937331,1125.0,-6301.959187866267
10106.516462164398,1125.0,-6380.218485439511
10158.477986391465,1125.0,-6094.477274122433
10210.439510618531,1125.0,-6325.219150751782
10262.401034845598,1125.0,-6639.754269324333
10314.362559072662,1125.0,-1134.5556782726503
10366.324083299729,1125.0,-3960.1238119904465
0.0,1170.0,-3904.0328728633444
51.96152422706631,1170.0,-4492.5303153524055
103.92304845413263,1170.0,-6719.02102680817
155.88457268119893,1170.0,-6919.25957925934
207.84609690826525,1170.0,-2059.7288684847763
259.80762113533154,1170.0,-1952.2602768654845
311.76914536239786,1170.0,-3799.132226197158
363.7306695894642,1170.0,-3825.535700352786
415.6921938165305,1170.0,-3793.8662354324842
467.6537180435968,1170.0,-3781.5911773067683
519.6152422706631,1170.0,-3765.5575279354603
571.5767664977294,1170.0,-3745.206542838844
623.5382907247957,1170.0,-3724.8908559028205
675.499814951862,1170.0,-3702.375844481579
727.4613391789284,1170.0,-3676.9321687630672
779.4228634059947,1170.0,-3645.0464262320156
831.384387633061,1170.0,-3596.250786805357
883.3459118601273,1170.0,-3542.8654242535786
935.3074360871937,1170.0,-3516.7551848527546
987.26896031426,1170.0,-3111.5403853674998
1039.2304845413262,1170.0,-4093.7857308500343
1091.1920087683925,1170.0,-3875.2856797483287
1143.1535329954588,1170.0,-3796.9971948038046
1195.1150572225251,1170.0,-3886.5331461561204
1247.0765814495915,1170.0,-4127.684310184391
1299.0381056766578,1170.0,-4210.54550794177
1350.999629903724,1170.0,-2923.9458693950164
1402.9611541307904,1170.0,-3278.511772856417
1454.9226783578567,1170.0,-3232.9940476106713
1506.884202584923,1170.0,-3142.1392391213194
1558.8457268119894,1170.0,-3056.7358395626534
1610.8072510390557,1170.0,-2996.2951844776117
1662.768775266122,1170.0,-2981.809802619736
1714.7302994931883,1170.0,-3035.1014046186065
1766.6918237202547,1170.0,-3158.6363870353407
1818.653347947321,1170.0,-3348.7482729655876
1870.6148721743873,1170.0,-3604.3555904235373
1922.5763964014536,1170.0,-3903.726441324107
1974.53792062852,1170.0,-4259.3764124347
2026.4994448555863,1170.0,-4894.996737473857
2078.4609690826524,1170.0,-6539.081740363016
2130.422493309719,1170.0,-6361.925235108843
2182.384017536785,1170.0,-6350.343016343854
2234.3455417638515,1170.0,-6240.329942063143
2286.3070659909176,1170.0,-2192.2869784879294
2338.268590217984,1170.0,-2328.789276594833
2390.2301144450503,1170.0,2832.18851855511
2442.191638672117,1170.0,-11.299081898495388
2494.153162899183,1170.0,215.21102750631565
2546.1146871262495,1170.0,269.26321317947344
2598.0762113533156,1170.0,-6420.777474063022
2650.037735580382,1170.0,-4023.0866777340516
2701.999259807448,1170.0,-3181.0709018734383
2753.9607840345147,1170.0,-2490.9190171948617
2805.922308261581,1170.0,-2477.2367919448984
2857.8838324886474,1170.0,-2738.3659113705116
2909.8453567157135,1170.0,-3116.568203249434
2961.80688094278,1170.0,-3540.165570306165
3013.768405169846,1170.0,-3970.424851114948
3065.7299293969127,1170.0,-4389.939452656265
3117.6914536239788,1170.0,-4789.729222480362
3169.6529778510453,1170.0,-5159.541900018503
3221.6145020781114,1170.0,-5470.033355178128
3273.576026305178,1170.0,-5732.8941545584385
3325.537550532244,1170.0,-6224.722039034629
3377.49907475931,1170.0,-6341.948142593805
3429.4605989863767,1170.0,-2300.269854750578
3481.422123213443,1170.0,-1997.4678501179567
3533.3836474405093,1170.0,-2056.9749555499193
3585.3451716675754,1170.0,-4059.9981714523974
3637.306695894642,1170.0,-3903.4458996515305
3689.268220121708,1170.0,-3900.0057375235747
3741.2297443487746,1170.0,-3631.098657272807
3793.1912685758407,1170.0,-3535.080955630392
3845.1527928029072,1170.0,-3441.2011245775066
3897.1143170299733,1170.0,-3351.539206322582
3949.07584125704,1170.0,-3302.5024658308325
4001.037365484106,1170.0,-3275.930452248901
4052.9988897111725,1170.0,-3271.178668394685
4104.960413938239,1170.0,-3284.466414578119
4156.921938165305,1170.0,-3314.2888114454763
4208.883462392371,1170.0,-3370.217096613281
4260.844986619438,1170.0,-3478.179545019065
4312.806510846504,1170.0,-3578.7489307777814
4364.76803507357,1170.0,-3664.6792360028767
4416.7295593006365,1170.0,-3875.0805970594665
4468.691083527703,1170.0,-3967.5989885597155
4520.65260775477,1170.0,-1936.7403264504414
4572.614131981835,1170.0,-1896.6433288100034
4624.575656208902,1170.0,-6233.646173686551
4676.537180435968,1170.0,-6471.96991779805
4728.498704663035,1170.0,-3829.556182965759
4780.460228890101,1170.0,-3872.0938343634766
4832.421753117167,1170.0,-3877.408857551217
4884.383277344234,1170.0,-3841.616134783902
4936.3448015713,1170.0,-3798.286023801128
4988.306325798366,1170.0,-3842.5019395632125
5040.267850025432,1170.0,-3802.2097281697606
5092.229374252499,1170.0,-3856.698543815321
5144.190898479565,1170.0,-3822.1285048489235
5196.152422706631,1170.0,-3963.9833970545624
5248.113946933698,1170.0,-3958.747100616627
5300.075471160764,1170.0,-3911.6096922546903
5352.03699538783,1170.0,-3987.802945444307
5403.998519614896,1170.0,-3884.942867933342
5455.960043841963,1170.0,-3996.562541980513
5507.9215680690295,1170.0,-1902.4612186074073
5559.883092296095,1170.0,-1821.5912447124015
5611.844616523162,1170.0,-1448.422586689504
5663.806140750228,1170.0,-2002.0619386939784
5715.767664977295,1170.0,-2412.3112652736836
5767.72918920436,1170.0,-6773.039458223433
5819.690713431427,1170.0,-6933.789680763007
5871.6522376584935,1170.0,-6634.963852078229
5923.61376188556,1170.0,-2206.0611252492126
5975.575286112626,1170.0,-2157.170972629712
6027.536810339692,1170.0,-2342.1440704620454
6079.498334566759,1170.0,-4114.161335640775
6131.459858793825,1170.0,-4045.1418577283835
6183.421383020891,1170.0,-3977.7296020979134
6235.3829072479575,1170.0,-3626.3639308022866
6287.344431475024,1170.0,-3423.269012587981
6339.305955702091,1170.0,-3345.9272217642656
6391.267479929156,1170.0,-3300.458287129225
6443.229004156223,1170.0,-3272.6556794729704
6495.190528383289,1170.0,-3254.935046520089
6547.152052610356,1170.0,-3246.2364216057786
6599.1135768374215,1170.0,-3242.0368714312917
6651.075101064488,1170.0,-3243.5430524120798
6703.036625291555,1170.0,-3249.1301159845952
6754.99814951862,1170.0,-3259.968919869859
6806.959673745687,1170.0,-3272.1601345239387
6858.921197972753,1170.0,-3288.8222559511523
6910.88272219982,1170.0,-3308.6472237711905
6962.844246426886,1170.0,-3332.6247300132245
7014.805770653952,1170.0,-3359.657176001666
7066.767294881019,1170.0,-3391.548564460432
7118.728819108085,1170.0,-3426.9970051542687
7170.690343335151,1170.0,-3464.9187929060563
7222.651867562217,1170.0,-3504.5358677214404
7274.613391789284,1170.0,-3544.787807592308
7326.5749160163505,1170.0,-3585.1262355234253
7378.536440243416,1170.0,-3622.5727569783357
7430.497964470483,1170.0,-3648.9896336371485
7482.459488697549,1170.0,-3652.2638065549436
7534.421012924616,1170.0,-3329.040180176124
7586.382537151681,1170.0,-4305.06957355742
7638.344061378748,1170.0,-3828.058763451678
7690.3055856058145,1170.0,-3612.182695801737
7742.267109832881,1170.0,-4034.3826364029374
7794.228634059947,1170.0,-2803.0577573155742
7846.190158287013,1170.0,-3329.3577198485045
7898.15168251408,1170.0,-3369.1954092493816
7950.113206741146,1170.0,-3396.611730881974
8002.074730968212,1170.0,-3411.7367505848397
8054.0362551952785,1170.0,-3420.975941989962
8105.997779422345,1170.0,-3430.595706826081
8157.959303649412,1170.0,-3437.23322659797
8209.920827876478,1170.0,-3442.9189515509643
8261.882352103545,1170.0,-3444.075665632339
8313.84387633061,1170.0,-3431.9497938977884
8365.805400557676,1170.0,-3398.572118871594
8417.766924784743,1170.0,-3009.040307103978
8469.728449011809,1170.0,-4134.9632220423655
8521.689973238876,1170.0,-3810.202350028151
8573.651497465942,1170.0,-3951.686942866402
8625.613021693009,1170.0,-4485.8036843248265
8677.574545920073,1170.0,-3147.2942476400394
8729.53607014714,1170.0,-3612.67787916679
8781.497594374207,1170.0,-3632.59973481846
8833.459118601273,1170.0,-3640.0153944657463
8885.42064282834,1170.0,-3636.183873506553
8937.382167055406,1170.0,-3638.7223126999806
8989.343691282473,1170.0,-3654.5513364816143
9041.30521550954,1170.0,-3684.799370464222
9093.266739736604,1170.0,-3732.7817146784473
9145.22826396367,1170.0,-3799.2736886443226
9197.189788190737,1170.0,-3882.257404187013
9249.151312417804,1170.0,-3980.8652898709624
9301.11283664487,1170.0,-4094.55047940039
9353.074360871937,1170.0,-4224.7182310418475
9405.035885099003,1170.0,-4368.712491469305
9456.99740932607,1170.0,-4521.057160704408
9508.958933553135,1170.0,-4680.183455204043
9560.920457780201,1170.0,-4843.921291030179
9612.881982007268,1170.0,-5008.7006924307425
9664.843506234334,1170.0,-5171.5981523276205
9716.8050304614,1170.0,-5333.5644418660395
9768.766554688467,1170.0,-5495.0920947928425
9820.728078915534,1170.0,-5658.950687502333
9872.6896031426,1170.0,-5835.061642020784
9924.651127369665,1170.0,-6023.042619625818
9976.612651596732,1170.0,-6214.620321721106
10028.574175823798,1170.0,-6443.285020325995
10080.535700050865,1170.0,-6922.982055652684
10132.497224277931,1170.0,-6550.230329003985
10184.458748504998,1170.0,-6400.154826723383
10236.420272732064,1170.0,-1614.9810814381199
10288.38179695913,1170.0,-1585.8559298084747
10340.343321186196,1170.0,-3720.1958937566833
25.980762113533157,1215.0,-3876.3358341754274
77.94228634059947,1215.0,-4499.644129029746
129.90381056766577,1215.0,-6553.9483216848985
181.8653347947321,1215.0,-6483.620977125588
233.8268590217984,1215.0,-1890.334889906698
285.7883832488647,1215.0,-1695.7624552765442
337.749907475931,1215.0,-3909.9914722979347
389.71143170299734,1215.0,-3935.1304879226236
441.67295593006367,1215.0,-3895.0655957263607
493.63448015713,1215.0,-3870.9648486018314
545.5960043841962,1215.0,-3819.4607149022877
597.5575286112626,1215.0,-3779.707389176102
649.5190528383289,1215.0,-3746.4051291005962
701.4805770653952,1215.0,-3715.754548879172
753.4421012924615,1215.0,-3683.8074799534415
805.4036255195278,1215.0,-3649.7573797854166
857.3651497465942,1215.0,-3609.170214930932
909.3266739736605,1215.0,-3565.7508026206187
961.2881982007268,1215.0,-3524.033724883392
1013.2497224277931,1215.0,-3095.7480155692174
1065.2112466548592,1215.0,-4132.300163893748
1117.1727708819255,1215.0,-3828.2419021998403
1169.1342951089919,1215.0,-3852.2402963585555
1221.0958193360582,1215.0,-3910.0280443487336
1273.0573435631245,1215.0,-3777.6164301381427
1325.0188677901908,1215.0,-4199.523780005011
1376.9803920172571,1215.0,-3012.5000367639295
1428.9419162443235,1215.0,-3335.730670266147
1480.9034404713898,1215.0,-3329.88839759227
1532.864964698456,1215.0,-3334.996093919662
1584.8264889255224,1215.0,-3359.2399420973506
1636.7880131525887,1215.0,-3430.9391254943494
1688.749537379655,1215.0,-3561.598675612843
1740.7110616067214,1215.0,-3747.7016818500065
1792.6725858337877,1215.0,-3992.0163564346094
1844.634110060854,1215.0,-4292.453677101716
1896.5956342879203,1215.0,-4690.206281392193
1948.5571585149867,1215.0,-4964.902873344057
2000.518682742053,1215.0,-5224.387207814669
2052.4802069691195,1215.0,-6168.342514330845
2104.4417311961856,1215.0,-6442.425043228268
2156.403255423252,1215.0,-6411.658465867182
2208.3647796503183,1215.0,-6320.200126892155
2260.326303877385,1215.0,-1649.4076912356152
2312.287828104451,1215.0,-2396.949097408477
2364.2493523315175,1215.0,2616.318643762075
2416.2108765585835,1215.0,-31.21577124494752
2468.17240078565,1215.0,-47.026606757087706
2520.133925012716,1215.0,226.6145548515998
2572.0954492397827,1215.0,-2325.2123617937154
2624.056973466849,1215.0,-6487.305822122977
2676.0184976939154,1215.0,-6554.207225223767
2727.9800219209815,1215.0,-2855.4221147590406
2779.941546148048,1215.0,-2185.811806242566
2831.903070375114,1215.0,-2436.010363474459
2883.8645946021807,1215.0,-2863.577384129407
2935.8261188292468,1215.0,-3349.7751042215514
2987.7876430563133,1215.0,-3837.33264446259
3039.7491672833794,1215.0,-4305.352656825429
3091.710691510446,1215.0,-4745.215875081621
3143.672215737512,1215.0,-5173.420670050473
3195.6337399645786,1215.0,-5623.899678886075
3247.5952641916447,1215.0,-5855.414477974797
3299.556788418711,1215.0,-5968.754841154499
3351.5183126457773,1215.0,-6238.154181281245
3403.4798368728434,1215.0,-6262.321102800472
3455.44136109991,1215.0,-2278.560882979705
3507.402885326976,1215.0,-2326.08855678448
3559.3644095540426,1215.0,-3975.6001177650487
3611.3259337811087,1215.0,-3940.8172300327788
3663.2874580081752,1215.0,-3572.0923845007173
3715.2489822352413,1215.0,-3446.557695786958
3767.210506462308,1215.0,-3353.752401143888
3819.172030689374,1215.0,-3321.1379443980095
3871.1335549164405,1215.0,-3291.8701555239913
3923.0950791435066,1215.0,-3266.1667732534916
3975.056603370573,1215.0,-3253.399765395864
4027.0181275976392,1215.0,-3253.5026772393685
4078.979651824706,1215.0,-3265.704935912227
4130.941176051772,1215.0,-3287.997955554901
4182.902700278838,1215.0,-3321.69671841141
4234.8642245059045,1215.0,-3366.4639043301977
4286.825748732971,1215.0,-3411.8644862347355
4338.787272960038,1215.0,-3456.9320961374533
4390.748797187103,1215.0,-3585.8379687338424
4442.71032141417,1215.0,-3908.3766742948965
4494.671845641236,1215.0,-3970.047657640037
4546.633369868303,1215.0,-3138.2555270107564
4598.5948940953685,1215.0,-1746.4163180518954
4650.556418322435,1215.0,-6427.65325307971
4702.517942549502,1215.0,-6467.261043746732
4754.479466776568,1215.0,-3830.3063532342803
4806.440991003634,1215.0,-3876.5583023819145
4858.4025152307,1215.0,-3818.5904306298744
4910.364039457767,1215.0,-3787.973002260159
4962.3255636848335,1215.0,-3593.735033635867
5014.287087911899,1215.0,-3537.471028866642
5066.248612138966,1215.0,-3539.2758797543665
5118.210136366032,1215.0,-3601.411743404862
5170.171660593098,1215.0,-3854.5222307876807
5222.133184820164,1215.0,-3855.3988634249745
5274.094709047231,1215.0,-3786.167015604412
5326.0562332742975,1215.0,-3932.2223560906805
5378.017757501363,1215.0,-3950.1569898843554
5429.97928172843,1215.0,-3983.85421600458
5481.940805955496,1215.0,-3992.6317850428386
5533.902330182563,1215.0,-3895.5620276021464
5585.863854409628,1215.0,-1631.7173062639267
5637.825378636695,1215.0,-1882.522722245679
5689.7869028637615,1215.0,-2095.9238501266823
5741.748427090828,1215.0,-2168.1652078216557
5793.709951317894,1215.0,-1960.182382660348
5845.67147554496,1215.0,-2004.1200903688743
5897.632999772027,1215.0,-2371.8023785631613
5949.594523999093,1215.0,-2699.6677321398693
6001.556048226159,1215.0,-4158.830171407009
6053.5175724532255,1215.0,-4143.570877905333
6105.479096680292,1215.0,-4066.194736983991
6157.440620907359,1215.0,-3716.39128961106
6209.402145134424,1215.0,-3550.2400886465684
6261.363669361491,1215.0,-3409.891316411069
6313.325193588557,1215.0,-3336.259964116183
6365.286717815624,1215.0,-3291.1082074639644
6417.2482420426895,1215.0,-3260.297600929687
6469.209766269756,1215.0,-3239.4534530408973
6521.171290496823,1215.0,-3226.0154439361568
6573.132814723889,1215.0,-3219.5072448464903
6625.094338950955,1215.0,-3218.6180943861264
6677.055863178021,1215.0,-3223.8733713418396
6729.017387405088,1215.0,-3233.1504228271688
6780.9789116321535,1215.0,-3248.450444985625
6832.94043585922,1215.0,-3266.708404255346
6884.901960086287,1215.0,-3289.0469393089716
6936.863484313353,1215.0,-3314.8581800237444
6988.825008540419,1215.0,-3344.362388477519
7040.786532767485,1215.0,-3378.583994099205
7092.748056994552,1215.0,-3416.86170931371
7144.7095812216185,1215.0,-3458.1875495001595
7196.671105448684,1215.0,-3500.9545191835978
7248.632629675751,1215.0,-3544.852669697585
7300.594153902817,1215.0,-3587.973407216133
7352.555678129884,1215.0,-3627.4569095704483
7404.517202356949,1215.0,-3653.82582891547
7456.478726584016,1215.0,-3659.8068066553024
7508.4402508110825,1215.0,-3353.726498746705
7560.401775038149,1215.0,-4362.9467783872
7612.363299265215,1215.0,-3944.3631914987404
7664.324823492281,1215.0,-3641.473898930979
7716.286347719348,1215.0,-3927.6078245997196
7768.247871946414,1215.0,-2794.7787157487865
7820.20939617348,1215.0,-3310.1765129416517
7872.1709204005465,1215.0,-3356.1636724946916
7924.132444627613,1215.0,-3383.096406427191
7976.09396885468,1215.0,-3394.268476425376
8028.055493081745,1215.0,-3400.576234952505
8080.017017308812,1215.0,-3406.7661897211374
8131.978541535878,1215.0,-3414.8629124315003
8183.940065762945,1215.0,-3422.6353214938777
8235.901589990011,1215.0,-3429.136068469299
8287.863114217078,1215.0,-3430.322312968691
8339.824638444143,1215.0,-3416.7151944625366
8391.78616267121,1215.0,-3384.356025331309
8443.747686898276,1215.0,-2953.58593773445
8495.709211125342,1215.0,-4105.702944657771
8547.670735352409,1215.0,-3810.172945626092
8599.632259579475,1215.0,-3928.4531982111193
8651.593783806542,1215.0,-4489.121538016452
8703.555308033607,1215.0,-3183.730152464049
8755.516832260673,1215.0,-3650.5762717817406
8807.47835648774,1215.0,-3681.0918436315997
8859.439880714806,1215.0,-3693.3015222005206
8911.401404941873,1215.0,-3704.827401857772
8963.36292916894,1215.0,-3723.3563479558325
9015.324453396006,1215.0,-3756.8307227010637
9067.285977623073,1215.0,-3807.218872892494
9119.247501850137,1215.0,-3875.3233097060256
9171.209026077204,1215.0,-3961.718791377458
9223.17055030427,1215.0,-4065.735422884168
9275.132074531337,1215.0,-4187.556661287725
9327.093598758403,1215.0,-4326.320856011553
9379.05512298547,1215.0,-4477.427790562771
9431.016647212537,1215.0,-4640.139187325169
9482.978171439603,1215.0,-4809.668039632728
9534.939695666668,1215.0,-4982.081350266988
9586.901219893734,1215.0,-5155.182676137756
9638.862744120801,1215.0,-5325.788054127647
9690.824268347867,1215.0,-5489.522547361277
9742.785792574934,1215.0,-5646.293415221893
9794.747316802,1215.0,-5801.0991110191835
9846.708841029067,1215.0,-5962.946968130311
9898.670365256134,1215.0,-6150.337593609703
9950.631889483198,1215.0,-6390.595499069964
10002.593413710265,1215.0,-6562.459502135638
10054.554937937331,1215.0,-6471.272038656105
10106.516462164398,1215.0,-6494.121761676431
10158.477986391465,1215.0,-1829.3094963768744
10210.439510618531,1215.0,-1655.327045480558
10262.401034845598,1215.0,-1489.274634285062
10314.362559072662,1215.0,-4015.7786076676102
10366.324083299729,1215.0,-3696.507095091325
0.0,1260.0,-3874.619227689055
51.96152422706631,1260.0,-4533.478069069565
103.92304845413263,1260.0,-6726.770701655381
155.88457268119893,1260.0,-6716.979369503701
207.84609690826525,1260.0,-6534.511875529211
259.80762113533154,1260.0,-1800.4225743865643
311.76914536239786,1260.0,-1676.7610422530302
363.7306695894642,1260.0,-6191.622768781024
415.6921938165305,1260.0,-3883.2751373723577
467.6537180435968,1260.0,-3992.428178016283
519.6152422706631,1260.0,-3920.3800974210317
571.5767664977294,1260.0,-3851.583862051726
623.5382907247957,1260.0,-3803.575647130395
675.499814951862,1260.0,-3765.510705574211
727.4613391789284,1260.0,-3728.1957912826274
779.4228634059947,1260.0,-3691.4777046823187
831.384387633061,1260.0,-3653.4226740800764
883.3459118601273,1260.0,-3612.923550085412
935.3074360871937,1260.0,-3563.6041241708003
987.26896031426,1260.0,-3506.155217794053
1039.2304845413262,1260.0,-3023.547520358761
1091.1920087683925,1260.0,-4158.368150561251
1143.1535329954588,1260.0,-4126.200069458416
1195.1150572225251,1260.0,-3878.35271795895
1247.0765814495915,1260.0,-3848.8036274765172
1299.0381056766578,1260.0,-3780.537725745831
1350.999629903724,1260.0,-4160.328234784901
1402.9611541307904,1260.0,-3037.2565842564313
1454.9226783578567,1260.0,-2990.621500393487
1506.884202584923,1260.0,-3406.6061613782526
1558.8457268119894,1260.0,-3467.1649426070644
1610.8072510390557,1260.0,-3617.7843257194672
1662.768775266122,1260.0,-3856.6873060461076
1714.7302994931883,1260.0,-4175.119249591713
1766.6918237202547,1260.0,-4511.067593156391
1818.653347947321,1260.0,-4915.432933693599
1870.6148721743873,1260.0,-5321.3201009887625
1922.5763964014536,1260.0,-6155.571478973026
1974.53792062852,1260.0,-6154.860006420107
2026.4994448555863,1260.0,-6320.752034592666
2078.4609690826524,1260.0,-6406.020579655529
2130.422493309719,1260.0,-6637.954757391715
2182.384017536785,1260.0,-2085.294706335589
2234.3455417638515,1260.0,-1790.6343575807998
2286.3070659909176,1260.0,-2547.6799818112177
2338.268590217984,1260.0,2568.9090222873438
2390.2301144450503,1260.0,2588.0961801069125
2442.191638672117,1260.0,-39.3932349772943
2494.153162899183,1260.0,-64.42392568933761
2546.1146871262495,1260.0,2854.5140657507754
2598.0762113533156,1260.0,-2323.356323819358
2650.037735580382,1260.0,293.0025317178171
2701.999259807448,1260.0,312.2069152038504
2753.9607840345147,1260.0,-1614.3133529579704
2805.922308261581,1260.0,-1867.1553403709986
2857.8838324886474,1260.0,-2444.3219845529384
2909.8453567157135,1260.0,-3071.7731502753822
2961.80688094278,1260.0,-3661.020848416262
3013.768405169846,1260.0,-4197.865373343162
3065.7299293969127,1260.0,-4681.170982498792
3117.6914536239788,1260.0,-5130.8890068605715
3169.6529778510453,1260.0,-5650.545724696372
3221.6145020781114,1260.0,-6445.691795838593
3273.576026305178,1260.0,-6152.106213324944
3325.537550532244,1260.0,-5915.568966680276
3377.49907475931,1260.0,-2243.120660851966
3429.4605989863767,1260.0,-2305.8679909765233
3481.422123213443,1260.0,-2224.7946898296395
3533.3836474405093,1260.0,-3928.892720647958
3585.3451716675754,1260.0,-3873.5125735951888
3637.306695894642,1260.0,-3501.8438309399844
3689.268220121708,1260.0,-3329.6494920280156
3741.2297443487746,1260.0,-3283.3071824828553
3793.1912685758407,1260.0,-3257.4893078149653
3845.1527928029072,1260.0,-3242.7864731019763
3897.1143170299733,1260.0,-3233.65464523629
3949.07584125704,1260.0,-3232.2805757433625
4001.037365484106,1260.0,-3239.580870056488
4052.9988897111725,1260.0,-3254.244460657834
4104.960413938239,1260.0,-3276.7071278096296
4156.921938165305,1260.0,-3309.486734340618
4208.883462392371,1260.0,-3347.685597775453
4260.844986619438,1260.0,-3384.8836601629546
4312.806510846504,1260.0,-3420.2069247612976
4364.76803507357,1260.0,-3469.5043440830227
4416.7295593006365,1260.0,-3607.587157888429
4468.691083527703,1260.0,-3851.090114603396
4520.65260775477,1260.0,-3306.175952600561
4572.614131981835,1260.0,-3316.141877094875
4624.575656208902,1260.0,-3876.208598666945
4676.537180435968,1260.0,-4010.8382414659727
4728.498704663035,1260.0,-4220.652353302644
4780.460228890101,1260.0,-3815.975773567138
4832.421753117167,1260.0,-3702.0989288171495
4884.383277344234,1260.0,-3632.3320556998515
4936.3448015713,1260.0,-3552.1532256119244
4988.306325798366,1260.0,-3466.172669274994
5040.267850025432,1260.0,-3440.932175642465
5092.229374252499,1260.0,-3448.3246688702675
5144.190898479565,1260.0,-3523.868209333237
5196.152422706631,1260.0,-3576.596042868111
5248.113946933698,1260.0,-3552.2374044709914
5300.075471160764,1260.0,-3571.2896368733336
5352.03699538783,1260.0,-3612.1739219255196
5403.998519614896,1260.0,-3647.555948238407
5455.960043841963,1260.0,-3756.879206783632
5507.9215680690295,1260.0,-3826.6307487338904
5559.883092296095,1260.0,-3802.3907164632446
5611.844616523162,1260.0,-3942.251907116064
5663.806140750228,1260.0,-4029.339066233196
5715.767664977295,1260.0,-1794.6662038173936
5767.72918920436,1260.0,-1893.0352843423434
5819.690713431427,1260.0,-6173.859655071513
5871.6522376584935,1260.0,-2262.464870630686
5923.61376188556,1260.0,-2336.814775146463
5975.575286112626,1260.0,-3971.2166267711173
6027.536810339692,1260.0,-4098.007899071679
6079.498334566759,1260.0,-4044.8285047237387
6131.459858793825,1260.0,-3653.854940035457
6183.421383020891,1260.0,-3461.1593596938083
6235.3829072479575,1260.0,-3382.9240048477386
6287.344431475024,1260.0,-3322.7048895412618
6339.305955702091,1260.0,-3279.2062801856273
6391.267479929156,1260.0,-3248.529606050024
6443.229004156223,1260.0,-3225.514227311004
6495.190528383289,1260.0,-3207.611612382866
6547.152052610356,1260.0,-3196.3931481107948
6599.1135768374215,1260.0,-3193.067086422914
6651.075101064488,1260.0,-3195.8307778039984
6703.036625291555,1260.0,-3203.8217778179824
6754.99814951862,1260.0,-3218.4111725025614
6806.959673745687,1260.0,-3237.4761520314323
6858.921197972753,1260.0,-3261.8000229307345
6910.88272219982,1260.0,-3290.6152611547004
6962.844246426886,1260.0,-3322.1472376918464
7014.805770653952,1260.0,-3360.030236815791
7066.767294881019,1260.0,-3402.5009389476227
7118.728819108085,1260.0,-3446.5547925896053
7170.690343335151,1260.0,-3492.6884496673747
7222.651867562217,1260.0,-3540.704121667743
7274.613391789284,1260.0,-3588.470836190821
7326.5749160163505,1260.0,-3631.3895742971517
7378.536440243416,1260.0,-3657.917551397256
7430.497964470483,1260.0,-3658.3779750799686
7482.459488697549,1260.0,-3292.3967242939207
7534.421012924616,1260.0,-4400.046849252729
7586.382537151681,1260.0,-3902.8218090391492
7638.344061378748,1260.0,-3784.824902615688
7690.3055856058145,1260.0,-3885.301893802174
7742.267109832881,1260.0,-2834.106856315033
7794.228634059947,1260.0,-3300.746777167274
7846.190158287013,1260.0,-3341.9283343444395
7898.15168251408,1260.0,-3368.8081472778013
7950.113206741146,1260.0,-3377.751017017029
8002.074730968212,1260.0,-3381.905881642556
8054.0362551952785,1260.0,-3386.2162141883496
8105.997779422345,1260.0,-3393.140070124341
8157.959303649412,1260.0,-3401.775917389865
8209.920827876478,1260.0,-3410.049214572149
8261.882352103545,1260.0,-3415.3387418515013
8313.84387633061,1260.0,-3417.6922613001097
8365.805400557676,1260.0,-3403.5550235082
8417.766924784743,1260.0,-3373.6510415409234
8469.728449011809,1260.0,-2948.0143223810837
8521.689973238876,1260.0,-4059.467724667121
8573.651497465942,1260.0,-3759.316747821107
8625.613021693009,1260.0,-3975.3527785210417
8677.574545920073,1260.0,-4461.071592844339
8729.53607014714,1260.0,-3325.605204610904
8781.497594374207,1260.0,-3694.909985490701
8833.459118601273,1260.0,-3724.6496786620587
8885.42064282834,1260.0,-3748.1721403600513
8937.382167055406,1260.0,-3771.433691873228
8989.343691282473,1260.0,-3807.561151501789
9041.30521550954,1260.0,-3859.728963767738
9093.266739736604,1260.0,-3931.2028849216613
9145.22826396367,1260.0,-4019.8152786319333
9197.189788190737,1260.0,-4129.216836036012
9249.151312417804,1260.0,-4258.899590156618
9301.11283664487,1260.0,-4407.470056500844
9353.074360871937,1260.0,-4570.165229777262
9405.035885099003,1260.0,-4742.736439102187
9456.99740932607,1260.0,-4924.037814439705
9508.958933553135,1260.0,-5108.518480517023
9560.920457780201,1260.0,-5293.135279223285
9612.881982007268,1260.0,-5472.896458623423
9664.843506234334,1260.0,-5642.176457347976
9716.8050304614,1260.0,-5802.646058268825
9768.766554688467,1260.0,-5950.166388270027
9820.728078915534,1260.0,-6084.729913641491
9872.6896031426,1260.0,-6248.34945983262
9924.651127369665,1260.0,-6548.423349511819
9976.612651596732,1260.0,-6965.646296880419
10028.574175823798,1260.0,-6527.574397432074
10080.535700050865,1260.0,-6451.311910512892
10132.497224277931,1260.0,-1757.9181730421165
10184.458748504998,1260.0,-1778.9681628338753
10236.420272732064,1260.0,-1624.9900457129734
10288.38179695913,1260.0,-4015.026954150514
10340.343321186196,1260.0,-3660.7145383776306
25.980762113533157,1305.0,-4010.6414916671165
77.94228634059947,1305.0,-5647.4328960405
129.90381056766577,1305.0,-6582.280459413354
181.8653347947321,1305.0,-6743.182676952252
233.8268590217984,1305.0,-6724.348771607523
285.7883832488647,1305.0,-6650.8856379140125
337.749907475931,1305.0,-6169.529879201059
389.71143170299734,1305.0,-6232.372326266317
441.67295593006367,1305.0,-4389.441106840141
493.63448015713,1305.0,-4041.4434532108726
545.5960043841962,1305.0,-3928.2825940259054
597.5575286112626,1305.0,-3868.1305736696313
649.5190528383289,1305.0,-3824.298978171197
701.4805770653952,1305.0,-3783.7874150609478
753.4421012924615,1305.0,-3740.7687680489794
805.4036255195278,1305.0,-3696.3268614823005
857.3651497465942,1305.0,-3651.9577887517903
909.3266739736605,1305.0,-3605.557748432344
961.2881982007268,1305.0,-3547.9058423684687
1013.2497224277931,1305.0,-3489.1429637895912
1065.2112466548592,1305.0,-2999.8850005792283
1117.1727708819255,1305.0,-3014.6852638306646
1169.1342951089919,1305.0,-4144.211826715731
1221.0958193360582,1305.0,-4277.679097603665
1273.0573435631245,1305.0,-3764.2324283572248
1325.0188677901908,1305.0,-3738.1083492760927
1376.9803920172571,1305.0,-4124.3541052818
1428.9419162443235,1305.0,-4087.7855735564253
1480.9034404713898,1305.0,-2932.903820881762
1532.864964698456,1305.0,-2945.7897024369836
1584.8264889255224,1305.0,-3057.0898714170817
1636.7880131525887,1305.0,-3904.206130551497
1688.749537379655,1305.0,-4461.598812891501
1740.7110616067214,1305.0,-5089.72597254298
1792.6725858337877,1305.0,-5498.337809395876
1844.634110060854,1305.0,-6248.14197284645
1896.5956342879203,1305.0,-6178.474256686164
1948.5571585149867,1305.0,-6293.6275658207305
2000.518682742053,1305.0,-6622.937381845349
2052.4802069691195,1305.0,-6422.5978248334795
2104.4417311961856,1305.0,-2005.226908588169
2156.403255423252,1305.0,-2073.3443612699516
2208.3647796503183,1305.0,-2328.0439645859224
2260.326303877385,1305.0,-2564.8154405974346
2312.287828104451,1305.0,2612.743873577302
2364.2493523315175,1305.0,2615.018339390371
2416.2108765585835,1305.0,2445.692277830065
2468.17240078565,1305.0,2120.447205839274
2520.133925012716,1305.0,2370.9262031418475
2572.0954492397827,1305.0,2802.5550957433106
2624.056973466849,1305.0,-19.246432037590154
2676.0184976939154,1305.0,309.2285281775079
2727.9800219209815,1305.0,274.34766759194434
2779.941546148048,1305.0,-1327.2667421307183
2831.903070375114,1305.0,-1859.8269810270333
2883.8645946021807,1305.0,-2667.641841039156
2935.8261188292468,1305.0,-3454.6480246208744
2987.7876430563133,1305.0,-4081.5788986100424
3039.7491672833794,1305.0,-4618.53437840854
3091.710691510446,1305.0,-5067.918783644396
3143.672215737512,1305.0,-5530.729967836734
3195.6337399645786,1305.0,-6081.850540376014
3247.5952641916447,1305.0,-6113.846858436399
3299.556788418711,1305.0,-5773.594138388393
3351.5183126457773,1305.0,-2076.685224319081
3403.4798368728434,1305.0,-2280.5403395129865
3455.44136109991,1305.0,-2098.2672824971623
3507.402885326976,1305.0,-3935.611774655252
3559.3644095540426,1305.0,-3871.49162573744
3611.3259337811087,1305.0,-3483.82551376955
3663.2874580081752,1305.0,-3299.08220415042
3715.2489822352413,1305.0,-3243.770989654525
3767.210506462308,1305.0,-3218.786345065804
3819.172030689374,1305.0,-3209.280339828757
3871.1335549164405,1305.0,-3207.025778278986
3923.0950791435066,1305.0,-3212.544794501032
3975.056603370573,1305.0,-3224.3173532914852
4027.0181275976392,1305.0,-3245.099834804182
4078.979651824706,1305.0,-3271.5265327297984
4130.941176051772,1305.0,-3306.4428896089426
4182.902700278838,1305.0,-3353.256624100947
4234.8642245059045,1305.0,-3404.2876519191304
4286.825748732971,1305.0,-3449.4670239406214
4338.787272960038,1305.0,-3481.277095846176
4390.748797187103,1305.0,-3512.5452658706245
4442.71032141417,1305.0,-3477.4153348997215
4494.671845641236,1305.0,-3453.921570660801
4546.633369868303,1305.0,-3435.1341082574363
4598.5948940953685,1305.0,-3720.4571151707682
4650.556418322435,1305.0,-3853.852197714886
4702.517942549502,1305.0,-3924.3239955035433
4754.479466776568,1305.0,-3848.769737714204
4806.440991003634,1305.0,-3711.6626993558802
4858.4025152307,1305.0,-3612.9969264393444
4910.364039457767,1305.0,-3545.7715768231355
4962.3255636848335,1305.0,-3492.0106598146303
5014.287087911899,1305.0,-3453.888866187118
5066.248612138966,1305.0,-3439.4872254734173
5118.210136366032,1305.0,-3444.2132330879444
5170.171660593098,1305.0,-3457.6153420413084
5222.133184820164,1305.0,-3463.2885779651424
5274.094709047231,1305.0,-3468.1043360687254
5326.0562332742975,1305.0,-3481.5061155022213
5378.017757501363,1305.0,-3505.316351545782
5429.97928172843,1305.0,-3556.810954357563
5481.940805955496,1305.0,-3658.140353544136
5533.902330182563,1305.0,-3848.8562145569226
5585.863854409628,1305.0,-3841.503420986021
5637.825378636695,1305.0,-3983.37763751926
5689.7869028637615,1305.0,-3995.1494174679365
5741.748427090828,1305.0,-3949.7067446464703
5793.709951317894,1305.0,-6146.3272342706405
5845.67147554496,1305.0,-6201.46617951579
5897.632999772027,1305.0,-2295.721456181709
5949.594523999093,1305.0,-2343.753141759802
6001.556048226159,1305.0,-3948.6804575531733
6053.5175724532255,1305.0,-4057.660875474832
6105.479096680292,1305.0,-3651.7148496131845
6157.440620907359,1305.0,-3446.024457815819
6209.402145134424,1305.0,-3364.968551133152
6261.363669361491,1305.0,-3310.7254276318254
6313.325193588557,1305.0,-3267.521932629922
6365.286717815624,1305.0,-3234.4362124333275
6417.2482420426895,1305.0,-3209.0063260108213
6469.209766269756,1305.0,-3189.7873760882694
6521.171290496823,1305.0,-3174.7523766294617
6573.132814723889,1305.0,-3164.9082699826977
6625.094338950955,1305.0,-3164.708994215949
6677.055863178021,1305.0,-3171.114476648231
6729.017387405088,1305.0,-3183.110346609271
6780.9789116321535,1305.0,-3202.648148912084
6832.94043585922,1305.0,-3228.354273614574
6884.901960086287,1305.0,-3260.013533564951
6936.863484313353,1305.0,-3297.815867144045
6988.825008540419,1305.0,-3337.9924127507475
7040.786532767485,1305.0,-3383.5888062067843
7092.748056994552,1305.0,-3432.4841685265146
7144.7095812216185,1305.0,-3482.205641444297
7196.671105448684,1305.0,-3532.877194640081
7248.632629675751,1305.0,-3583.480349509937
7300.594153902817,1305.0,-3631.006135120443
7352.555678129884,1305.0,-3663.3587007668984
7404.517202356949,1305.0,-3663.4986814911986
7456.478726584016,1305.0,-3233.5328470173504
7508.4402508110825,1305.0,-4424.150504484362
7560.401775038149,1305.0,-3963.8143516719274
7612.363299265215,1305.0,-3769.9192190489184
7664.324823492281,1305.0,-3956.876997207858
7716.286347719348,1305.0,-2940.734092648705
7768.247871946414,1305.0,-3307.6935971343582
7820.20939617348,1305.0,-3334.658842690569
7872.1709204005465,1305.0,-3354.369326152071
7924.132444627613,1305.0,-3361.751647266907
7976.09396885468,1305.0,-3362.861066634958
8028.055493081745,1305.0,-3364.1929378665277
8080.017017308812,1305.0,-3367.773159040298
8131.978541535878,1305.0,-3376.3277810223562
8183.940065762945,1305.0,-3386.1353286029307
8235.901589990011,1305.0,-3395.378985035058
8287.863114217078,1305.0,-3403.4330213875714
8339.824638444143,1305.0,-3407.2007277541306
8391.78616267121,1305.0,-3389.515341051232
8443.747686898276,1305.0,-3362.2767610384535
8495.709211125342,1305.0,-2952.8510997862786
8547.670735352409,1305.0,-4103.35316804592
8599.632259579475,1305.0,-3831.445923403971
8651.593783806542,1305.0,-3933.390737598018
8703.555308033607,1305.0,-4448.826658325877
8755.516832260673,1305.0,-3383.4324603325276
8807.47835648774,1305.0,-3731.8265557722875
8859.439880714806,1305.0,-3768.1017284834807
8911.401404941873,1305.0,-3801.636378265325
8963.36292916894,1305.0,-3841.023895155275
9015.324453396006,1305.0,-3897.014429634264
9067.285977623073,1305.0,-3969.7616676920006
9119.247501850137,1305.0,-4063.3850080388374
9171.209026077204,1305.0,-4177.024483485073
9223.17055030427,1305.0,-4313.193673722102
9275.132074531337,1305.0,-4469.022670673742
9327.093598758403,1305.0,-4642.14860257033
9379.05512298547,1305.0,-4829.008419271702
9431.016647212537,1305.0,-5023.200649323711
9482.978171439603,1305.0,-5222.479473368423
9534.939695666668,1305.0,-5419.6443456556135
9586.901219893734,1305.0,-5611.739740306832
9638.862744120801,1305.0,-5794.1666537635665
9690.824268347867,1305.0,-5958.933403121637
9742.785792574934,1305.0,-6120.975941904922
9794.747316802,1305.0,-6250.997645248853
9846.708841029067,1305.0,-6309.784077420903
9898.670365256134,1305.0,-6572.812002759432
9950.631889483198,1305.0,-7022.880765097418
10002.593413710265,1305.0,-6995.633648765015
10054.554937937331,1305.0,-1531.8490843676054
10106.516462164398,1305.0,-1763.8871270121517
10158.477986391465,1305.0,-1723.2125904142222
10210.439510618531,1305.0,-3757.5312681568303
10262.401034845598,1305.0,-3815.7135449193192
10314.362559072662,1305.0,-4049.4478491449554
10366.324083299729,1305.0,-3763.514604952826
0.0,1350.0,-3890.2323686156374
51.96152422706631,1350.0,-5620.787381050031
103.92304845413263,1350.0,-6759.738693991785
155.88457268119893,1350.0,-6582.315587082638
207.84609690826525,1350.0,-1931.5510120451845
259.80762113533154,1350.0,-1686.5645015254654
311.76914536239786,1350.0,-1955.5370878789136
363.7306695894642,1350.0,-6116.607219525435
415.6921938165305,1350.0,-4193.056377004721
467.6537180435968,1350.0,-4098.492243087971
519.6152422706631,1350.0,-3995.1478914006943
571.5767664977294,1350.0,-3939.607340815898
623.5382907247957,1350.0,-3901.128939727705
675.499814951862,1350.0,-3860.51231958994
727.4613391789284,1350.0,-3811.9548312827233
779.4228634059947,1350.0,-3757.907953851975
831.384387633061,1350.0,-3701.9768015111686
883.3459118601273,1350.0,-3647.778167457095
935.3074360871937,1350.0,-3594.7546053564674
987.26896031426,1350.0,-3539.658116167344
1039.2304845413262,1350.0,-3491.2374901406893
1091.1920087683925,1350.0,-3468.1624147893917
1143.1535329954588,1350.0,-3075.317278107478
1195.1150572225251,1350.0,-3131.300029832098
1247.0765814495915,1350.0,-4283.314744009147
1299.0381056766578,1350.0,-3774.368579779376
1350.999629903724,1350.0,-3734.9675570569116
1402.9611541307904,1350.0,-3719.9853902242908
1454.9226783578567,1350.0,-4146.014470657852
1506.884202584923,1350.0,-4269.534405008897
1558.8457268119894,1350.0,-4206.718447122981
1610.8072510390557,1350.0,-3065.7297065987577
1662.768775266122,1350.0,-3012.16431488314
1714.7302994931883,1350.0,-6147.4401598519835
1766.6918237202547,1350.0,-6528.218422046366
1818.653347947321,1350.0,-6321.147727033689
1870.6148721743873,1350.0,-6308.097168405429
1922.5763964014536,1350.0,-6355.803205358608
1974.53792062852,1350.0,-1898.7648849603584
2026.4994448555863,1350.0,-1869.426260656739
2078.4609690826524,1350.0,-1922.900955422483
2130.422493309719,1350.0,-1694.329538428288
2182.384017536785,1350.0,-2153.307703252234
2234.3455417638515,1350.0,-6262.378569567454
2286.3070659909176,1350.0,-2558.006815032647
2338.268590217984,1350.0,2765.55586629098
2390.2301144450503,1350.0,2655.267845647376
2442.191638672117,1350.0,2022.2565346247206
2494.153162899183,1350.0,1827.7165788165028
2546.1146871262495,1350.0,2121.014102841101
2598.0762113533156,1350.0,114.55791271064561
2650.037735580382,1350.0,-13.269001976333968
2701.999259807448,1350.0,264.5677430374334
2753.9607840345147,1350.0,202.7639416010574
2805.922308261581,1350.0,238.17315517428597
2857.8838324886474,1350.0,-2622.3166189220206
2909.8453567157135,1350.0,-3447.9869691763097
2961.80688094278,1350.0,-4039.34520739434
3013.768405169846,1350.0,-4606.417628072126
3065.7299293969127,1350.0,-5033.676804773566
3117.6914536239788,1350.0,-5614.652643216148
3169.6529778510453,1350.0,-6032.573686191083
3221.6145020781114,1350.0,-5828.37682231838
3273.576026305178,1350.0,-1664.4583580835297
3325.537550532244,1350.0,-2140.889951331411
3377.49907475931,1350.0,-2057.8971333838554
3429.4605989863767,1350.0,-4014.351279540587
3481.422123213443,1350.0,-4011.7066181204955
3533.3836474405093,1350.0,-3791.0052109933504
3585.3451716675754,1350.0,-3466.6426290615777
3637.306695894642,1350.0,-3288.7575295304737
3689.268220121708,1350.0,-3222.9184618432228
3741.2297443487746,1350.0,-3194.0827914983765
3793.1912685758407,1350.0,-3184.8909410389106
3845.1527928029072,1350.0,-3185.5373102577987
3897.1143170299733,1350.0,-3195.7940071025187
3949.07584125704,1350.0,-3211.6336842139654
4001.037365484106,1350.0,-3235.241587797517
4052.9988897111725,1350.0,-3266.6404610999452
4104.960413938239,1350.0,-3307.6703681792624
4156.921938165305,1350.0,-3365.4896476232784
4208.883462392371,1350.0,-3442.973060953029
4260.844986619438,1350.0,-3552.492923579672
4312.806510846504,1350.0,-3630.2889743760384
4364.76803507357,1350.0,-3617.569148848399
4416.7295593006365,1350.0,-3472.1857840821867
4468.691083527703,1350.0,-3489.4786524700608
4520.65260775477,1350.0,-3680.994748252192
4572.614131981835,1350.0,-3727.958260295075
4624.575656208902,1350.0,-3771.807095211753
4676.537180435968,1350.0,-3853.7614861777524
4728.498704663035,1350.0,-3829.092213119564
4780.460228890101,1350.0,-3748.2787367252886
4832.421753117167,1350.0,-3659.6151645334144
4884.383277344234,1350.0,-3589.3256189623726
4936.3448015713,1350.0,-3534.540089973385
4988.306325798366,1350.0,-3493.300918568084
5040.267850025432,1350.0,-3468.4630365285216
5092.229374252499,1350.0,-3457.292907986861
5144.190898479565,1350.0,-3455.900401570221
5196.152422706631,1350.0,-3460.3881975044537
5248.113946933698,1350.0,-3468.8950703830283
5300.075471160764,1350.0,-3480.546458673329
5352.03699538783,1350.0,-3502.2692040608117
5403.998519614896,1350.0,-3536.96827699976
5455.960043841963,1350.0,-3587.114799870883
5507.9215680690295,1350.0,-3682.956908948917
5559.883092296095,1350.0,-3764.268767467187
5611.844616523162,1350.0,-3863.3271878002065
5663.806140750228,1350.0,-4019.7105430487672
5715.767664977295,1350.0,-4107.77375145953
5767.72918920436,1350.0,-6003.128140504141
5819.690713431427,1350.0,-6238.041295283366
5871.6522376584935,1350.0,-2488.829315726741
5923.61376188556,1350.0,-2568.0023170034037
5975.575286112626,1350.0,-4019.5417726326177
6027.536810339692,1350.0,-4026.877552980812
6079.498334566759,1350.0,-3697.371064873134
6131.459858793825,1350.0,-3462.992772861989
6183.421383020891,1350.0,-3372.798867668523
6235.3829072479575,1350.0,-3312.110838629528
6287.344431475024,1350.0,-3265.0419360008327
6339.305955702091,1350.0,-3227.396242950417
6391.267479929156,1350.0,-3196.200993769906
6443.229004156223,1350.0,-3171.7623436356544
6495.190528383289,1350.0,-3150.758972889651
6547.152052610356,1350.0,-3136.0358606972973
6599.1135768374215,1350.0,-3129.568117236219
6651.075101064488,1350.0,-3133.0215513086837
6703.036625291555,1350.0,-3143.1096517454034
6754.99814951862,1350.0,-3159.18914911917
6806.959673745687,1350.0,-3186.0130332790304
6858.921197972753,1350.0,-3220.287710246188
6910.88272219982,1350.0,-3261.3714462925655
6962.844246426886,1350.0,-3307.6133477963617
7014.805770653952,1350.0,-3358.8143864394997
7066.767294881019,1350.0,-3413.0868431797717
7118.728819108085,1350.0,-3467.244878467747
7170.690343335151,1350.0,-3521.0682923285312
7222.651867562217,1350.0,-3573.5990231757714
7274.613391789284,1350.0,-3622.2005719238164
7326.5749160163505,1350.0,-3662.085349471674
7378.536440243416,1350.0,-3673.7595836279106
7430.497964470483,1350.0,-3239.268359207739
7482.459488697549,1350.0,-4517.399977599207
7534.421012924616,1350.0,-3989.349782073007
7586.382537151681,1350.0,-3818.863304369209
7638.344061378748,1350.0,-4071.0861192431885
7690.3055856058145,1350.0,-2980.145945051846
7742.267109832881,1350.0,-3310.6534387823567
7794.228634059947,1350.0,-3327.971505219414
7846.190158287013,1350.0,-3342.7359818214295
7898.15168251408,1350.0,-3345.8402837464446
7950.113206741146,1350.0,-3343.7076541633223
8002.074730968212,1350.0,-3342.3846788121214
8054.0362551952785,1350.0,-3344.3348591998783
8105.997779422345,1350.0,-3351.2692273454013
8157.959303649412,1350.0,-3361.0026018623957
8209.920827876478,1350.0,-3371.5975732902075
8261.882352103545,1350.0,-3382.463122118602
8313.84387633061,1350.0,-3390.40571951595
8365.805400557676,1350.0,-3385.9399238772676
8417.766924784743,1350.0,-3355.174407828164
8469.728449011809,1350.0,-2927.2259082249625
8521.689973238876,1350.0,-4160.470793312724
8573.651497465942,1350.0,-3708.041701439497
8625.613021693009,1350.0,-3847.875154217676
8677.574545920073,1350.0,-4404.875276180985
8729.53607014714,1350.0,-3339.765856359491
8781.497594374207,1350.0,-3732.4524177404273
8833.459118601273,1350.0,-3768.509839886975
8885.42064282834,1350.0,-3810.3669506475703
8937.382167055406,1350.0,-3855.3783166622297
8989.343691282473,1350.0,-3914.0337439434793
9041.30521550954,1350.0,-3989.234094104724
9093.266739736604,1350.0,-4084.8875117138195
9145.22826396367,1350.0,-4202.8522537311765
9197.189788190737,1350.0,-4346.477464172825
9249.151312417804,1350.0,-4510.755074788614
9301.11283664487,1350.0,-4694.765389751893
9353.074360871937,1350.0,-4894.326834552334
9405.035885099003,1350.0,-5104.496098337151
9456.99740932607,1350.0,-5320.068953750317
9508.958933553135,1350.0,-5536.559745014205
9560.920457780201,1350.0,-5745.410089234384
9612.881982007268,1350.0,-5939.3221273486015
9664.843506234334,1350.0,-6136.808691114943
9716.8050304614,1350.0,-6261.07586106491
9768.766554688467,1350.0,-6563.559563891253
9820.728078915534,1350.0,-6628.714047464391
9872.6896031426,1350.0,-6424.929372550134
9924.651127369665,1350.0,-6513.679791067403
9976.612651596732,1350.0,-6618.353088450767
10028.574175823798,1350.0,-1488.3102783271825
10080.535700050865,1350.0,-1893.7320162027422
10132.497224277931,1350.0,-1817.5145995170096
10184.458748504998,1350.0,-3603.717780524744
10236.420272732064,1350.0,-3771.0312793919247
10288.38179695913,1350.0,-4066.42742611037
10340.343321186196,1350.0,-3697.294933567733
25.980762113533157,1395.0,-5605.508784139079
77.94228634059947,1395.0,-6834.7853287250655
129.90381056766577,1395.0,-1882.4237348803674
181.8653347947321,1395.0,-2050.7433512874013
233.8268590217984,1395.0,-1858.6054121229272
285.7883832488647,1395.0,-1810.850135600282
337.749907475931,1395.0,-1968.0327556303173
389.71143170299734,1395.0,-3976.505061751891
441.67295593006367,1395.0,-4014.310055796333
493.63448015713,1395.0,-4001.7766624638507
545.5960043841962,1395.0,-3984.1800613550677
597.5575286112626,1395.0,-3978.4028128330083
649.5190528383289,1395.0,-3954.2372257227244
701.4805770653952,1395.0,-3908.7994764009522
753.4421012924615,1395.0,-3846.74581760369
805.4036255195278,1395.0,-3775.426017378295
857.3651497465942,1395.0,-3703.403985569742
909.3266739736605,1395.0,-3636.8172678775063
961.2881982007268,1395.0,-3580.306071139137
1013.2497224277931,1395.0,-3533.850644966091
1065.2112466548592,1395.0,-3498.454137629342
1117.1727708819255,1395.0,-3481.1262725044403
1169.1342951089919,1395.0,-3480.4064960744786
1221.0958193360582,1395.0,-3148.805794924102
1273.0573435631245,1395.0,-4150.959401323485
1325.0188677901908,1395.0,-3820.942630691434
1376.9803920172571,1395.0,-3772.122160107091
1428.9419162443235,1395.0,-3810.2711242433684
1480.9034404713898,1395.0,-3787.0739161875053
1532.864964698456,1395.0,-3850.2141494285834
1584.8264889255224,1395.0,-4068.7364057306995
1636.7880131525887,1395.0,-4046.7030915759997
1688.749537379655,1395.0,-6305.5187642892415
1740.7110616067214,1395.0,-6202.459129448531
1792.6725858337877,1395.0,-6239.399229181412
1844.634110060854,1395.0,-6199.465329346169
1896.5956342879203,1395.0,-2006.3114452730442
1948.5571585149867,1395.0,-1587.2359654818777
2000.518682742053,1395.0,-1751.7715915833546
2052.4802069691195,1395.0,-1696.3510122534046
2104.4417311961856,1395.0,-1804.858353965588
2156.403255423252,1395.0,-3717.788391633858
2208.3647796503183,1395.0,-6231.23177868942
2260.326303877385,1395.0,-2747.444177903798
2312.287828104451,1395.0,2982.429479944458
2364.2493523315175,1395.0,2747.6556572079344
2416.2108765585835,1395.0,2175.8980389914504
2468.17240078565,1395.0,1891.4348350054593
2520.133925012716,1395.0,1559.8372466563667
2572.0954492397827,1395.0,1131.624873323034
2624.056973466849,1395.0,158.2515887770731
2676.0184976939154,1395.0,12.296686910231461
2727.9800219209815,1395.0,-78.20233582524041
2779.941546148048,1395.0,232.89146779635269
2831.903070375114,1395.0,276.65126370169946
2883.8645946021807,1395.0,-5260.782758716244
2935.8261188292468,1395.0,-4502.940873821379
2987.7876430563133,1395.0,-5005.177032506359
3039.7491672833794,1395.0,-5236.242421644625
3091.710691510446,1395.0,-5482.907816394796
3143.672215737512,1395.0,-5913.508903904464
3195.6337399645786,1395.0,-5861.146498894048
3247.5952641916447,1395.0,-1835.1904141380307
3299.556788418711,1395.0,-2003.510487040201
3351.5183126457773,1395.0,-2333.1107340659446
3403.4798368728434,1395.0,-3974.975001885554
3455.44136109991,1395.0,-4044.353624894155
3507.402885326976,1395.0,-3826.2269546028774
3559.3644095540426,1395.0,-3457.9115444271347
3611.3259337811087,1395.0,-3281.088515508962
3663.2874580081752,1395.0,-3210.612397011968
3715.2489822352413,1395.0,-3177.228998697413
3767.210506462308,1395.0,-3166.965813304225
3819.172030689374,1395.0,-3168.3224941999324
3871.1335549164405,1395.0,-3177.517040576746
3923.0950791435066,1395.0,-3196.7657195794873
3975.056603370573,1395.0,-3224.5208609082915
4027.0181275976392,1395.0,-3259.5668580959555
4078.979651824706,1395.0,-3304.413968694149
4130.941176051772,1395.0,-3367.4202799114173
4182.902700278838,1395.0,-3461.630186212624
4234.8642245059045,1395.0,-3630.24110804872
4286.825748732971,1395.0,-3899.8760810009953
4338.787272960038,1395.0,-3954.593728050234
4390.748797187103,1395.0,-3449.8149603927923
4442.71032141417,1395.0,-3491.526864526902
4494.671845641236,1395.0,-3768.258800186045
4546.633369868303,1395.0,-3795.945901580272
4598.5948940953685,1395.0,-3783.772486763593
4650.556418322435,1395.0,-3847.83498848145
4702.517942549502,1395.0,-3826.8161949623263
4754.479466776568,1395.0,-3775.0948611435465
4806.440991003634,1395.0,-3706.367365491329
4858.4025152307,1395.0,-3639.866765943645
4910.364039457767,1395.0,-3585.6952310861625
4962.3255636848335,1395.0,-3542.981666142271
5014.287087911899,1395.0,-3511.658237541425
5066.248612138966,1395.0,-3492.5624514874576
5118.210136366032,1395.0,-3484.1632628093184
5170.171660593098,1395.0,-3483.945304738636
5222.133184820164,1395.0,-3491.9684520830606
5274.094709047231,1395.0,-3506.024889261954
5326.0562332742975,1395.0,-3526.310507839059
5378.017757501363,1395.0,-3558.4203363974766
5429.97928172843,1395.0,-3604.4971069733692
5481.940805955496,1395.0,-3665.7938449367357
5533.902330182563,1395.0,-3747.728687607796
5585.863854409628,1395.0,-3860.849960483471
5637.825378636695,1395.0,-4032.2561848382525
5689.7869028637615,1395.0,-4293.772453837474
5741.748427090828,1395.0,-4985.494576381188
5793.709951317894,1395.0,-6379.543458874052
5845.67147554496,1395.0,-6377.956707256043
5897.632999772027,1395.0,-2277.2980500870617
5949.594523999093,1395.0,-2383.9557082161855
6001.556048226159,1395.0,-4050.6573084017264
6053.5175724532255,1395.0,-3994.602284679747
6105.479096680292,1395.0,-3631.4778800190843
6157.440620907359,1395.0,-3425.2283457340263
6209.402145134424,1395.0,-3341.008411521128
6261.363669361491,1395.0,-3281.4638102191166
6313.325193588557,1395.0,-3232.0388570364767
6365.286717815624,1395.0,-3191.4261013687556
6417.2482420426895,1395.0,-3158.420933597694
6469.209766269756,1395.0,-3131.5058379041066
6521.171290496823,1395.0,-3108.7365372279583
6573.132814723889,1395.0,-3094.850347947706
6625.094338950955,1395.0,-3090.0516100359755
6677.055863178021,1395.0,-3096.8085583904112
6729.017387405088,1395.0,-3113.7441836545486
6780.9789116321535,1395.0,-3137.4325403609328
6832.94043585922,1395.0,-3171.8888937694473
6884.901960086287,1395.0,-3217.1267138510066
6936.863484313353,1395.0,-3269.7161293508716
6988.825008540419,1395.0,-3327.7883711267905
7040.786532767485,1395.0,-3388.3958450050905
7092.748056994552,1395.0,-3448.572415776801
7144.7095812216185,1395.0,-3506.2153236448776
7196.671105448684,1395.0,-3559.096646828938
7248.632629675751,1395.0,-3601.177303929793
7300.594153902817,1395.0,-3632.404951949748
7352.555678129884,1395.0,-3668.248062267542
7404.517202356949,1395.0,-3333.4615832297777
7456.478726584016,1395.0,-4507.038927859368
7508.4402508110825,1395.0,-4477.163888867548
7560.401775038149,1395.0,-4001.445140475691
7612.363299265215,1395.0,-3723.2438395973168
7664.324823492281,1395.0,-4153.219126634262
7716.286347719348,1395.0,-2903.2697984814886
7768.247871946414,1395.0,-3301.0423490470566
7820.20939617348,1395.0,-3324.437473164387
7872.1709204005465,1395.0,-3327.892137518047
7924.132444627613,1395.0,-3325.477179432888
7976.09396885468,1395.0,-3323.1106545389794
8028.055493081745,1395.0,-3322.198830242557
8080.017017308812,1395.0,-3325.543122466116
8131.978541535878,1395.0,-3333.4955120747654
8183.940065762945,1395.0,-3344.369952801474
8235.901589990011,1395.0,-3356.898072981847
8287.863114217078,1395.0,-3369.05923839852
8339.824638444143,1395.0,-3375.5263922837657
8391.78616267121,1395.0,-3366.357121603737
8443.747686898276,1395.0,-3338.262503080474
8495.709211125342,1395.0,-2885.871174770713
8547.670735352409,1395.0,-4215.337764368424
8599.632259579475,1395.0,-3693.574135203022
8651.593783806542,1395.0,-3861.688116049738
8703.555308033607,1395.0,-4354.387178697401
8755.516832260673,1395.0,-3333.4886129745923
8807.47835648774,1395.0,-3745.557996256435
8859.439880714806,1395.0,-3793.962417400849
8911.401404941873,1395.0,-3850.544151162202
8963.36292916894,1395.0,-3915.638632981063
9015.324453396006,1395.0,-3995.286770959713
9067.285977623073,1395.0,-4093.7565311689095
9119.247501850137,1395.0,-4214.5833003150765
9171.209026077204,1395.0,-4360.123311166304
9223.17055030427,1395.0,-4533.008617747997
9275.132074531337,1395.0,-4726.179648655556
9327.093598758403,1395.0,-4938.617060144719
9379.05512298547,1395.0,-5166.487591002016
9431.016647212537,1395.0,-5404.091754242158
9482.978171439603,1395.0,-5641.975003809472
9534.939695666668,1395.0,-5879.076631304618
9586.901219893734,1395.0,-6085.534492929935
9638.862744120801,1395.0,-6286.19163291877
9690.824268347867,1395.0,-6625.0166420427595
9742.785792574934,1395.0,-6423.9021988366985
9794.747316802,1395.0,-6723.370031575725
9846.708841029067,1395.0,-6782.577517444155
9898.670365256134,1395.0,-6669.536517659613
9950.631889483198,1395.0,-1845.3961186264346
10002.593413710265,1395.0,-1650.7119720718201
10054.554937937331,1395.0,-2030.8773848580604
10106.516462164398,1395.0,-3692.6340496607027
10158.477986391465,1395.0,-3702.4520247539176
10210.439510618531,1395.0,-3693.679745372341
10262.401034845598,1395.0,-2826.1590761261186
10314.362559072662,1395.0,-4027.9250468892815
10366.324083299729,1395.0,-3727.256870095264
0.0,1440.0,-5088.098786623477
51.96152422706631,1440.0,-1879.3496656048999
103.92304845413263,1440.0,-1914.4007343108942
155.88457268119893,1440.0,-2016.1672517467339
207.84609690826525,1440.0,-1956.8490001292375
259.80762113533154,1440.0,-3774.4638542210278
311.76914536239786,1440.0,-2957.685778245977
363.7306695894642,1440.0,-3155.5153216180443
415.6921938165305,1440.0,-3819.2199081125445
467.6537180435968,1440.0,-3931.0999810170388
519.6152422706631,1440.0,-3991.4075151230627
571.5767664977294,1440.0,-4036.2418958216103
623.5382907247957,1440.0,-4062.0163151990905
675.499814951862,1440.0,-4036.540784754975
727.4613391789284,1440.0,-3971.2412867058165
779.4228634059947,1440.0,-3882.2654213756487
831.384387633061,1440.0,-3785.3595692065364
883.3459118601273,1440.0,-3693.2882317231283
935.3074360871937,1440.0,-3615.9282388039273
987.26896031426,1440.0,-3556.479942067336
1039.2304845413262,1440.0,-3516.5037971362262
1091.1920087683925,1440.0,-3496.361656579842
1143.1535329954588,1440.0,-3489.4995813738306
1195.1150572225251,1440.0,-3487.324004145722
1247.0765814495915,1440.0,-3192.9388726653806
1299.0381056766578,1440.0,-4128.914680827387
1350.999629903724,1440.0,-4264.594950329937
1402.9611541307904,1440.0,-3826.4710705291723
1454.9226783578567,1440.0,-3804.7957312245453
1506.884202584923,1440.0,-3889.0460706758367
1558.8457268119894,1440.0,-3799.795581617923
1610.8072510390557,1440.0,-3779.855583555114
1662.768775266122,1440.0,-6499.158172908508
1714.7302994931883,1440.0,-6500.90186665707
1766.6918237202547,1440.0,-1270.5970092093276
1818.653347947321,1440.0,-1286.2463917505659
1870.6148721743873,1440.0,-2032.7587700565105
1922.5763964014536,1440.0,-2023.997911814237
1974.53792062852,1440.0,-1590.9554042004993
2026.4994448555863,1440.0,-3838.0407252466944
2078.4609690826524,1440.0,-3764.7979555362326
2130.422493309719,1440.0,-3721.420408006048
2182.384017536785,1440.0,-6323.727314362745
2234.3455417638515,1440.0,-2791.4759473673635
2286.3070659909176,1440.0,2768.7578747694333
2338.268590217984,1440.0,2827.9981458980965
2390.2301144450503,1440.0,2297.996381487623
2442.191638672117,1440.0,2028.5365371306289
2494.153162899183,1440.0,1686.4551520457508
2546.1146871262495,1440.0,1300.2175557085134
2598.0762113533156,1440.0,943.8055126519266
2650.037735580382,1440.0,205.03646134937495
2701.999259807448,1440.0,29.000857320115273
2753.9607840345147,1440.0,-138.19785970578175
2805.922308261581,1440.0,269.89977009240044
2857.8838324886474,1440.0,-2679.133783734328
2909.8453567157135,1440.0,-5580.544910017605
2961.80688094278,1440.0,-6392.234264290415
3013.768405169846,1440.0,-6521.693523059604
3065.7299293969127,1440.0,-5686.864090517636
3117.6914536239788,1440.0,-5883.10717877758
3169.6529778510453,1440.0,-2489.844504906823
3221.6145020781114,1440.0,-2649.2271580143624
3273.576026305178,1440.0,-2219.370577306505
3325.537550532244,1440.0,-4058.7349353751865
3377.49907475931,1440.0,-4110.099654072028
3429.4605989863767,1440.0,-3959.950892281197
3481.422123213443,1440.0,-3602.6248561190314
3533.3836474405093,1440.0,-3404.0804420541817
3585.3451716675754,1440.0,-3264.6479172714103
3637.306695894642,1440.0,-3195.7354378927967
3689.268220121708,1440.0,-3161.684050079836
3741.2297443487746,1440.0,-3149.9029189353255
3793.1912685758407,1440.0,-3150.9554544467883
3845.1527928029072,1440.0,-3161.2045938575834
3897.1143170299733,1440.0,-3181.648152700758
3949.07584125704,1440.0,-3210.5881061906916
4001.037365484106,1440.0,-3246.7705892275885
4052.9988897111725,1440.0,-3291.5143966804244
4104.960413938239,1440.0,-3354.781710360709
4156.921938165305,1440.0,-3449.8391595775897
4208.883462392371,1440.0,-3628.2174334727906
4260.844986619438,1440.0,-3927.283025300164
4312.806510846504,1440.0,-4084.082415527513
4364.76803507357,1440.0,-3370.6056046173194
4416.7295593006365,1440.0,-3414.211862122336
4468.691083527703,1440.0,-3887.7464909772516
4520.65260775477,1440.0,-3959.214869853558
4572.614131981835,1440.0,-4059.5430547994747
4624.575656208902,1440.0,-3934.105202724126
4676.537180435968,1440.0,-3870.123968487457
4728.498704663035,1440.0,-3812.52050789151
4780.460228890101,1440.0,-3750.2606691275114
4832.421753117167,1440.0,-3690.5893044363984
4884.383277344234,1440.0,-3637.8474475721305
4936.3448015713,1440.0,-3594.265929604289
4988.306325798366,1440.0,-3561.6717247934544
5040.267850025432,1440.0,-3538.021447092155
5092.229374252499,1440.0,-3523.32652671527
5144.190898479565,1440.0,-3519.6468055638197
5196.152422706631,1440.0,-3524.595242916037
5248.113946933698,1440.0,-3537.4174718685217
5300.075471160764,1440.0,-3557.5432785862413
5352.03699538783,1440.0,-3588.7541376670297
5403.998519614896,1440.0,-3633.616701206628
5455.960043841963,1440.0,-3694.2917553695124
5507.9215680690295,1440.0,-3777.660709866088
5559.883092296095,1440.0,-3892.2522166742674
5611.844616523162,1440.0,-4054.2597845850537
5663.806140750228,1440.0,-4298.862705916148
5715.767664977295,1440.0,-4704.367512264451
5767.72918920436,1440.0,-5415.592462077248
5819.690713431427,1440.0,-6355.031778103534
5871.6522376584935,1440.0,-6403.06114821102
5923.61376188556,1440.0,-2397.0886361282014
5975.575286112626,1440.0,-2321.858397787818
6027.536810339692,1440.0,-4079.0282317972496
6079.498334566759,1440.0,-4083.358588060338
6131.459858793825,1440.0,-3626.3529374802138
6183.421383020891,1440.0,-3418.86324157935
6235.3829072479575,1440.0,-3332.5237104041416
6287.344431475024,1440.0,-3261.9045455728383
6339.305955702091,1440.0,-3204.1557787797465
6391.267479929156,1440.0,-3157.3095845758303
6443.229004156223,1440.0,-3115.830833774822
6495.190528383289,1440.0,-3081.631088407577
6547.152052610356,1440.0,-3057.277939404589
6599.1135768374215,1440.0,-3043.2400183093823
6651.075101064488,1440.0,-3042.5783720865793
6703.036625291555,1440.0,-3054.065980006738
6754.99814951862,1440.0,-3077.128481297156
6806.959673745687,1440.0,-3112.316224838456
6858.921197972753,1440.0,-3161.470880343294
6910.88272219982,1440.0,-3219.040543144436
6962.844246426886,1440.0,-3285.9818194492027
7014.805770653952,1440.0,-3357.3421338490916
7066.767294881019,1440.0,-3426.0862294620683
7118.728819108085,1440.0,-3490.481759771219
7170.690343335151,1440.0,-3546.4435059868674
7222.651867562217,1440.0,-3585.1983403881495
7274.613391789284,1440.0,-3596.174800191552
7326.5749160163505,1440.0,-3229.590277873861
7378.536440243416,1440.0,-3355.083605133188
7430.497964470483,1440.0,-4557.2756362480695
7482.459488697549,1440.0,-4456.2036446936145
7534.421012924616,1440.0,-4030.0786641456907
7586.382537151681,1440.0,-3816.3600107101706
7638.344061378748,1440.0,-4083.663224258995
7690.3055856058145,1440.0,-2853.2534407068115
7742.267109832881,1440.0,-3282.5615518498125
7794.228634059947,1440.0,-3305.0759049051685
7846.190158287013,1440.0,-3310.92085552729
7898.15168251408,1440.0,-3305.3221423645014
7950.113206741146,1440.0,-3299.971258842721
8002.074730968212,1440.0,-3296.713563638259
8054.0362551952785,1440.0,-3298.9556113919407
8105.997779422345,1440.0,-3304.9428012861936
8157.959303649412,1440.0,-3314.385127581181
8209.920827876478,1440.0,-3327.763063836192
8261.882352103545,1440.0,-3340.7808744513336
8313.84387633061,1440.0,-3351.814245704978
8365.805400557676,1440.0,-3358.094537066221
8417.766924784743,1440.0,-3351.7944759391885
8469.728449011809,1440.0,-3326.1793603818073
8521.689973238876,1440.0,-2857.6400968665102
8573.651497465942,1440.0,-4128.399000578482
8625.613021693009,1440.0,-3714.7190700264546
8677.574545920073,1440.0,-3918.4844012902913
8729.53607014714,1440.0,-4376.231856212693
8781.497594374207,1440.0,-3323.143273022229
8833.459118601273,1440.0,-3750.9599096981
8885.42064282834,1440.0,-3817.2733272336395
8937.382167055406,1440.0,-3898.079897996052
8989.343691282473,1440.0,-3983.807052842034
9041.30521550954,1440.0,-4085.3710083626875
9093.266739736604,1440.0,-4208.915624110726
9145.22826396367,1440.0,-4357.7442300344355
9197.189788190737,1440.0,-4534.931229370142
9249.151312417804,1440.0,-4734.768613630718
9301.11283664487,1440.0,-4958.90409842324
9353.074360871937,1440.0,-5203.561855302853
9405.035885099003,1440.0,-5465.104069305221
9456.99740932607,1440.0,-5733.12340111008
9508.958933553135,1440.0,-5995.687037229161
9560.920457780201,1440.0,-6319.0156694297375
9612.881982007268,1440.0,-6687.975098879095
9664.843506234334,1440.0,-6598.896663932562
9716.8050304614,1440.0,-6563.215075326287
9768.766554688467,1440.0,-6318.097935228367
9820.728078915534,1440.0,-1449.1738510694745
9872.6896031426,1440.0,-1902.58201017395
9924.651127369665,1440.0,-2136.618488431466
9976.612651596732,1440.0,-1693.7754660937953
10028.574175823798,1440.0,-2078.3209108780757
10080.535700050865,1440.0,-3649.0116999425154
10132.497224277931,1440.0,-3641.8860413849675
10184.458748504998,1440.0,-3607.2127411615606
10236.420272732064,1440.0,-2844.8724700919647
10288.38179695913,1440.0,-4041.773689898269
10340.343321186196,1440.0,-3667.7499774908615
25.980762113533157,1485.0,-1905.6487884156932
77.94228634059947,1485.0,-1875.8927159508562
129.90381056766577,1485.0,-2005.888453415966
181.8653347947321,1485.0,-3606.352721181559
233.8268590217984,1485.0,-3596.350711714397
285.7883832488647,1485.0,-3679.759858175599
337.749907475931,1485.0,-3108.316596998553
389.71143170299734,1485.0,-3224.3255880958704
441.67295593006367,1485.0,-3827.7120198904527
493.63448015713,1485.0,-3966.0733719055734
545.5960043841962,1485.0,-4085.916844441519
597.5575286112626,1485.0,-4179.632431063696
649.5190528383289,1485.0,-4211.902682382998
701.4805770653952,1485.0,-4153.454535298643
753.4421012924615,1485.0,-4043.653139974598
805.4036255195278,1485.0,-3911.208734542007
857.3651497465942,1485.0,-3780.1454244038223
909.3266739736605,1485.0,-3667.709791686955
961.2881982007268,1485.0,-3579.727861782443
1013.2497224277931,1485.0,-3520.2485198436816
1065.2112466548592,1485.0,-3489.019678357651
1117.1727708819255,1485.0,-3486.15719601186
1169.1342951089919,1485.0,-3516.0982825224064
1221.0958193360582,1485.0,-3570.2190686569197
1273.0573435631245,1485.0,-3223.991007174985
1325.0188677901908,1485.0,-3834.7618446361803
1376.9803920172571,1485.0,-4316.274008170956
1428.9419162443235,1485.0,-4229.954870149048
1480.9034404713898,1485.0,-4193.318877632601
1532.864964698456,1485.0,-3820.277060217055
1584.8264889255224,1485.0,-3827.336373318548
1636.7880131525887,1485.0,-6209.500334338267
1688.749537379655,1485.0,-6540.03687397523
1740.7110616067214,1485.0,-1676.3836169720676
1792.6725858337877,1485.0,-1285.5974140205553
1844.634110060854,1485.0,-1825.3360491945673
1896.5956342879203,1485.0,-2043.2589062325333
1948.5571585149867,1485.0,-3820.3808119167675
2000.518682742053,1485.0,-3850.9304293065725
2052.4802069691195,1485.0,-3859.5241390796464
2104.4417311961856,1485.0,-3808.1081439726418
2156.403255423252,1485.0,-6305.625545349991
2208.3647796503183,1485.0,-2622.2156547544164
2260.326303877385,1485.0,2699.963639221771
2312.287828104451,1485.0,2476.4406749820414
2364.2493523315175,1485.0,2358.2455149192215
2416.2108765585835,1485.0,2151.2183648861865
2468.17240078565,1485.0,1854.815398599544
2520.133925012716,1485.0,1538.3212405295571
2572.0954492397827,1485.0,1199.3326798896062
2624.056973466849,1485.0,931.2689614098311
2676.0184976939154,1485.0,869.7183595226735
2727.9800219209815,1485.0,110.41908463435252
2779.941546148048,1485.0,-89.2653079234372
2831.903070375114,1485.0,2719.1356099925015
2883.8645946021807,1485.0,-2678.749372146017
2935.8261188292468,1485.0,170.01756923803237
2987.7876430563133,1485.0,-6664.1416324188685
3039.7491672833794,1485.0,-6144.243820274414
3091.710691510446,1485.0,-6014.41694754701
3143.672215737512,1485.0,-2314.5288574528854
3195.6337399645786,1485.0,-2389.1744779735927
3247.5952641916447,1485.0,-2632.7729795262603
3299.556788418711,1485.0,-3950.6457347380956
3351.5183126457773,1485.0,-4118.396327902743
3403.4798368728434,1485.0,-3949.8604132262717
3455.44136109991,1485.0,-3525.3651113317546
3507.402885326976,1485.0,-3311.4054663052193
3559.3644095540426,1485.0,-3225.126226648913
3611.3259337811087,1485.0,-3168.4618490941803
3663.2874580081752,1485.0,-3137.469304608063
3715.2489822352413,1485.0,-3126.4937150017613
3767.210506462308,1485.0,-3130.5720096923556
3819.172030689374,1485.0,-3144.254797094284
3871.1335549164405,1485.0,-3165.6617273068896
3923.0950791435066,1485.0,-3195.7670691940957
3975.056603370573,1485.0,-3233.2647164041364
4027.0181275976392,1485.0,-3277.5631201070532
4078.979651824706,1485.0,-3331.9111331493114
4130.941176051772,1485.0,-3412.4415626945092
4182.902700278838,1485.0,-3558.687640317459
4234.8642245059045,1485.0,-3855.3122045236714
4286.825748732971,1485.0,-4021.154862888109
4338.787272960038,1485.0,-1865.9788852719726
4390.748797187103,1485.0,-1823.0194109182823
4442.71032141417,1485.0,-6029.711605503444
4494.671845641236,1485.0,-4187.273071877166
4546.633369868303,1485.0,-4669.749616329214
4598.5948940953685,1485.0,-4162.446819126239
4650.556418322435,1485.0,-3982.1238518095524
4702.517942549502,1485.0,-3877.1045810472388
4754.479466776568,1485.0,-3800.0433131028
4806.440991003634,1485.0,-3736.4342293435866
4858.4025152307,1485.0,-3684.6354822729745
4910.364039457767,1485.0,-3641.8671524839974
4962.3255636848335,1485.0,-3608.411948722978
5014.287087911899,1485.0,-3585.3094355326975
5066.248612138966,1485.0,-3569.230362829726
5118.210136366032,1485.0,-3560.3210072766005
5170.171660593098,1485.0,-3560.7683175175607
5222.133184820164,1485.0,-3570.2326283991674
5274.094709047231,1485.0,-3591.4856399606815
5326.0562332742975,1485.0,-3621.103230814123
5378.017757501363,1485.0,-3663.3657854882786
5429.97928172843,1485.0,-3722.140879267306
5481.940805955496,1485.0,-3802.435571558835
5533.902330182563,1485.0,-3912.6049777004355
5585.863854409628,1485.0,-4061.4515347026163
5637.825378636695,1485.0,-4268.761882066523
5689.7869028637615,1485.0,-4570.462710655935
5741.748427090828,1485.0,-5006.4067664569175
5793.709951317894,1485.0,-5629.724188753291
5845.67147554496,1485.0,-6546.404368969113
5897.632999772027,1485.0,-6766.879868876087
5949.594523999093,1485.0,-2294.6008223652575
6001.556048226159,1485.0,-2306.3271113394712
6053.5175724532255,1485.0,-4116.934668866598
6105.479096680292,1485.0,-3984.246576095137
6157.440620907359,1485.0,-3622.797111481817
6209.402145134424,1485.0,-3468.600474104016
6261.363669361491,1485.0,-3335.412696813016
6313.325193588557,1485.0,-3241.643538615026
6365.286717815624,1485.0,-3169.8242308233375
6417.2482420426895,1485.0,-3111.28939707905
6469.209766269756,1485.0,-3061.637140391108
6521.171290496823,1485.0,-3022.31005243365
6573.132814723889,1485.0,-2994.1917232221986
6625.094338950955,1485.0,-2979.820284237453
6677.055863178021,1485.0,-2982.940433713633
6729.017387405088,1485.0,-3002.812276386389
6780.9789116321535,1485.0,-3039.059938869392
6832.94043585922,1485.0,-3091.0354137577506
6884.901960086287,1485.0,-3157.181682811002
6936.863484313353,1485.0,-3232.333091108301
6988.825008540419,1485.0,-3314.6830006553
7040.786532767485,1485.0,-3398.118249736707
7092.748056994552,1485.0,-3473.2251736135695
7144.7095812216185,1485.0,-3534.7111574474966
7196.671105448684,1485.0,-3570.8834612633427
7248.632629675751,1485.0,-3584.2934882588697
7300.594153902817,1485.0,-3140.2936035771245
7352.555678129884,1485.0,-4560.255290987977
7404.517202356949,1485.0,-4596.388975745831
7456.478726584016,1485.0,-4013.367481331322
7508.4402508110825,1485.0,-3922.961382352074
7560.401775038149,1485.0,-3789.879285207512
7612.363299265215,1485.0,-3989.7247928977868
7664.324823492281,1485.0,-2842.4689186812147
7716.286347719348,1485.0,-3268.4890767469333
7768.247871946414,1485.0,-3291.1677505405646
7820.20939617348,1485.0,-3293.979753133358
7872.1709204005465,1485.0,-3285.3835584501303
7924.132444627613,1485.0,-3276.113741351389
7976.09396885468,1485.0,-3271.152415162458
8028.055493081745,1485.0,-3269.1288794037264
8080.017017308812,1485.0,-3273.381734471701
8131.978541535878,1485.0,-3282.1777961758353
8183.940065762945,1485.0,-3293.8087936591346
8235.901589990011,1485.0,-3309.172530502788
8287.863114217078,1485.0,-3324.277644468876
8339.824638444143,1485.0,-3337.2392001035155
8391.78616267121,1485.0,-3344.9627191476393
8443.747686898276,1485.0,-3333.9422565522764
8495.709211125342,1485.0,-3312.012404278879
8547.670735352409,1485.0,-2890.8378268224687
8599.632259579475,1485.0,-4017.329218680954
8651.593783806542,1485.0,-3781.0759329885695
8703.555308033607,1485.0,-4009.5199530166155
8755.516832260673,1485.0,-4362.608202371655
8807.47835648774,1485.0,-3297.6556967564748
8859.439880714806,1485.0,-3766.2348157417055
8911.401404941873,1485.0,-3861.233153600851
8963.36292916894,1485.0,-3957.8038784232967
9015.324453396006,1485.0,-4064.086406823636
9067.285977623073,1485.0,-4190.809987084847
9119.247501850137,1485.0,-4341.659682431405
9171.209026077204,1485.0,-4519.846985344337
9223.17055030427,1485.0,-4726.893192526215
9275.132074531337,1485.0,-4959.067503724468
9327.093598758403,1485.0,-5216.002052458876
9379.05512298547,1485.0,-5497.211502967388
9431.016647212537,1485.0,-5804.988543860172
9482.978171439603,1485.0,-6149.596684082695
9534.939695666668,1485.0,-6466.4067264651185
9586.901219893734,1485.0,-6965.788472640126
9638.862744120801,1485.0,-6661.86621536191
9690.824268347867,1485.0,-6364.4485492285785
9742.785792574934,1485.0,-2032.4078999618537
9794.747316802,1485.0,-1374.1955017145756
9846.708841029067,1485.0,-1832.069441732002
9898.670365256134,1485.0,-2200.863241849632
9950.631889483198,1485.0,-1927.1374607880848
10002.593413710265,1485.0,-3649.2022053865594
10054.554937937331,1485.0,-3632.557912975968
10106.516462164398,1485.0,-3558.2366500535
10158.477986391465,1485.0,-3340.95248844826
10210.439510618531,1485.0,-3282.157579067488
10262.401034845598,1485.0,-2863.391958227427
10314.362559072662,1485.0,-4077.391005337473
10366.324083299729,1485.0,-3990.6999907741847
0.0,1530.0,-1970.4601229746345
51.96152422706631,1530.0,-1920.5376625355254
103.92304845413263,1530.0,-3837.761448697828
155.88457268119893,1530.0,-3782.2305038498325
207.84609690826525,1530.0,-3627.6734947772193
259.80762113533154,1530.0,-3570.4674725047053
311.76914536239786,1530.0,-3315.818695719794
363.7306695894642,1530.0,-3166.198995751096
415.6921938165305,1530.0,-3266.5770343823624
467.6537180435968,1530.0,-3927.9807808912315
519.6152422706631,1530.0,-4136.783832322147
571.5767664977294,1530.0,-4360.4150565504915
623.5382907247957,1530.0,-4489.458916804351
675.499814951862,1530.0,-4448.634780182827
727.4613391789284,1530.0,-4301.250112825623
779.4228634059947,1530.0,-4116.530836478831
831.384387633061,1530.0,-3926.8847270357023
883.3459118601273,1530.0,-3757.442310735237
935.3074360871937,1530.0,-3622.32803979508
987.26896031426,1530.0,-3533.9272228032987
1039.2304845413262,1530.0,-3489.724779107009
1091.1920087683925,1530.0,-3505.664962635637
1143.1535329954588,1530.0,-3568.567610453024
1195.1150572225251,1530.0,-3713.593128762327
1247.0765814495915,1530.0,-3831.6663034410963
1299.0381056766578,1530.0,-3924.6688553795757
1350.999629903724,1530.0,-3883.65896122058
1402.9611541307904,1530.0,-3936.92752589887
1454.9226783578567,1530.0,-2352.581182942761
1506.884202584923,1530.0,-2304.110715253393
1558.8457268119894,1530.0,-2274.9994485547777
1610.8072510390557,1530.0,-1854.6793189328441
1662.768775266122,1530.0,-1901.5666920262536
1714.7302994931883,1530.0,-2080.642941520624
1766.6918237202547,1530.0,-2075.7803304794907
1818.653347947321,1530.0,-3858.830053181447
1870.6148721743873,1530.0,-3821.3522414095432
1922.5763964014536,1530.0,-3761.3859358550153
1974.53792062852,1530.0,-3728.9865537915266
2026.4994448555863,1530.0,-3760.588216613226
2078.4609690826524,1530.0,-4088.30322693937
2130.422493309719,1530.0,-6171.777056340549
2182.384017536785,1530.0,-2510.1490333871716
2234.3455417638515,1530.0,2674.9869336324678
2286.3070659909176,1530.0,2791.6246792474003
2338.268590217984,1530.0,2435.364758617121
2390.2301144450503,1530.0,2274.6294750802394
2442.191638672117,1530.0,2014.5407898285375
2494.153162899183,1530.0,1740.6169996408762
2546.1146871262495,1530.0,1470.58909211334
2598.0762113533156,1530.0,1232.221993743453
2650.037735580382,1530.0,1097.1411188209559
2701.999259807448,1530.0,1176.2289131426671
2753.9607840345147,1530.0,2334.021233011106
2805.922308261581,1530.0,2649.016719831412
2857.8838324886474,1530.0,2662.0244944342667
2909.8453567157135,1530.0,2825.0903084438264
2961.80688094278,1530.0,173.96166876954135
3013.768405169846,1530.0,-6382.350981486122
3065.7299293969127,1530.0,-2299.2726165225126
3117.6914536239788,1530.0,-2234.9722652208534
3169.6529778510453,1530.0,-2125.0404929870306
3221.6145020781114,1530.0,-3973.7324327450124
3273.576026305178,1530.0,-4028.5236451213345
3325.537550532244,1530.0,-3911.5092996359454
3377.49907475931,1530.0,-3609.724994485916
3429.4605989863767,1530.0,-3415.4500789210674
3481.422123213443,1530.0,-3258.5378543043043
3533.3836474405093,1530.0,-3178.075811155715
3585.3451716675754,1530.0,-3134.0272760300813
3637.306695894642,1530.0,-3109.677881755509
3689.268220121708,1530.0,-3102.6773703854074
3741.2297443487746,1530.0,-3109.962629156747
3793.1912685758407,1530.0,-3126.3284468590687
3845.1527928029072,1530.0,-3151.9096822842575
3897.1143170299733,1530.0,-3183.7278475523754
3949.07584125704,1530.0,-3222.455217454515
4001.037365484106,1530.0,-3264.9707401509427
4052.9988897111725,1530.0,-3314.4424920236147
4104.960413938239,1530.0,-3375.145110344085
4156.921938165305,1530.0,-3462.8416429857516
4208.883462392371,1530.0,-3624.7468681789132
4260.844986619438,1530.0,-3901.2039762488967
4312.806510846504,1530.0,-3990.765990527108
4364.76803507357,1530.0,-3287.9440389185866
4416.7295593006365,1530.0,-1783.3537562901056
4468.691083527703,1530.0,-6206.000586540182
4520.65260775477,1530.0,-6380.95213918594
4572.614131981835,1530.0,-4673.38753561575
4624.575656208902,1530.0,-4144.304924855859
4676.537180435968,1530.0,-3953.7802978561876
4728.498704663035,1530.0,-3851.488678375147
4780.460228890101,1530.0,-3780.196412569232
4832.421753117167,1530.0,-3726.907190169816
4884.383277344234,1530.0,-3684.4795210137017
4936.3448015713,1530.0,-3651.223359935022
4988.306325798366,1530.0,-3627.3244808272625
5040.267850025432,1530.0,-3609.989839898356
5092.229374252499,1530.0,-3599.0552588255687
5144.190898479565,1530.0,-3596.0940148729264
5196.152422706631,1530.0,-3603.4897662215244
5248.113946933698,1530.0,-3621.045790442593
5300.075471160764,1530.0,-3648.491251721731
5352.03699538783,1530.0,-3687.2608287959847
5403.998519614896,1530.0,-3741.9893781690835
5455.960043841963,1530.0,-3817.6625161034963
5507.9215680690295,1530.0,-3918.374159284083
5559.883092296095,1530.0,-4050.607555852492
5611.844616523162,1530.0,-4226.321867992643
5663.806140750228,1530.0,-4462.873831880391
5715.767664977295,1530.0,-4782.521227252006
5767.72918920436,1530.0,-5199.493531796776
5819.690713431427,1530.0,-5753.500881301437
5871.6522376584935,1530.0,-6497.901948296284
5923.61376188556,1530.0,-6664.603904052219
5975.575286112626,1530.0,-2039.5993602845772
6027.536810339692,1530.0,-2479.586095621586
6079.498334566759,1530.0,-4033.6699396277236
6131.459858793825,1530.0,-3936.347159488842
6183.421383020891,1530.0,-3835.7660821938607
6235.3829072479575,1530.0,-3531.5546409715334
6287.344431475024,1530.0,-3327.4499267740684
6339.305955702091,1530.0,-3210.417893881791
6391.267479929156,1530.0,-3121.921518958726
6443.229004156223,1530.0,-3049.7729896144556
6495.190528383289,1530.0,-2989.6572123045635
6547.152052610356,1530.0,-2943.0627955397304
6599.1135768374215,1530.0,-2913.061443910249
6651.075101064488,1530.0,-2901.0276630458065
6703.036625291555,1530.0,-2910.6302759402597
6754.99814951862,1530.0,-2942.2336635369797
6806.959673745687,1530.0,-2995.572975300168
6858.921197972753,1530.0,-3067.9719813770294
6910.88272219982,1530.0,-3157.858001570534
6962.844246426886,1530.0,-3257.9065464847604
7014.805770653952,1530.0,-3357.523230523862
7066.767294881019,1530.0,-3446.5477561474604
7118.728819108085,1530.0,-3517.980147284321
7170.690343335151,1530.0,-3556.2666357997723
7222.651867562217,1530.0,-3295.5424424766593
7274.613391789284,1530.0,-3194.5473968583547
7326.5749160163505,1530.0,-4465.400580154397
7378.536440243416,1530.0,-3851.133367728158
7430.497964470483,1530.0,-3867.7846170019648
7482.459488697549,1530.0,-3778.0127686303304
7534.421012924616,1530.0,-3737.5546445675973
7586.382537151681,1530.0,-4021.0878248444515
7638.344061378748,1530.0,-2834.796756912765
7690.3055856058145,1530.0,-3254.172353338101
7742.267109832881,1530.0,-3273.4773204067815
7794.228634059947,1530.0,-3273.771458571002
7846.190158287013,1530.0,-3263.423771911834
7898.15168251408,1530.0,-3250.879882513717
7950.113206741146,1530.0,-3242.872438169085
8002.074730968212,1530.0,-3239.4995840006304
8054.0362551952785,1530.0,-3241.6048057974667
8105.997779422345,1530.0,-3249.0745628472514
8157.959303649412,1530.0,-3259.9617117315106
8209.920827876478,1530.0,-3274.792707252882
8261.882352103545,1530.0,-3291.2204657055277
8313.84387633061,1530.0,-3306.7340351105886
8365.805400557676,1530.0,-3319.804481089408
8417.766924784743,1530.0,-3322.8169847411364
8469.728449011809,1530.0,-3299.2442124627823
8521.689973238876,1530.0,-2875.0179505751585
8573.651497465942,1530.0,-4024.70766465219
8625.613021693009,1530.0,-3861.6259975246376
8677.574545920073,1530.0,-4057.6882577834267
8729.53607014714,1530.0,-4306.967239899503
8781.497594374207,1530.0,-3240.238238558457
8833.459118601273,1530.0,-3732.519604111334
8885.42064282834,1530.0,-3812.077053320405
8937.382167055406,1530.0,-3920.7244929074473
8989.343691282473,1530.0,-4029.7193538645456
9041.30521550954,1530.0,-4158.393311604219
9093.266739736604,1530.0,-4309.8850235045375
9145.22826396367,1530.0,-4489.436986909069
9197.189788190737,1530.0,-4697.867995773298
9249.151312417804,1530.0,-4935.4418373367525
9301.11283664487,1530.0,-5201.827262403328
9353.074360871937,1530.0,-5494.799367792346
9405.035885099003,1530.0,-5822.595876181563
9456.99740932607,1530.0,-6251.769438411628
9508.958933553135,1530.0,-6683.086195123576
9560.920457780201,1530.0,-6465.672338245335
9612.881982007268,1530.0,-6296.737765122622
9664.843506234334,1530.0,-2015.6773450672154
9716.8050304614,1530.0,-2065.315563263839
9768.766554688467,1530.0,-1686.5219897401219
9820.728078915534,1530.0,-1591.4543318937112
9872.6896031426,1530.0,-3556.3703380674415
9924.651127369665,1530.0,-3571.335478346181
9976.612651596732,1530.0,-3702.4874092101613
10028.574175823798,1530.0,-3618.780133100781
10080.535700050865,1530.0,-3558.528394975163
10132.497224277931,1530.0,-3287.5659360200852
10184.458748504998,1530.0,-3203.952785983981
10236.420272732064,1530.0,-3302.498578354236
10288.38179695913,1530.0,-3568.916101126495
10340.343321186196,1530.0,-3451.83627592421
25.980762113533157,1575.0,-3761.817119251493
77.94228634059947,1575.0,-3771.5336785105155
129.90381056766577,1575.0,-3712.891517378662
181.8653347947321,1575.0,-3544.0672972445936
233.8268590217984,1575.0,-3315.0617666391786
285.7883832488647,1575.0,-3186.992918765677
337.749907475931,1575.0,-3118.967282551823
389.71143170299734,1575.0,-3147.279635522679
441.67295593006367,1575.0,-3268.84934622548
493.63448015713,1575.0,-4091.4030482322214
545.5960043841962,1575.0,-4458.602826535982
597.5575286112626,1575.0,-5038.583972483975
649.5190528383289,1575.0,-4961.573269436534
701.4805770653952,1575.0,-4715.339095547419
753.4421012924615,1575.0,-4444.954986913923
805.4036255195278,1575.0,-4173.776163283281
857.3651497465942,1575.0,-3916.114522464274
909.3266739736605,1575.0,-3701.1482078683093
961.2881982007268,1575.0,-3561.450143030577
1013.2497224277931,1575.0,-3530.776977080147
1065.2112466548592,1575.0,-3551.3441909502626
1117.1727708819255,1575.0,-3700.0145546038893
1169.1342951089919,1575.0,-3804.1331927485553
1221.0958193360582,1575.0,-3872.40727869848
1273.0573435631245,1575.0,-3951.332050438184
1325.0188677901908,1575.0,-3863.6861174280652
1376.9803920172571,1575.0,-2007.0599541012884
1428.9419162443235,1575.0,-2077.678336823011
1480.9034404713898,1575.0,-2246.0526580131223
1532.864964698456,1575.0,-2162.6127979731914
1584.8264889255224,1575.0,-6054.190247728544
1636.7880131525887,1575.0,-5999.89798291945
1688.749537379655,1575.0,-1909.508398166187
1740.7110616067214,1575.0,-2055.110623620716
1792.6725858337877,1575.0,-3877.4389821424857
1844.634110060854,1575.0,-3830.7839374976593
1896.5956342879203,1575.0,-3737.4617340183368
1948.5571585149867,1575.0,-3677.683861303758
2000.518682742053,1575.0,-3630.6342762273957
2052.4802069691195,1575.0,-3799.379977220032
2104.4417311961856,1575.0,-4487.62317895774
2156.403255423252,1575.0,-6236.56547293463
2208.3647796503183,1575.0,-2434.2455792633655
2260.326303877385,1575.0,2768.9907409333687
2312.287828104451,1575.0,2817.5387650912508
2364.2493523315175,1575.0,2399.9111337717222
2416.2108765585835,1575.0,2186.060580660612
2468.17240078565,1575.0,1917.0567450612166
2520.133925012716,1575.0,1662.8087276537951
2572.0954492397827,1575.0,1439.8805948926793
2624.056973466849,1575.0,1283.6610315953699
2676.0184976939154,1575.0,1256.9794141839825
2727.9800219209815,1575.0,1379.8683165868918
2779.941546148048,1575.0,1441.2719559218283
2831.903070375114,1575.0,2428.6274416664546
2883.8645946021807,1575.0,2710.421327952648
2935.8261188292468,1575.0,-21.919624016423995
2987.7876430563133,1575.0,-1914.387991896438
3039.7491672833794,1575.0,-2109.9751981459453
3091.710691510446,1575.0,-2352.5582810173178
3143.672215737512,1575.0,-2380.0025662500884
3195.6337399645786,1575.0,-3862.2542175536487
3247.5952641916447,1575.0,-3940.7674674871682
3299.556788418711,1575.0,-3895.674735723761
3351.5183126457773,1575.0,-3477.552146851687
3403.4798368728434,1575.0,-3270.759141287567
3455.44136109991,1575.0,-3184.207459647051
3507.402885326976,1575.0,-3123.790949297638
3559.3644095540426,1575.0,-3088.1262865340987
3611.3259337811087,1575.0,-3072.8532492512995
3663.2874580081752,1575.0,-3071.9135448234615
3715.2489822352413,1575.0,-3083.3743378819327
3767.210506462308,1575.0,-3105.6340941124145
3819.172030689374,1575.0,-3133.9970033606323
3871.1335549164405,1575.0,-3170.075746352485
3923.0950791435066,1575.0,-3211.587129481641
3975.056603370573,1575.0,-3258.205518084039
4027.0181275976392,1575.0,-3304.74285115784
4078.979651824706,1575.0,-3352.623539686165
4130.941176051772,1575.0,-3403.4198306124554
4182.902700278838,1575.0,-3475.4601955543812
4234.8642245059045,1575.0,-3635.295906344658
4286.825748732971,1575.0,-3926.4094736770967
4338.787272960038,1575.0,-3416.6886508503276
4390.748797187103,1575.0,-3429.1959539828986
4442.71032141417,1575.0,-3905.9871597550245
4494.671845641236,1575.0,-4100.730782218154
4546.633369868303,1575.0,-4631.258348665002
4598.5948940953685,1575.0,-4222.296888415755
4650.556418322435,1575.0,-4020.24261436083
4702.517942549502,1575.0,-3900.1180425798357
4754.479466776568,1575.0,-3821.5298901494943
4806.440991003634,1575.0,-3765.1797220922062
4858.4025152307,1575.0,-3721.14817596371
4910.364039457767,1575.0,-3687.6575756462644
4962.3255636848335,1575.0,-3662.2274675920444
5014.287087911899,1575.0,-3645.7811597382142
5066.248612138966,1575.0,-3636.492082094567
5118.210136366032,1575.0,-3633.002125738645
5170.171660593098,1575.0,-3636.566128657317
5222.133184820164,1575.0,-3649.426743355677
5274.094709047231,1575.0,-3673.9071710605117
5326.0562332742975,1575.0,-3708.7922979262466
5378.017757501363,1575.0,-3756.4919006571345
5429.97928172843,1575.0,-3822.7813783401516
5481.940805955496,1575.0,-3911.7348122916324
5533.902330182563,1575.0,-4026.974195737526
5585.863854409628,1575.0,-4176.928566846129
5637.825378636695,1575.0,-4369.786386945998
5689.7869028637615,1575.0,-4615.429856856456
5741.748427090828,1575.0,-4925.282821090674
5793.709951317894,1575.0,-5294.066235082724
5845.67147554496,1575.0,-5670.366598705965
5897.632999772027,1575.0,-6089.039378557212
5949.594523999093,1575.0,-6282.578513623216
6001.556048226159,1575.0,-2396.0889423591707
6053.5175724532255,1575.0,-2548.63697501607
6105.479096680292,1575.0,-4109.039580071507
6157.440620907359,1575.0,-4138.106049280977
6209.402145134424,1575.0,-3931.746186114468
6261.363669361491,1575.0,-3534.5655221414063
6313.325193588557,1575.0,-3288.816427146242
6365.286717815624,1575.0,-3157.675167371164
6417.2482420426895,1575.0,-3054.981028641113
6469.209766269756,1575.0,-2968.147618247033
6521.171290496823,1575.0,-2895.793412575598
6573.132814723889,1575.0,-2840.2263675339864
6625.094338950955,1575.0,-2806.8811227096094
6677.055863178021,1575.0,-2797.9661539746176
6729.017387405088,1575.0,-2818.051542043415
6780.9789116321535,1575.0,-2868.8542552554504
6832.94043585922,1575.0,-2949.003168357358
6884.901960086287,1575.0,-3053.8771349276203
6936.863484313353,1575.0,-3175.9203013879765
6988.825008540419,1575.0,-3300.6912616124678
7040.786532767485,1575.0,-3409.960003393388
7092.748056994552,1575.0,-3486.624117455616
7144.7095812216185,1575.0,-3537.1410348271056
7196.671105448684,1575.0,-3279.7461478519936
7248.632629675751,1575.0,-4421.526754713844
7300.594153902817,1575.0,-4403.031229603261
7352.555678129884,1575.0,-3820.5473074952106
7404.517202356949,1575.0,-3665.331905163313
7456.478726584016,1575.0,-3688.508438395994
7508.4402508110825,1575.0,-3945.529469480306
7560.401775038149,1575.0,-4022.314070556926
7612.363299265215,1575.0,-2845.8424199056935
7664.324823492281,1575.0,-3233.6125234563633
7716.286347719348,1575.0,-3252.649678925174
7768.247871946414,1575.0,-3249.421968848208
7820.20939617348,1575.0,-3236.190487551851
7872.1709204005465,1575.0,-3223.872154216616
7924.132444627613,1575.0,-3213.2378921986874
7976.09396885468,1575.0,-3208.271107390239
8028.055493081745,1575.0,-3208.8656723474414
8080.017017308812,1575.0,-3215.043668637876
8131.978541535878,1575.0,-3224.0923087122947
8183.940065762945,1575.0,-3238.4422200512613
8235.901589990011,1575.0,-3256.2468909439244
8287.863114217078,1575.0,-3275.769173002499
8339.824638444143,1575.0,-3293.5776151718837
8391.78616267121,1575.0,-3306.600075534953
8443.747686898276,1575.0,-3302.0597387585385
8495.709211125342,1575.0,-3279.0984107694667
8547.670735352409,1575.0,-2867.557257092455
8599.632259579475,1575.0,-3980.277507247388
8651.593783806542,1575.0,-3845.778704132791
8703.555308033607,1575.0,-4036.558180002403
8755.516832260673,1575.0,-4378.198999754933
8807.47835648774,1575.0,-3194.0055502516348
8859.439880714806,1575.0,-3758.6675334192532
8911.401404941873,1575.0,-3873.5939434638094
8963.36292916894,1575.0,-3986.8181864784356
9015.324453396006,1575.0,-4111.879657169875
9067.285977623073,1575.0,-4264.204596156871
9119.247501850137,1575.0,-4444.300120590402
9171.209026077204,1575.0,-4656.6031242249355
9223.17055030427,1575.0,-4898.75477699797
9275.132074531337,1575.0,-5169.219379574515
9327.093598758403,1575.0,-5469.0398838665105
9379.05512298547,1575.0,-5793.4423408393395
9431.016647212537,1575.0,-6156.6538621513755
9482.978171439603,1575.0,-6728.157358000823
9534.939695666668,1575.0,-6229.528544170593
9586.901219893734,1575.0,-5912.839725442527
9638.862744120801,1575.0,-1714.5766947593047
9690.824268347867,1575.0,-1936.4000082211708
9742.785792574934,1575.0,-1538.7686160979868
9794.747316802,1575.0,-3705.483059459796
9846.708841029067,1575.0,-3772.520872643969
9898.670365256134,1575.0,-3636.527987184537
9950.631889483198,1575.0,-3701.6537109757614
10002.593413710265,1575.0,-3596.215939031804
10054.554937937331,1575.0,-3331.0768042394466
10106.516462164398,1575.0,-3217.4668507822544
10158.477986391465,1575.0,-3156.1255073773887
10210.439510618531,1575.0,-3204.7848717151223
10262.401034845598,1575.0,-3375.8917112244835
10314.362559072662,1575.0,-3616.6106455698673
10366.324083299729,1575.0,-3724.7509550571685
0.0,1620.0,-3672.694866510935
51.96152422706631,1620.0,-3720.8997894962995
103.92304845413263,1620.0,-3588.1175391137353
155.88457268119893,1620.0,-3338.573846600594
207.84609690826525,1620.0,-3184.3715325248086
259.80762113533154,1620.0,-3090.7429408249563
311.76914536239786,1620.0,-3086.9213918541127
363.7306695894642,1620.0,-3221.374441759374
415.6921938165305,1620.0,-3085.0895059391473
467.6537180435968,1620.0,-3145.2581335713085
519.6152422706631,1620.0,-6388.782727445058
571.5767664977294,1620.0,-6098.613973584328
623.5382907247957,1620.0,-5927.027446332002
675.499814951862,1620.0,-5287.056514747779
727.4613391789284,1620.0,-4912.704251277358
779.4228634059947,1620.0,-4554.584853772363
831.384387633061,1620.0,-4188.88316715079
883.3459118601273,1620.0,-3856.0276339766733
935.3074360871937,1620.0,-3614.3027251368003
987.26896031426,1620.0,-3577.328283707161
1039.2304845413262,1620.0,-3733.5905188878633
1091.1920087683925,1620.0,-3712.227261336884
1143.1535329954588,1620.0,-3859.208954140157
1195.1150572225251,1620.0,-3863.61424087488
1247.0765814495915,1620.0,-2097.2231878555594
1299.0381056766578,1620.0,-1984.1705378642082
1350.999629903724,1620.0,-1933.4350788430452
1402.9611541307904,1620.0,-1849.0397057397731
1454.9226783578567,1620.0,-2123.199917102546
1506.884202584923,1620.0,-6215.760793489937
1558.8457268119894,1620.0,-6191.425492884516
1610.8072510390557,1620.0,-6087.644122259908
1662.768775266122,1620.0,-6071.180038238159
1714.7302994931883,1620.0,-3728.856869356975
1766.6918237202547,1620.0,-3873.111858627528
1818.653347947321,1620.0,-3901.94543251519
1870.6148721743873,1620.0,-3633.1789297955024
1922.5763964014536,1620.0,-3562.2762715470935
1974.53792062852,1620.0,-3582.297619463845
2026.4994448555863,1620.0,-3705.0624808524426
2078.4609690826524,1620.0,-4019.70731408949
2130.422493309719,1620.0,-4858.313087268473
2182.384017536785,1620.0,-6306.759305948868
2234.3455417638515,1620.0,-2400.4337103976977
2286.3070659909176,1620.0,2732.781083979491
2338.268590217984,1620.0,2648.488279349382
2390.2301144450503,1620.0,2341.1034583904147
2442.191638672117,1620.0,2088.518668325767
2494.153162899183,1620.0,1825.0858600273452
2546.1146871262495,1620.0,1586.035345946716
2598.0762113533156,1620.0,1388.8665948102612
2650.037735580382,1620.0,1253.6398349713188
2701.999259807448,1620.0,1194.7473047350104
2753.9607840345147,1620.0,1153.134602336872
2805.922308261581,1620.0,1083.6358382047345
2857.8838324886474,1620.0,71.33078528989944
2909.8453567157135,1620.0,-24.907674223926374
2961.80688094278,1620.0,-109.71893105345316
3013.768405169846,1620.0,-2123.4505907779762
3065.7299293969127,1620.0,-2303.400490529968
3117.6914536239788,1620.0,-3993.574370616697
3169.6529778510453,1620.0,-3900.0666332607707
3221.6145020781114,1620.0,-3732.331833981442
3273.576026305178,1620.0,-3474.670055853233
3325.537550532244,1620.0,-3325.325897730866
3377.49907475931,1620.0,-3173.315955079346
3429.4605989863767,1620.0,-3098.095581422488
3481.422123213443,1620.0,-3056.436696132766
3533.3836474405093,1620.0,-3034.91246158994
3585.3451716675754,1620.0,-3028.6376383740853
3637.306695894642,1620.0,-3034.818536277199
3689.268220121708,1620.0,-3052.454013950758
3741.2297443487746,1620.0,-3079.424467225692
3793.1912685758407,1620.0,-3113.5088918849733
3845.1527928029072,1620.0,-3152.839748513139
3897.1143170299733,1620.0,-3199.9349648731854
3949.07584125704,1620.0,-3250.5565867001815
4001.037365484106,1620.0,-3301.476708077476
4052.9988897111725,1620.0,-3349.446981015686
4104.960413938239,1620.0,-3383.2879718151485
4156.921938165305,1620.0,-3408.3899038642917
4208.883462392371,1620.0,-3474.001098043943
4260.844986619438,1620.0,-3634.2777047065615
4312.806510846504,1620.0,-3480.9499161118247
4364.76803507357,1620.0,-3479.2051120289825
4416.7295593006365,1620.0,-3761.676033356116
4468.691083527703,1620.0,-3901.3786298122895
4520.65260775477,1620.0,-4088.210293075881
4572.614131981835,1620.0,-4101.675411870674
4624.575656208902,1620.0,-4011.531183787729
4676.537180435968,1620.0,-3921.319010526416
4728.498704663035,1620.0,-3849.046282078706
4780.460228890101,1620.0,-3794.176725438201
4832.421753117167,1620.0,-3751.1141275774953
4884.383277344234,1620.0,-3718.591521363222
4936.3448015713,1620.0,-3693.2034973218742
4988.306325798366,1620.0,-3676.2969517435413
5040.267850025432,1620.0,-3666.4106972908385
5092.229374252499,1620.0,-3661.3653449755293
5144.190898479565,1620.0,-3663.493446305303
5196.152422706631,1620.0,-3673.5497315600633
5248.113946933698,1620.0,-3694.4190219400084
5300.075471160764,1620.0,-3723.7238378777197
5352.03699538783,1620.0,-3765.2696239427523
5403.998519614896,1620.0,-3821.7165661847616
5455.960043841963,1620.0,-3898.468332120662
5507.9215680690295,1620.0,-3997.424457994348
5559.883092296095,1620.0,-4123.332468840846
5611.844616523162,1620.0,-4281.397908204779
5663.806140750228,1620.0,-4476.878685373496
5715.767664977295,1620.0,-4719.054936388823
5767.72918920436,1620.0,-5008.226343831024
5819.690713431427,1620.0,-5341.406695445327
5871.6522376584935,1620.0,-5715.829058098277
5923.61376188556,1620.0,-6323.514836125611
5975.575286112626,1620.0,-6232.465446801936
6027.536810339692,1620.0,-3953.579585943553
6079.498334566759,1620.0,-2214.4752395435935
6131.459858793825,1620.0,-2358.0175281521833
6183.421383020891,1620.0,-4022.9853912629214
6235.3829072479575,1620.0,-3934.343466865371
6287.344431475024,1620.0,-3476.7809196632397
6339.305955702091,1620.0,-3231.7943778043227
6391.267479929156,1620.0,-3089.96238176104
6443.229004156223,1620.0,-2969.5968120888615
6495.190528383289,1620.0,-2862.3188989475657
6547.152052610356,1620.0,-2771.3090977369816
6599.1135768374215,1620.0,-2704.1004072213927
6651.075101064488,1620.0,-2665.027113553467
6703.036625291555,1620.0,-2661.603635052111
6754.99814951862,1620.0,-2699.550245325464
6806.959673745687,1620.0,-2778.87124947827
6858.921197972753,1620.0,-2900.28550729987
6910.88272219982,1620.0,-3053.7121390335865
6962.844246426886,1620.0,-3220.136574774302
7014.805770653952,1620.0,-3365.004440808115
7066.767294881019,1620.0,-3446.661055358261
7118.728819108085,1620.0,-3208.051666803074
7170.690343335151,1620.0,-3219.443187541388
7222.651867562217,1620.0,-4428.880935168589
7274.613391789284,1620.0,-3914.150431750647
7326.5749160163505,1620.0,-3852.616236913491
7378.536440243416,1620.0,-3729.834990488546
7430.497964470483,1620.0,-3987.9918432109544
7482.459488697549,1620.0,-3962.1202101147237
7534.421012924616,1620.0,-2958.844520969566
7586.382537151681,1620.0,-2887.808868021961
7638.344061378748,1620.0,-3214.0200407079374
7690.3055856058145,1620.0,-3224.927563359652
7742.267109832881,1620.0,-3218.994318236096
7794.228634059947,1620.0,-3204.178906198621
7846.190158287013,1620.0,-3189.8554245491246
7898.15168251408,1620.0,-3178.544591355271
7950.113206741146,1620.0,-3171.604408656176
8002.074730968212,1620.0,-3170.906034133722
8054.0362551952785,1620.0,-3176.8866132241465
8105.997779422345,1620.0,-3186.223019053063
8157.959303649412,1620.0,-3200.730268078639
8209.920827876478,1620.0,-3217.5387880291555
8261.882352103545,1620.0,-3238.5942812875332
8313.84387633061,1620.0,-3259.2441322231293
8365.805400557676,1620.0,-3279.5188973944423
8417.766924784743,1620.0,-3290.8368364201497
8469.728449011809,1620.0,-3277.745275325334
8521.689973238876,1620.0,-2890.1011613013666
8573.651497465942,1620.0,-3940.8388577741534
8625.613021693009,1620.0,-3684.6788466314233
8677.574545920073,1620.0,-3888.516693979967
8729.53607014714,1620.0,-4509.315912541319
8781.497594374207,1620.0,-3256.7928724407648
8833.459118601273,1620.0,-3745.812410465294
8885.42064282834,1620.0,-3825.4069680613247
8937.382167055406,1620.0,-3937.92515545094
8989.343691282473,1620.0,-4057.0662443749948
9041.30521550954,1620.0,-4203.898743972275
9093.266739736604,1620.0,-4381.272470417716
9145.22826396367,1620.0,-4593.9462957303795
9197.189788190737,1620.0,-4842.80195920762
9249.151312417804,1620.0,-5121.725444666232
9301.11283664487,1620.0,-5427.785077636407
9353.074360871937,1620.0,-5758.927541247287
9405.035885099003,1620.0,-6100.100674269102
9456.99740932607,1620.0,-6557.507886612582
9508.958933553135,1620.0,-6882.355521989177
9560.920457780201,1620.0,-1818.0747026770382
9612.881982007268,1620.0,-1658.201082264849
9664.843506234334,1620.0,-1839.0541614895437
9716.8050304614,1620.0,-3752.694754776012
9768.766554688467,1620.0,-3686.8356218538856
9820.728078915534,1620.0,-3611.6036921433424
9872.6896031426,1620.0,-3517.108776218769
9924.651127369665,1620.0,-3318.307713833322
9976.612651596732,1620.0,-3276.4536407753176
10028.574175823798,1620.0,-3191.044001023747
10080.535700050865,1620.0,-3109.3856433498636
10132.497224277931,1620.0,-3090.272916109384
10184.458748504998,1620.0,-3114.610802602262
10236.420272732064,1620.0,-3201.794207571588
10288.38179695913,1620.0,-3380.8222814307746
10340.343321186196,1620.0,-3626.9698940965254
25.980762113533157,1665.0,-3307.116909885488
77.94228634059947,1665.0,-3292.393443113814
129.90381056766577,1665.0,-3188.184902655613
181.8653347947321,1665.0,-3076.3654314667697
233.8268590217984,1665.0,-3026.9116397858606
285.7883832488647,1665.0,-3050.1288836304366
337.749907475931,1665.0,-3246.643054976742
389.71143170299734,1665.0,-3664.7415372587693
441.67295593006367,1665.0,-2987.636470756729
493.63448015713,1665.0,-1903.5711210519821
545.5960043841962,1665.0,-6523.74315274357
597.5575286112626,1665.0,-6216.28170501392
649.5190528383289,1665.0,-6098.545604092894
701.4805770653952,1665.0,-5591.968003048096
753.4421012924615,1665.0,-5160.666879265283
805.4036255195278,1665.0,-4662.341705002316
857.3651497465942,1665.0,-4185.701563086169
909.3266739736605,1665.0,-3746.673029469689
961.2881982007268,1665.0,-3585.2908780806238
1013.2497224277931,1665.0,-3796.0835663759162
1065.2112466548592,1665.0,-3780.5411882258886
1117.1727708819255,1665.0,-3769.2292371056287
1169.1342951089919,1665.0,-2049.0961682802663
1221.0958193360582,1665.0,-2098.9797122804275
1273.0573435631245,1665.0,-1831.5251802224902
1325.0188677901908,1665.0,-1867.4739977035968
1376.9803920172571,1665.0,-1889.9231963574093
1428.9419162443235,1665.0,-6263.755917164374
1480.9034404713898,1665.0,-6360.979406279267
1532.864964698456,1665.0,-6513.3022170721815
1584.8264889255224,1665.0,-6085.440770713866
1636.7880131525887,1665.0,-4005.8505708212497
1688.749537379655,1665.0,-3781.861491338447
1740.7110616067214,1665.0,-3758.777294592095
1792.6725858337877,1665.0,-3839.657847655239
1844.634110060854,1665.0,-3642.0378899612724
1896.5956342879203,1665.0,-3524.2555452327833
1948.5571585149867,1665.0,-3542.370526801198
2000.518682742053,1665.0,-3651.45289587371
2052.4802069691195,1665.0,-3892.331031499773
2104.4417311961856,1665.0,-4457.202271179132
2156.403255423252,1665.0,-6433.7554534299925
2208.3647796503183,1665.0,-2539.2515330568067
2260.326303877385,1665.0,2772.7952510312675
2312.287828104451,1665.0,2905.5091450788614
2364.2493523315175,1665.0,2452.657142992338
2416.2108765585835,1665.0,2256.8518201592706
2468.17240078565,1665.0,1975.6331990042954
2520.133925012716,1665.0,1716.0555611139343
2572.0954492397827,1665.0,1480.8200999175442
2624.056973466849,1665.0,1279.9357639653126
2676.0184976939154,1665.0,1112.196163740706
2727.9800219209815,1665.0,945.8922355585872
2779.941546148048,1665.0,747.7270267249068
2831.903070375114,1665.0,121.66841065883904
2883.8645946021807,1665.0,-17.012553489700792
2935.8261188292468,1665.0,-129.49857793546136
2987.7876430563133,1665.0,-135.77979946513966
3039.7491672833794,1665.0,-4109.142974139168
3091.710691510446,1665.0,-4065.0899025536482
3143.672215737512,1665.0,-3955.014623040952
3195.6337399645786,1665.0,-3726.575887636091
3247.5952641916447,1665.0,-3300.444040503525
3299.556788418711,1665.0,-3116.7458231517467
3351.5183126457773,1665.0,-3050.012196009262
3403.4798368728434,1665.0,-3003.438325744808
3455.44136109991,1665.0,-2976.8738572423445
3507.402885326976,1665.0,-2967.3556230288705
3559.3644095540426,1665.0,-2972.0992074294218
3611.3259337811087,1665.0,-2987.4863490315097
3663.2874580081752,1665.0,-3012.02774765089
3715.2489822352413,1665.0,-3045.196964105804
3767.210506462308,1665.0,-3086.744819435723
3819.172030689374,1665.0,-3134.5648141826778
3871.1335549164405,1665.0,-3185.0700028023193
3923.0950791435066,1665.0,-3242.0596023156204
3975.056603370573,1665.0,-3300.801637237384
4027.0181275976392,1665.0,-3357.293485857205
4078.979651824706,1665.0,-3391.0763472082945
4130.941176051772,1665.0,-3392.236561408848
4182.902700278838,1665.0,-3097.723251212491
4234.8642245059045,1665.0,-3126.1677767102033
4286.825748732971,1665.0,-3468.8097470892526
4338.787272960038,1665.0,-3490.670258645578
4390.748797187103,1665.0,-3713.5202181875993
4442.71032141417,1665.0,-3793.462170047198
4494.671845641236,1665.0,-3901.971540160496
4546.633369868303,1665.0,-3948.064243315047
4598.5948940953685,1665.0,-3941.6312227562657
4650.556418322435,1665.0,-3899.0264067743774
4702.517942549502,1665.0,-3852.008212220312
4754.479466776568,1665.0,-3807.4114448759583
4806.440991003634,1665.0,-3768.548397569836
4858.4025152307,1665.0,-3737.452188470631
4910.364039457767,1665.0,-3713.763637601015
4962.3255636848335,1665.0,-3697.3706650868426
5014.287087911899,1665.0,-3687.841333677968
5066.248612138966,1665.0,-3683.8619421013373
5118.210136366032,1665.0,-3685.7141460688945
5170.171660593098,1665.0,-3692.929512429647
5222.133184820164,1665.0,-3709.325203011649
5274.094709047231,1665.0,-3735.518712321639
5326.0562332742975,1665.0,-3770.6653888931824
5378.017757501363,1665.0,-3818.2109620237297
5429.97928172843,1665.0,-3880.2092802378684
5481.940805955496,1665.0,-3962.5241745263183
5533.902330182563,1665.0,-4068.6184918792324
5585.863854409628,1665.0,-4199.127595692331
5637.825378636695,1665.0,-4359.631248119648
5689.7869028637615,1665.0,-4553.067948587519
5741.748427090828,1665.0,-4785.486833057172
5793.709951317894,1665.0,-5060.801626186278
5845.67147554496,1665.0,-5390.409926732311
5897.632999772027,1665.0,-5843.198469622499
5949.594523999093,1665.0,-6442.3444909469235
6001.556048226159,1665.0,-6446.870074852603
6053.5175724532255,1665.0,-3954.4339455107183
6105.479096680292,1665.0,-2281.269142243904
6157.440620907359,1665.0,-2418.4533171883722
6209.402145134424,1665.0,-3992.2605924673835
6261.363669361491,1665.0,-3820.0805957467282
6313.325193588557,1665.0,-3442.753973901903
6365.286717815624,1665.0,-3190.29284555476
6417.2482420426895,1665.0,-3025.4402198809544
6469.209766269756,1665.0,-2862.9072070168286
6521.171290496823,1665.0,-2718.1146178033023
6573.132814723889,1665.0,-2600.5716377936988
6625.094338950955,1665.0,-2515.880820796062
6677.055863178021,1665.0,-2472.530903928055
6729.017387405088,1665.0,-2479.4688743131946
6780.9789116321535,1665.0,-2545.9235396187323
6832.94043585922,1665.0,-2674.273579950736
6884.901960086287,1665.0,-2863.8217292786485
6936.863484313353,1665.0,-3091.9598980012197
6988.825008540419,1665.0,-3292.695363366717
7040.786532767485,1665.0,-3416.694618019282
7092.748056994552,1665.0,-3231.826289737851
7144.7095812216185,1665.0,-4524.922249478005
7196.671105448684,1665.0,-4465.485195919204
7248.632629675751,1665.0,-3906.6135404938796
7300.594153902817,1665.0,-3722.0806991195823
7352.555678129884,1665.0,-3684.310647093118
7404.517202356949,1665.0,-3945.0812622783214
7456.478726584016,1665.0,-2981.253591021683
7508.4402508110825,1665.0,-3002.276620818401
7560.401775038149,1665.0,-3213.802027437484
7612.363299265215,1665.0,-3201.792790061085
7664.324823492281,1665.0,-3196.0527058191274
7716.286347719348,1665.0,-3181.839334921668
7768.247871946414,1665.0,-3164.451668228897
7820.20939617348,1665.0,-3149.1517015528834
7872.1709204005465,1665.0,-3137.865466155425
7924.132444627613,1665.0,-3131.251862195917
7976.09396885468,1665.0,-3129.3237214891906
8028.055493081745,1665.0,-3134.400164571559
8080.017017308812,1665.0,-3144.8005628844767
8131.978541535878,1665.0,-3158.772079542456
8183.940065762945,1665.0,-3177.330599605827
8235.901589990011,1665.0,-3198.9385322872176
8287.863114217078,1665.0,-3223.16935368349
8339.824638444143,1665.0,-3248.4093714147575
8391.78616267121,1665.0,-3271.437514376111
8443.747686898276,1665.0,-3281.75836267644
8495.709211125342,1665.0,-3271.4874168238402
8547.670735352409,1665.0,-2910.326842150309
8599.632259579475,1665.0,-3972.3159765424343
8651.593783806542,1665.0,-3728.2437778880276
8703.555308033607,1665.0,-3885.542291890512
8755.516832260673,1665.0,-4460.517955771786
8807.47835648774,1665.0,-3270.480020016627
8859.439880714806,1665.0,-3781.6383031081023
8911.401404941873,1665.0,-3886.0429253225952
8963.36292916894,1665.0,-3997.022743912472
9015.324453396006,1665.0,-4130.1857974310715
9067.285977623073,1665.0,-4301.435443243214
9119.247501850137,1665.0,-4514.47359610531
9171.209026077204,1665.0,-4769.656583923872
9223.17055030427,1665.0,-5063.985598964629
9275.132074531337,1665.0,-5384.059233852477
9327.093598758403,1665.0,-5724.01960905574
9379.05512298547,1665.0,-6129.2880979386655
9431.016647212537,1665.0,-6560.920142751886
9482.978171439603,1665.0,-6700.06507964882
9534.939695666668,1665.0,-1898.6083316371664
9586.901219893734,1665.0,-2009.631761700029
9638.862744120801,1665.0,-1854.986221887155
9690.824268347867,1665.0,-3651.168317908432
9742.785792574934,1665.0,-3607.3786834610883
9794.747316802,1665.0,-3528.1925307053307
9846.708841029067,1665.0,-3262.2416133938887
9898.670365256134,1665.0,-3143.001410074785
9950.631889483198,1665.0,-3074.537647948333
10002.593413710265,1665.0,-3051.9606736051373
10054.554937937331,1665.0,-3029.36306223645
10106.516462164398,1665.0,-3018.290154712525
10158.477986391465,1665.0,-3030.085449441146
10210.439510618531,1665.0,-3073.595101186908
10262.401034845598,1665.0,-3158.438087951252
10314.362559072662,1665.0,-3281.2507110341567
10366.324083299729,1665.0,-3310.2062679564024
0.0,1710.0,-3022.1178586700335
51.96152422706631,1710.0,-3011.2454800784267
103.92304845413263,1710.0,-3002.0382136159087
155.88457268119893,1710.0,-2965.6537556544617
207.84609690826525,1710.0,-2943.2351293572237
259.80762113533154,1710.0,-2974.871531851075
311.76914536239786,1710.0,-3135.4076664744134
363.7306695894642,1710.0,-3569.195126815352
415.6921938165305,1710.0,-3738.0953881189444
467.6537180435968,1710.0,-1922.663274141084
519.6152422706631,1710.0,-2059.397617303897
571.5767664977294,1710.0,-1754.0779590700067
623.5382907247957,1710.0,-6279.623630375958
675.499814951862,1710.0,-6498.166307653266
727.4613391789284,1710.0,-6525.879379878155
779.4228634059947,1710.0,-5488.742014807362
831.384387633061,1710.0,-4977.199536345253
883.3459118601273,1710.0,-4245.28066800149
935.3074360871937,1710.0,-3533.508875311132
987.26896031426,1710.0,-3722.2796580785084
1039.2304845413262,1710.0,-3811.9667864406083
1091.1920087683925,1710.0,-2097.311390543657
1143.1535329954588,1710.0,-2299.4702838610115
1195.1150572225251,1710.0,-1795.2667864879768
1247.0765814495915,1710.0,-1728.8927110484706
1299.0381056766578,1710.0,-6405.382855210654
1350.999629903724,1710.0,-6469.864642532188
1402.9611541307904,1710.0,-6567.023967841372
1454.9226783578567,1710.0,-6296.555575850445
1506.884202584923,1710.0,-6598.017144865327
1558.8457268119894,1710.0,-5244.948892280918
1610.8072510390557,1710.0,-4452.419990370407
1662.768775266122,1710.0,-3950.3668985364284
1714.7302994931883,1710.0,-3738.4518776495825
1766.6918237202547,1710.0,-3655.275301521544
1818.653347947321,1710.0,-3582.275128057551
1870.6148721743873,1710.0,-3504.4400958894316
1922.5763964014536,1710.0,-3507.975705095829
1974.53792062852,1710.0,-3591.810777714736
2026.4994448555863,1710.0,-3770.6361078361615
2078.4609690826524,1710.0,-4099.408755288412
2130.422493309719,1710.0,-4871.979155995441
2182.384017536785,1710.0,-6702.488333948011
2234.3455417638515,1710.0,-2842.8801801748696
2286.3070659909176,1710.0,3024.112193996249
2338.268590217984,1710.0,2856.239193929443
2390.2301144450503,1710.0,2367.386635824728
2442.191638672117,1710.0,2128.3819663237723
2494.153162899183,1710.0,1846.301111067868
2546.1146871262495,1710.0,1579.370958768962
2598.0762113533156,1710.0,1335.0486506322832
2650.037735580382,1710.0,1111.5638154630174
2701.999259807448,1710.0,894.2707146515477
2753.9607840345147,1710.0,652.3914613100103
2805.922308261581,1710.0,468.73343106873796
2857.8838324886474,1710.0,-4.037558629311764
2909.8453567157135,1710.0,-2.9358807788544645
2961.80688094278,1710.0,-139.9130472415255
3013.768405169846,1710.0,-103.82020751390655
3065.7299293969127,1710.0,-3706.985303888778
3117.6914536239788,1710.0,-3706.5448429577
3169.6529778510453,1710.0,-3286.9392946314247
3221.6145020781114,1710.0,-3093.1523345389196
3273.576026305178,1710.0,-2958.2559658392806
3325.537550532244,1710.0,-2908.2723466681664
3377.49907475931,1710.0,-2887.2443429938444
3429.4605989863767,1710.0,-2881.4810626398366
3481.422123213443,1710.0,-2888.0063003847613
3533.3836474405093,1710.0,-2905.180500209569
3585.3451716675754,1710.0,-2930.4791589937095
3637.306695894642,1710.0,-2964.298395398635
3689.268220121708,1710.0,-3005.5470960605294
3741.2297443487746,1710.0,-3055.8361206034688
3793.1912685758407,1710.0,-3110.3815696969195
3845.1527928029072,1710.0,-3167.1148340845957
3897.1143170299733,1710.0,-3229.7426141090987
3949.07584125704,1710.0,-3295.6568124403725
4001.037365484106,1710.0,-3364.9089511149255
4052.9988897111725,1710.0,-3411.2721837447043
4104.960413938239,1710.0,-3336.8820110877805
4156.921938165305,1710.0,-3173.838547674258
4208.883462392371,1710.0,-4239.000750783053
4260.844986619438,1710.0,-3494.514206343977
4312.806510846504,1710.0,-3504.3625184887164
4364.76803507357,1710.0,-3689.9077096156025
4416.7295593006365,1710.0,-3749.0498403357224
4468.691083527703,1710.0,-3807.663587801985
4520.65260775477,1710.0,-3847.843088136291
4572.614131981835,1710.0,-3867.6966761988815
4624.575656208902,1710.0,-3859.207248967501
4676.537180435968,1710.0,-3836.5535749940336
4728.498704663035,1710.0,-3807.4488059717733
4780.460228890101,1710.0,-3779.0663722183763
4832.421753117167,1710.0,-3753.2847890977705
4884.383277344234,1710.0,-3731.5077402073525
4936.3448015713,1710.0,-3715.5104576003187
4988.306325798366,1710.0,-3706.7647745622235
5040.267850025432,1710.0,-3702.527239180538
5092.229374252499,1710.0,-3702.9998281375647
5144.190898479565,1710.0,-3707.2396103640203
5196.152422706631,1710.0,-3720.5383347140114
5248.113946933698,1710.0,-3741.8420943858328
5300.075471160764,1710.0,-3770.846450970826
5352.03699538783,1710.0,-3810.0201474288274
5403.998519614896,1710.0,-3862.7808694081386
5455.960043841963,1710.0,-3931.473732784917
5507.9215680690295,1710.0,-4018.676915104311
5559.883092296095,1710.0,-4125.452849718425
5611.844616523162,1710.0,-4256.005193540014
5663.806140750228,1710.0,-4411.569395947991
5715.767664977295,1710.0,-4597.704132694892
5767.72918920436,1710.0,-4821.915542143158
5819.690713431427,1710.0,-5091.3656671736335
5871.6522376584935,1710.0,-5417.843965564326
5923.61376188556,1710.0,-5853.264893713895
5975.575286112626,1710.0,-6528.022744220576
6027.536810339692,1710.0,-6438.878170805319
6079.498334566759,1710.0,-6326.63640589002
6131.459858793825,1710.0,-2740.3158545737133
6183.421383020891,1710.0,-2228.985576130896
6235.3829072479575,1710.0,-3970.445763266909
6287.344431475024,1710.0,-3947.0014733522285
6339.305955702091,1710.0,-3516.2706875794356
6391.267479929156,1710.0,-3250.4118118097335
6443.229004156223,1710.0,-2942.197251540751
6495.190528383289,1710.0,-2701.9702896385998
6547.152052610356,1710.0,-2505.505540450184
6599.1135768374215,1710.0,-2353.410306749061
6651.075101064488,1710.0,-2251.880527529487
6703.036625291555,1710.0,-2204.7380589854138
6754.99814951862,1710.0,-2228.193468655591
6806.959673745687,1710.0,-2338.0192031225406
6858.921197972753,1710.0,-2547.604816293729
6910.88272219982,1710.0,-2852.5126074493046
6962.844246426886,1710.0,-3131.604846002128
7014.805770653952,1710.0,-3417.2337521707796
7066.767294881019,1710.0,-3335.2369662413394
7118.728819108085,1710.0,-4524.719996200245
7170.690343335151,1710.0,-3861.2355847800595
7222.651867562217,1710.0,-3873.2942827922125
7274.613391789284,1710.0,-3700.1652589756045
7326.5749160163505,1710.0,-4043.6803180128745
7378.536440243416,1710.0,-4031.205442626101
7430.497964470483,1710.0,-2936.197727250763
7482.459488697549,1710.0,-3193.5892486328717
7534.421012924616,1710.0,-3197.4463742072858
7586.382537151681,1710.0,-3180.779354841647
7638.344061378748,1710.0,-3158.8483039345847
7690.3055856058145,1710.0,-3136.821845985489
7742.267109832881,1710.0,-3117.762849965329
7794.228634059947,1710.0,-3101.3640642054747
7846.190158287013,1710.0,-3089.3099828468794
7898.15168251408,1710.0,-3083.50713141765
7950.113206741146,1710.0,-3082.7001402670517
8002.074730968212,1710.0,-3089.658468518528
8054.0362551952785,1710.0,-3100.0672421329277
8105.997779422345,1710.0,-3115.002481917001
8157.959303649412,1710.0,-3133.19992230012
8209.920827876478,1710.0,-3156.0159917666897
8261.882352103545,1710.0,-3182.3231729784984
8313.84387633061,1710.0,-3211.857936468082
8365.805400557676,1710.0,-3241.3164537732196
8417.766924784743,1710.0,-3266.231759791229
8469.728449011809,1710.0,-3274.437661702191
8521.689973238876,1710.0,-2960.749567552729
8573.651497465942,1710.0,-3965.768219223719
8625.613021693009,1710.0,-3642.2918100069714
8677.574545920073,1710.0,-3853.463510620626
8729.53607014714,1710.0,-4377.605873026214
8781.497594374207,1710.0,-3231.105596921783
8833.459118601273,1710.0,-3756.425346598474
8885.42064282834,1710.0,-3831.45807552332
8937.382167055406,1710.0,-3933.2293291172273
8989.343691282473,1710.0,-4050.134142833109
9041.30521550954,1710.0,-4204.452156057436
9093.266739736604,1710.0,-4408.2878323110945
9145.22826396367,1710.0,-4669.522436723812
9197.189788190737,1710.0,-4987.477948876496
9249.151312417804,1710.0,-5346.395353193131
9301.11283664487,1710.0,-5703.666636191156
9353.074360871937,1710.0,-6059.231976076544
9405.035885099003,1710.0,-6562.191755002749
9456.99740932607,1710.0,-6353.518246301648
9508.958933553135,1710.0,-1707.3591868763972
9560.920457780201,1710.0,-2028.5263955693595
9612.881982007268,1710.0,-3792.8355078996383
9664.843506234334,1710.0,-3737.1969319935597
9716.8050304614,1710.0,-3550.792919232329
9768.766554688467,1710.0,-3265.6585339600724
9820.728078915534,1710.0,-3135.1464221573497
9872.6896031426,1710.0,-3035.9988631432398
9924.651127369665,1710.0,-2992.994995864305
9976.612651596732,1710.0,-2968.478982948355
10028.574175823798,1710.0,-2953.523974298895
10080.535700050865,1710.0,-2947.70538045314
10132.497224277931,1710.0,-2952.961673463608
10184.458748504998,1710.0,-2972.191083442061
10236.420272732064,1710.0,-3010.1965656851617
10288.38179695913,1710.0,-3060.9299795934903
10340.343321186196,1710.0,-3080.301050019183
25.980762113533157,1755.0,-2830.043599742421
77.94228634059947,1755.0,-2833.9981754439186
129.90381056766577,1755.0,-2836.6028049400993
181.8653347947321,1755.0,-2841.3425543479425
233.8268590217984,1755.0,-2874.1326938300126
285.7883832488647,1755.0,-2966.4600738141025
337.749907475931,1755.0,-3185.9654314663667
389.71143170299734,1755.0,-3546.286010222171
441.67295593006367,1755.0,-3644.572713363086
493.63448015713,1755.0,-1835.7902459839931
545.5960043841962,1755.0,-1834.8213142053023
597.5575286112626,1755.0,-1450.7666570789786
649.5190528383289,1755.0,-6426.5165244228065
701.4805770653952,1755.0,-6750.589634144542
753.4421012924615,1755.0,-6538.521624826597
805.4036255195278,1755.0,-6295.249061617227
857.3651497465942,1755.0,-6341.3007555639915
909.3266739736605,1755.0,-4128.5057624331885
961.2881982007268,1755.0,-3197.317853003265
1013.2497224277931,1755.0,-3623.6914200956717
1065.2112466548592,1755.0,33.209138011103164
1117.1727708819255,1755.0,-2248.9122900921393
1169.1342951089919,1755.0,-1958.577676490632
1221.0958193360582,1755.0,-5797.596356366577
1273.0573435631245,1755.0,-6051.639750564499
1325.0188677901908,1755.0,-6429.186021422724
1376.9803920172571,1755.0,-6558.564937422014
1428.9419162443235,1755.0,-6580.016527907868
1480.9034404713898,1755.0,-5173.426257764291
1532.864964698456,1755.0,-4672.917529863067
1584.8264889255224,1755.0,-4162.875160245178
1636.7880131525887,1755.0,-3849.6876912516227
1688.749537379655,1755.0,-3645.10020551088
1740.7110616067214,1755.0,-3524.732679387671
1792.6725858337877,1755.0,-3457.6974573697253
1844.634110060854,1755.0,-3426.862367103179
1896.5956342879203,1755.0,-3439.117875741831
1948.5571585149867,1755.0,-3511.643412376694
2000.518682742053,1755.0,-3656.2307596615747
2052.4802069691195,1755.0,-3895.000488036497
2104.4417311961856,1755.0,-4276.447369487802
2156.403255423252,1755.0,-5148.258226756268
2208.3647796503183,1755.0,-6631.171606956569
2260.326303877385,1755.0,-2902.6132179431415
2312.287828104451,1755.0,2723.0066944936752
2364.2493523315175,1755.0,2491.2681497916237
2416.2108765585835,1755.0,2230.7732372794303
2468.17240078565,1755.0,1973.1937509115792
2520.133925012716,1755.0,1685.3766303279976
2572.0954492397827,1755.0,1407.8456794059707
2624.056973466849,1755.0,1145.86084711361
2676.0184976939154,1755.0,893.1786542753273
2727.9800219209815,1755.0,636.3296742150492
2779.941546148048,1755.0,434.321977209305
2831.903070375114,1755.0,40.361169441726155
2883.8645946021807,1755.0,-32.04177786155566
2935.8261188292468,1755.0,-101.07724148825321
2987.7876430563133,1755.0,-104.19486459061397
3039.7491672833794,1755.0,-2042.7045290997685
3091.710691510446,1755.0,-2636.4418617990486
3143.672215737512,1755.0,-2782.4311018025996
3195.6337399645786,1755.0,-2750.84899210633
3247.5952641916447,1755.0,-2747.6543364411236
3299.556788418711,1755.0,-2743.885994204442
3351.5183126457773,1755.0,-2751.7514719703704
3403.4798368728434,1755.0,-2768.63320886526
3455.44136109991,1755.0,-2793.656255203553
3507.402885326976,1755.0,-2825.3700501948533
3559.3644095540426,1755.0,-2862.8224980404166
3611.3259337811087,1755.0,-2907.393246160482
3663.2874580081752,1755.0,-2958.0209708113907
3715.2489822352413,1755.0,-3016.209015565115
3767.210506462308,1755.0,-3079.387073484855
3819.172030689374,1755.0,-3146.227485325514
3871.1335549164405,1755.0,-3215.0651987830975
3923.0950791435066,1755.0,-3287.293916313518
3975.056603370573,1755.0,-3362.413561383132
4027.0181275976392,1755.0,-3431.099685851812
4078.979651824706,1755.0,-3399.064276094742
4130.941176051772,1755.0,-4188.845925967998
4182.902700278838,1755.0,-4214.44799336
4234.8642245059045,1755.0,-3779.231775704675
4286.825748732971,1755.0,-3554.486217151136
4338.787272960038,1755.0,-3683.7554022182658
4390.748797187103,1755.0,-3719.2686006714894
4442.71032141417,1755.0,-3742.200851949525
4494.671845641236,1755.0,-3776.8299397021206
4546.633369868303,1755.0,-3803.3793347714136
4598.5948940953685,1755.0,-3812.237438706096
4650.556418322435,1755.0,-3807.058342777538
4702.517942549502,1755.0,-3793.338084984405
4754.479466776568,1755.0,-3774.5590286502074
4806.440991003634,1755.0,-3756.8765647229156
4858.4025152307,1755.0,-3739.5666985785997
4910.364039457767,1755.0,-3725.121254500137
4962.3255636848335,1755.0,-3715.822848000794
5014.287087911899,1755.0,-3712.4123555086844
5066.248612138966,1755.0,-3713.5801043929323
5118.210136366032,1755.0,-3718.22865841379
5170.171660593098,1755.0,-3727.0827082719848
5222.133184820164,1755.0,-3743.530769720965
5274.094709047231,1755.0,-3768.485027162803
5326.0562332742975,1755.0,-3800.2712135053616
5378.017757501363,1755.0,-3842.0072682128584
5429.97928172843,1755.0,-3895.8658497155457
5481.940805955496,1755.0,-3965.5484431599803
5533.902330182563,1755.0,-4051.6934306109406
5585.863854409628,1755.0,-4155.993989811384
5637.825378636695,1755.0,-4281.634045160931
5689.7869028637615,1755.0,-4428.565675878034
5741.748427090828,1755.0,-4602.963768241099
5793.709951317894,1755.0,-4812.9248458471375
5845.67147554496,1755.0,-5064.449272912903
5897.632999772027,1755.0,-5360.676227698171
5949.594523999093,1755.0,-5705.140736101266
6001.556048226159,1755.0,-5975.8041669828635
6053.5175724532255,1755.0,-6376.816013150745
6105.479096680292,1755.0,-6534.917839694567
6157.440620907359,1755.0,-2320.4100160672606
6209.402145134424,1755.0,-1685.9562155822014
6261.363669361491,1755.0,-4026.62099929673
6313.325193588557,1755.0,-3929.5423563831246
6365.286717815624,1755.0,-3884.6329805834885
6417.2482420426895,1755.0,-3265.7079144932954
6469.209766269756,1755.0,-2766.98437692789
6521.171290496823,1755.0,-2433.295638308878
6573.132814723889,1755.0,-2184.0865617657387
6625.094338950955,1755.0,-2005.1763457776647
6677.055863178021,1755.0,-1877.0899417476717
6729.017387405088,1755.0,-1814.3932894092857
6780.9789116321535,1755.0,-1860.0639831453914
6832.94043585922,1755.0,-2035.0933092598243
6884.901960086287,1755.0,-2370.74664789688
6936.863484313353,1755.0,-2780.167425624285
6988.825008540419,1755.0,-3359.245885724039
7040.786532767485,1755.0,-4371.685682142923
7092.748056994552,1755.0,-4465.989652432854
7144.7095812216185,1755.0,-3912.2428424429927
7196.671105448684,1755.0,-3627.243271767986
7248.632629675751,1755.0,-3629.2623114820426
7300.594153902817,1755.0,-3976.018107440884
7352.555678129884,1755.0,-2832.99130351819
7404.517202356949,1755.0,-2851.4840466914984
7456.478726584016,1755.0,-3131.8246797285933
7508.4402508110825,1755.0,-3141.618729179124
7560.401775038149,1755.0,-3124.842020017204
7612.363299265215,1755.0,-3102.9387213440027
7664.324823492281,1755.0,-3080.4661573896005
7716.286347719348,1755.0,-3060.4770157474095
7768.247871946414,1755.0,-3045.2267087568816
7820.20939617348,1755.0,-3035.3772925083094
7872.1709204005465,1755.0,-3029.671167917407
7924.132444627613,1755.0,-3031.1105321035266
7976.09396885468,1755.0,-3037.57414786852
8028.055493081745,1755.0,-3050.186555732864
8080.017017308812,1755.0,-3066.431185778973
8131.978541535878,1755.0,-3087.3851330760253
8183.940065762945,1755.0,-3110.4185651563403
8235.901589990011,1755.0,-3138.264063913255
8287.863114217078,1755.0,-3171.417324203585
8339.824638444143,1755.0,-3206.5077632652906
8391.78616267121,1755.0,-3244.31572563392
8443.747686898276,1755.0,-3272.4084914572595
8495.709211125342,1755.0,-3278.169715161467
8547.670735352409,1755.0,-2950.7911337862597
8599.632259579475,1755.0,-3975.4427409256114
8651.593783806542,1755.0,-3742.245750439037
8703.555308033607,1755.0,-3937.43975510539
8755.516832260673,1755.0,-4487.577161314013
8807.47835648774,1755.0,-3281.4814641733274
8859.439880714806,1755.0,-3797.500641684103
8911.401404941873,1755.0,-3874.830998657434
8963.36292916894,1755.0,-3964.3163847190276
9015.324453396006,1755.0,-4090.900953978523
9067.285977623073,1755.0,-4274.49918491616
9119.247501850137,1755.0,-4528.438452571411
9171.209026077204,1755.0,-4867.595924520198
9223.17055030427,1755.0,-5290.547992559103
9275.132074531337,1755.0,-5795.552923647976
9327.093598758403,1755.0,-6172.4614334385915
9379.05512298547,1755.0,-6521.4032411140815
9431.016647212537,1755.0,-6698.154356727613
9482.978171439603,1755.0,-1940.7600368982921
9534.939695666668,1755.0,-2034.6684298082305
9586.901219893734,1755.0,-3719.381557933225
9638.862744120801,1755.0,-3670.623997532475
9690.824268347867,1755.0,-3510.663690430316
9742.785792574934,1755.0,-3201.0104113816815
9794.747316802,1755.0,-3041.023065604146
9846.708841029067,1755.0,-2975.7888158233254
9898.670365256134,1755.0,-2934.74740070872
9950.631889483198,1755.0,-2908.089884990971
10002.593413710265,1755.0,-2890.100447331748
10054.554937937331,1755.0,-2878.4416532352557
10106.516462164398,1755.0,-2877.579520681834
10158.477986391465,1755.0,-2884.575896410793
10210.439510618531,1755.0,-2900.2227980208836
10262.401034845598,1755.0,-2921.4279471553355
10314.362559072662,1755.0,-2940.8395271446207
10366.324083299729,1755.0,-2903.226780351426
0.0,1800.0,-2704.4812374104145
51.96152422706631,1800.0,-2679.137655399278
103.92304845413263,1800.0,-2699.3206382326216
155.88457268119893,1800.0,-2720.6959612335613
207.84609690826525,1800.0,-2755.1671898107693
259.80762113533154,1800.0,-2822.210942562115
311.76914536239786,1800.0,-2942.402396216618
363.7306695894642,1800.0,-3192.6712456670634
415.6921938165305,1800.0,-3666.1438771849434
467.6537180435968,1800.0,-3688.1791945740897
519.6152422706631,1800.0,-3625.058715406691
571.5767664977294,1800.0,-1824.5971740770324
623.5382907247957,1800.0,-1850.9783903221928
675.499814951862,1800.0,-1988.075735590333
727.4613391789284,1800.0,-6438.736497958148
779.4228634059947,1800.0,-6179.210538193563
831.384387633061,1800.0,-6365.487454329743
883.3459118601273,1800.0,-6463.1428260008415
935.3074360871937,1800.0,-41.62535288317546
987.26896031426,1800.0,-0.9553196465635665
1039.2304845413262,1800.0,13.276589388153866
1091.1920087683925,1800.0,40.657080084190966
1143.1535329954588,1800.0,-6111.146864859335
1195.1150572225251,1800.0,-5972.40633996657
1247.0765814495915,1800.0,-5916.3733978729615
1299.0381056766578,1800.0,-6308.458769688441
1350.999629903724,1800.0,-4567.1780834288
1402.9611541307904,1800.0,-4195.507168731912
1454.9226783578567,1800.0,-4067.686941512218
1506.884202584923,1800.0,-3766.1822366570323
1558.8457268119894,1800.0,-3587.473845480198
1610.8072510390557,1800.0,-3447.1480947679056
1662.768775266122,1800.0,-3352.781826268695
1714.7302994931883,1800.0,-3297.045109837724
1766.6918237202547,1800.0,-3272.2598531525346
1818.653347947321,1800.0,-3276.192997350602
1870.6148721743873,1800.0,-3311.694699903971
1922.5763964014536,1800.0,-3392.6213455354023
1974.53792062852,1800.0,-3527.372116569756
2026.4994448555863,1800.0,-3732.2087168135185
2078.4609690826524,1800.0,-4038.1145364959284
2130.422493309719,1800.0,-4578.585910039856
2182.384017536785,1800.0,-6307.150482755349
2234.3455417638515,1800.0,-2613.9404860491622
2286.3070659909176,1800.0,2721.1575005996383
2338.268590217984,1800.0,2610.2814662965466
2390.2301144450503,1800.0,2270.0680603181654
2442.191638672117,1800.0,2089.2326936365125
2494.153162899183,1800.0,1796.8637103989972
2546.1146871262495,1800.0,1498.5424034541343
2598.0762113533156,1800.0,1207.6982106773467
2650.037735580382,1800.0,923.8577516991916
2701.999259807448,1800.0,640.497730418924
2753.9607840345147,1800.0,427.4476850148425
2805.922308261581,1800.0,43.70157267809811
2857.8838324886474,1800.0,-9.783663259890119
2909.8453567157135,1800.0,-129.33676842159247
2961.80688094278,1800.0,-78.46941127728581
3013.768405169846,1800.0,-1257.2069461620729
3065.7299293969127,1800.0,-1766.873938232873
3117.6914536239788,1800.0,-2187.89402557423
3169.6529778510453,1800.0,-2388.6668243916465
3221.6145020781114,1800.0,-2486.3203669350983
3273.576026305178,1800.0,-2546.573337409819
3325.537550532244,1800.0,-2594.6309129541537
3377.49907475931,1800.0,-2638.5122942051967
3429.4605989863767,1800.0,-2685.126382134107
3481.422123213443,1800.0,-2734.513908903681
3533.3836474405093,1800.0,-2786.7924436216617
3585.3451716675754,1800.0,-2844.8947033666873
3637.306695894642,1800.0,-2906.112971715236
3689.268220121708,1800.0,-2975.2263773159057
3741.2297443487746,1800.0,-3047.440265795235
3793.1912685758407,1800.0,-3123.745440305316
3845.1527928029072,1800.0,-3200.116222839585
3897.1143170299733,1800.0,-3276.505172937377
3949.07584125704,1800.0,-3355.267761938079
4001.037365484106,1800.0,-3438.2142448237346
4052.9988897111725,1800.0,-3500.186489641251
4104.960413938239,1800.0,-3476.4342640923105
4156.921938165305,1800.0,-3543.8831905225393
4208.883462392371,1800.0,-3815.8136910922067
4260.844986619438,1800.0,-3772.2460093844766
4312.806510846504,1800.0,-3692.6300045479143
4364.76803507357,1800.0,-3708.1240567642244
4416.7295593006365,1800.0,-3682.40778887793
4468.691083527703,1800.0,-3712.5137830296685
4520.65260775477,1800.0,-3750.012807577732
4572.614131981835,1800.0,-3769.613488565731
4624.575656208902,1800.0,-3775.7136860992928
4676.537180435968,1800.0,-3773.430145729137
4728.498704663035,1800.0,-3764.1726269112373
4780.460228890101,1800.0,-3753.9129023154233
4832.421753117167,1800.0,-3742.039433620499
4884.383277344234,1800.0,-3731.1410416438916
4936.3448015713,1800.0,-3722.702507195696
4988.306325798366,1800.0,-3719.640522789751
5040.267850025432,1800.0,-3719.646968660445
5092.229374252499,1800.0,-3722.2037450588678
5144.190898479565,1800.0,-3728.768758099343
5196.152422706631,1800.0,-3742.14005380575
5248.113946933698,1800.0,-3761.1636871128576
5300.075471160764,1800.0,-3785.7917086899797
5352.03699538783,1800.0,-3818.4535432690977
5403.998519614896,1800.0,-3860.1973400832394
5455.960043841963,1800.0,-3914.562427000734
5507.9215680690295,1800.0,-3981.079350391542
5559.883092296095,1800.0,-4061.743219242709
5611.844616523162,1800.0,-4158.511145500519
5663.806140750228,1800.0,-4271.553952921171
5715.767664977295,1800.0,-4404.208811921271
5767.72918920436,1800.0,-4564.32786030079
5819.690713431427,1800.0,-4754.657123395255
5871.6522376584935,1800.0,-4975.980146398448
5923.61376188556,1800.0,-5226.304594989845
5975.575286112626,1800.0,-5499.5503121182
6027.536810339692,1800.0,-5877.140482148705
6079.498334566759,1800.0,-6603.878944823529
6131.459858793825,1800.0,-6540.920141925621
6183.421383020891,1800.0,-1757.5625525854048
6235.3829072479575,1800.0,-1429.7088055353522
6287.344431475024,1800.0,-3984.045844872873
6339.305955702091,1800.0,-3963.513642490465
6391.267479929156,1800.0,-3886.3457599165886
6443.229004156223,1800.0,-3065.603917217484
6495.190528383289,1800.0,-2414.7267899372428
6547.152052610356,1800.0,-1988.427922815933
6599.1135768374215,1800.0,-1714.2133776253709
6651.075101064488,1800.0,-1523.43558155267
6703.036625291555,1800.0,-1410.403068939631
6754.99814951862,1800.0,-1419.6400499340516
6806.959673745687,1800.0,-1508.7739059147857
6858.921197972753,1800.0,-1763.7078295137221
6910.88272219982,1800.0,-2192.356843320817
6962.844246426886,1800.0,-3295.3504138060953
7014.805770653952,1800.0,-4344.032168889282
7066.767294881019,1800.0,-3989.272999339635
7118.728819108085,1800.0,-3893.0328027613846
7170.690343335151,1800.0,-3633.0752291014137
7222.651867562217,1800.0,-3976.5665483338407
7274.613391789284,1800.0,-4008.175178355058
7326.5749160163505,1800.0,-2861.3330758103016
7378.536440243416,1800.0,-3049.2883690183317
7430.497964470483,1800.0,-3053.5088083278424
7482.459488697549,1800.0,-3055.2116008846883
7534.421012924616,1800.0,-3042.681960467695
7586.382537151681,1800.0,-3024.8453929997777
7638.344061378748,1800.0,-3005.8200105301767
7690.3055856058145,1800.0,-2990.241828126701
7742.267109832881,1800.0,-2978.7868128549912
7794.228634059947,1800.0,-2972.605398762832
7846.190158287013,1800.0,-2969.631897509543
7898.15168251408,1800.0,-2973.2602049987095
7950.113206741146,1800.0,-2981.9906998688857
8002.074730968212,1800.0,-2997.1572702071508
8054.0362551952785,1800.0,-3015.747283531944
8105.997779422345,1800.0,-3036.409793665721
8157.959303649412,1800.0,-3061.6921083221987
8209.920827876478,1800.0,-3091.7897203944663
8261.882352103545,1800.0,-3126.2785770515284
8313.84387633061,1800.0,-3163.9683929638272
8365.805400557676,1800.0,-3209.7875091147
8417.766924784743,1800.0,-3262.6439018525575
8469.728449011809,1800.0,-3335.28504578114
8521.689973238876,1800.0,-2919.8239845206567
8573.651497465942,1800.0,-4020.2790822447632
8625.613021693009,1800.0,-3767.486781903189
8677.574545920073,1800.0,-3930.174255503679
8729.53607014714,1800.0,-4525.367030105177
8781.497594374207,1800.0,-3329.85016924683
8833.459118601273,1800.0,-3897.8245706058506
8885.42064282834,1800.0,-3882.597519020709
8937.382167055406,1800.0,-3890.3724605923653
8989.343691282473,1800.0,-3970.441029410389
9041.30521550954,1800.0,-4113.566193659997
9093.266739736604,1800.0,-4334.0853318712725
9145.22826396367,1800.0,-4676.42741840039
9197.189788190737,1800.0,-5148.78837348041
9249.151312417804,1800.0,-5754.847185670464
9301.11283664487,1800.0,-6687.625970633982
9353.074360871937,1800.0,-6773.101720347606
9405.035885099003,1800.0,-6623.45552374265
9456.99740932607,1800.0,-1877.0410919961723
9508.958933553135,1800.0,-1898.7574855076546
9560.920457780201,1800.0,-3687.51676507397
9612.881982007268,1800.0,-3626.947782457356
9664.843506234334,1800.0,-3287.29768789025
9716.8050304614,1800.0,-3123.6266342589024
9768.766554688467,1800.0,-3001.3127472797514
9820.728078915534,1800.0,-2933.190220258153
9872.6896031426,1800.0,-2889.1918588427907
9924.651127369665,1800.0,-2857.5484092888546
9976.612651596732,1800.0,-2833.3203420094032
10028.574175823798,1800.0,-2815.0855521242247
10080.535700050865,1800.0,-2806.917910469244
10132.497224277931,1800.0,-2803.841688793015
10184.458748504998,1800.0,-2806.6066579095796
10236.420272732064,1800.0,-2812.908769615432
10288.38179695913,1800.0,-2820.8287880659354
10340.343321186196,1800.0,-2805.971501172414
25.980762113533157,1845.0,-2550.483380636212
77.94228634059947,1845.0,-2558.5475470339625
129.90381056766577,1845.0,-2584.9933376212093
181.8653347947321,1845.0,-2621.170364488816
233.8268590217984,1845.0,-2674.629342133788
285.7883832488647,1845.0,-2760.630260716188
337.749907475931,1845.0,-2897.446461479776
389.71143170299734,1845.0,-3188.6157105431985
441.67295593006367,1845.0,-3635.21613827807
493.63448015713,1845.0,-3658.1845437156253
545.5960043841962,1845.0,-3633.1767568474424
597.5575286112626,1845.0,-1940.68828915212
649.5190528383289,1845.0,-1628.4832934437077
701.4805770653952,1845.0,-2021.990808015869
753.4421012924615,1845.0,-2050.631294972036
805.4036255195278,1845.0,-2061.2384514370124
857.3651497465942,1845.0,-7.3315429818569555
909.3266739736605,1845.0,-43.5514742628349
961.2881982007268,1845.0,-8.048377409172076
1013.2497224277931,1845.0,-15.853853019944003
1065.2112466548592,1845.0,2671.357211897981
1117.1727708819255,1845.0,2678.673983963474
1169.1342951089919,1845.0,49.75947910363402
1221.0958193360582,1845.0,37.836289638131724
1273.0573435631245,1845.0,-8.327307834986811
1325.0188677901908,1845.0,64.77855582531136
1376.9803920172571,1845.0,-2768.845583270093
1428.9419162443235,1845.0,-2595.244828640101
1480.9034404713898,1845.0,-2629.5771239234573
1532.864964698456,1845.0,-2729.209782840458
1584.8264889255224,1845.0,-2801.340870525749
1636.7880131525887,1845.0,-2860.5790916048163
1688.749537379655,1845.0,-2915.5586017271617
1740.7110616067214,1845.0,-2970.4636912424057
1792.6725858337877,1845.0,-3033.435861326622
1844.634110060854,1845.0,-3111.6591352282494
1896.5956342879203,1845.0,-3215.7860618238547
1948.5571585149867,1845.0,-3360.5693710659716
2000.518682742053,1845.0,-3558.0710053599987
2052.4802069691195,1845.0,-3828.2460044593
2104.4417311961856,1845.0,-4222.963957293328
2156.403255423252,1845.0,-5036.655628234834
2208.3647796503183,1845.0,-6337.6492986179655
2260.326303877385,1845.0,-2519.8496345136455
2312.287828104451,1845.0,2640.9603250859914
2364.2493523315175,1845.0,2440.9367577642806
2416.2108765585835,1845.0,2178.4950717102047
2468.17240078565,1845.0,1907.8884897107741
2520.133925012716,1845.0,1596.3414024140861
2572.0954492397827,1845.0,1285.8794835667018
2624.056973466849,1845.0,980.627851760097
2676.0184976939154,1845.0,674.178536992148
2727.9800219209815,1845.0,440.172956845107
2779.941546148048,1845.0,71.76546167246033
2831.903070375114,1845.0,-25.407537047579822
2883.8645946021807,1845.0,-209.23725434233847
2935.8261188292468,1845.0,-156.29971111923066
2987.7876430563133,1845.0,-944.7383498606843
3039.7491672833794,1845.0,-1335.783740831755
3091.710691510446,1845.0,-1745.463576782332
3143.672215737512,1845.0,-2025.2448665548839
3195.6337399645786,1845.0,-2204.43668848403
3247.5952641916447,1845.0,-2323.037205295172
3299.556788418711,1845.0,-2410.9723589200366
3351.5183126457773,1845.0,-2486.1467692794986
3403.4798368728434,1845.0,-2555.9665828054294
3455.44136109991,1845.0,-2625.331669819162
3507.402885326976,1845.0,-2697.6830630927298
3559.3644095540426,1845.0,-2771.252486520453
3611.3259337811087,1845.0,-2846.6383765980863
3663.2874580081752,1845.0,-2925.8028259721023
3715.2489822352413,1845.0,-3009.101146711749
3767.210506462308,1845.0,-3094.398055131801
3819.172030689374,1845.0,-3181.4326623587203
3871.1335549164405,1845.0,-3267.2104854125428
3923.0950791435066,1845.0,-3349.7888126766516
3975.056603370573,1845.0,-3429.780819864126
4027.0181275976392,1845.0,-3498.307683647912
4078.979651824706,1845.0,-3424.0874782917545
4130.941176051772,1845.0,-3470.3816347386164
4182.902700278838,1845.0,-3648.6342838138617
4234.8642245059045,1845.0,-3785.4231639373834
4286.825748732971,1845.0,-4244.10713069562
4338.787272960038,1845.0,-4155.947093296087
4390.748797187103,1845.0,-3104.18164549556
4442.71032141417,1845.0,-3618.9815998398735
4494.671845641236,1845.0,-3685.208930641191
4546.633369868303,1845.0,-3725.24450954839
4598.5948940953685,1845.0,-3743.497037519501
4650.556418322435,1845.0,-3748.563318983801
4702.517942549502,1845.0,-3747.720750368814
4754.479466776568,1845.0,-3742.4677509902267
4806.440991003634,1845.0,-3735.8690974684087
4858.4025152307,1845.0,-3728.3986643670314
4910.364039457767,1845.0,-3721.9247376759567
4962.3255636848335,1845.0,-3718.943637057928
5014.287087911899,1845.0,-3720.2980328100034
5066.248612138966,1845.0,-3722.0051268806733
5118.210136366032,1845.0,-3726.4882857627163
5170.171660593098,1845.0,-3736.673545507792
5222.133184820164,1845.0,-3751.2203421964537
5274.094709047231,1845.0,-3769.8305829297797
5326.0562332742975,1845.0,-3795.414290233122
5378.017757501363,1845.0,-3827.1146191121297
5429.97928172843,1845.0,-3866.778918205976
5481.940805955496,1845.0,-3915.9638956167873
5533.902330182563,1845.0,-3976.6969701468593
5585.863854409628,1845.0,-4048.5495485151555
5637.825378636695,1845.0,-4134.583013966829
5689.7869028637615,1845.0,-4233.647639494824
5741.748427090828,1845.0,-4348.979518057517
5793.709951317894,1845.0,-4486.49394472811
5845.67147554496,1845.0,-4650.106705914552
5897.632999772027,1845.0,-4840.305126205153
5949.594523999093,1845.0,-5069.2414941610605
6001.556048226159,1845.0,-5376.783540123788
6053.5175724532255,1845.0,-5910.855382874295
6105.479096680292,1845.0,-6822.170019513054
6157.440620907359,1845.0,-6565.123670966508
6209.402145134424,1845.0,-1716.7442484629705
6261.363669361491,1845.0,-1811.1668281855664
6313.325193588557,1845.0,-2331.1003113606976
6365.286717815624,1845.0,-4057.570268659225
6417.2482420426895,1845.0,-3814.4170795017917
6469.209766269756,1845.0,-2671.2837166413296
6521.171290496823,1845.0,-1863.9694670868134
6573.132814723889,1845.0,-1479.0885384182666
6625.094338950955,1845.0,-1249.5526817014133
6677.055863178021,1845.0,-1138.0915462336986
6729.017387405088,1845.0,-196.71377748778815
6780.9789116321535,1845.0,-282.6558111383603
6832.94043585922,1845.0,-226.74877839306504
6884.901960086287,1845.0,-199.9211275306689
6936.863484313353,1845.0,-188.29138510992357
6988.825008540419,1845.0,-4368.456147654623
7040.786532767485,1845.0,-3919.2882092643267
7092.748056994552,1845.0,-3767.0145587174466
7144.7095812216185,1845.0,-3700.401364621227
7196.671105448684,1845.0,-3907.574770478889
7248.632629675751,1845.0,-2836.727432331125
7300.594153902817,1845.0,-2843.4480850158275
7352.555678129884,1845.0,-2963.192211883492
7404.517202356949,1845.0,-2965.2046726191147
7456.478726584016,1845.0,-2947.1857827854
7508.4402508110825,1845.0,-2934.536890130463
7560.401775038149,1845.0,-2923.6717679571084
7612.363299265215,1845.0,-2912.912733112844
7664.324823492281,1845.0,-2904.0526225325957
7716.286347719348,1845.0,-2898.7937721132025
7768.247871946414,1845.0,-2897.9655405211197
7820.20939617348,1845.0,-2901.7675770580954
7872.1709204005465,1845.0,-2909.0159216496513
7924.132444627613,1845.0,-2919.4048742528353
7976.09396885468,1845.0,-2936.4920090506157
8028.055493081745,1845.0,-2958.2571736515665
8080.017017308812,1845.0,-2983.380843315078
8131.978541535878,1845.0,-3009.980642473113
8183.940065762945,1845.0,-3041.2286494318487
8235.901589990011,1845.0,-3077.158478887888
8287.863114217078,1845.0,-3119.423441027254
8339.824638444143,1845.0,-3168.818197327835
8391.78616267121,1845.0,-3237.633851942801
8443.747686898276,1845.0,-3369.523999814248
8495.709211125342,1845.0,-3620.568393171824
8547.670735352409,1845.0,-3712.5541605697626
8599.632259579475,1845.0,-4002.4620837819857
8651.593783806542,1845.0,-3813.2107224736365
8703.555308033607,1845.0,-3947.550300071888
8755.516832260673,1845.0,-4411.030463440964
8807.47835648774,1845.0,-4049.07585716964
8859.439880714806,1845.0,-4106.859649138589
8911.401404941873,1845.0,-3916.7483529083693
8963.36292916894,1845.0,-3886.034198068918
9015.324453396006,1845.0,-3982.538148163694
9067.285977623073,1845.0,-4112.909352624487
9119.247501850137,1845.0,-4335.313280583037
9171.209026077204,1845.0,-4944.451010083639
9223.17055030427,1845.0,-5673.264035680924
9275.132074531337,1845.0,-6373.630516473711
9327.093598758403,1845.0,-6569.19858887613
9379.05512298547,1845.0,-6771.384382867145
9431.016647212537,1845.0,-2009.3166359092256
9482.978171439603,1845.0,-1911.0638718184368
9534.939695666668,1845.0,-3745.3879806542727
9586.901219893734,1845.0,-3616.75125161276
9638.862744120801,1845.0,-3234.6227791176475
9690.824268347867,1845.0,-3044.482344696588
9742.785792574934,1845.0,-2963.8911499612195
9794.747316802,1845.0,-2900.8529804162035
9846.708841029067,1845.0,-2851.3644391165244
9898.670365256134,1845.0,-2812.8033151611094
9950.631889483198,1845.0,-2782.3394262835163
10002.593413710265,1845.0,-2756.315634119931
10054.554937937331,1845.0,-2736.833965526403
10106.516462164398,1845.0,-2723.325147368788
10158.477986391465,1845.0,-2717.1642224849415
10210.439510618531,1845.0,-2713.6125080423863
10262.401034845598,1845.0,-2711.748084660103
10314.362559072662,1845.0,-2710.640683286575
10366.324083299729,1845.0,-2654.585190462476
0.0,1890.0,-2446.165388109167
51.96152422706631,1890.0,-2414.3845984771365
103.92304845413263,1890.0,-2442.8202557462046
155.88457268119893,1890.0,-2475.1991173134156
207.84609690826525,1890.0,-2516.615817611041
259.80762113533154,1890.0,-2577.250055155163
311.76914536239786,1890.0,-2665.2889495007094
363.7306695894642,1890.0,-2794.5864708789186
415.6921938165305,1890.0,-3002.671239443109
467.6537180435968,1890.0,-3205.11041491382
519.6152422706631,1890.0,-3567.332935158385
571.5767664977294,1890.0,-3633.030633358193
623.5382907247957,1890.0,-3650.7188569326518
675.499814951862,1890.0,-1695.4382967343518
727.4613391789284,1890.0,126.32505601151661
779.4228634059947,1890.0,113.62441820596689
831.384387633061,1890.0,67.8228564896657
883.3459118601273,1890.0,-100.87062610757206
935.3074360871937,1890.0,-113.08343137531264
987.26896031426,1890.0,-189.46182639901863
1039.2304845413262,1890.0,-183.95050095676535
1091.1920087683925,1890.0,2922.3066776948563
1143.1535329954588,1890.0,-48.2271549755917
1195.1150572225251,1890.0,-109.81291134538651
1247.0765814495915,1890.0,8.80774195249819
1299.0381056766578,1890.0,-9.126335801976802
1350.999629903724,1890.0,11.837973860951843
1402.9611541307904,1890.0,3.6801344505251263
1454.9226783578567,1890.0,-1748.4497100209367
1506.884202584923,1890.0,-1762.4389092556974
1558.8457268119894,1890.0,-1936.3108608497823
1610.8072510390557,1890.0,-2172.8553360092546
1662.768775266122,1890.0,-2373.294773172068
1714.7302994931883,1890.0,-2535.3913475254985
1766.6918237202547,1890.0,-2677.39144426871
1818.653347947321,1890.0,-2817.3102493689858
1870.6148721743873,1890.0,-2967.5821625747303
1922.5763964014536,1890.0,-3140.601968493847
1974.53792062852,1890.0,-3349.2466080001877
2026.4994448555863,1890.0,-3610.2199830852514
2078.4609690826524,1890.0,-3968.0005237766927
2130.422493309719,1890.0,-4612.935651157226
2182.384017536785,1890.0,-6517.594862896083
2234.3455417638515,1890.0,-2631.9696426477913
2286.3070659909176,1890.0,2814.7045852662623
2338.268590217984,1890.0,2741.7588696562843
2390.2301144450503,1890.0,2245.1093521289085
2442.191638672117,1890.0,2028.5911593299893
2494.153162899183,1890.0,1699.4735610047376
2546.1146871262495,1890.0,1376.949680239988
2598.0762113533156,1890.0,1061.9797605131585
2650.037735580382,1890.0,749.2460158741542
2701.999259807448,1890.0,465.6152361856143
2753.9607840345147,1890.0,70.3371926124867
2805.922308261581,1890.0,60.41493497533206
2857.8838324886474,1890.0,-152.22586087270798
2909.8453567157135,1890.0,-167.46957170161258
2961.80688094278,1890.0,-777.482828103447
3013.768405169846,1890.0,-1049.8286255835783
3065.7299293969127,1890.0,-1422.0406724503061
3117.6914536239788,1890.0,-1712.782531253238
3169.6529778510453,1890.0,-1927.6226882607034
3221.6145020781114,1890.0,-2086.703597110615
3273.576026305178,1890.0,-2209.7966407069107
3325.537550532244,1890.0,-2313.026454038439
3377.49907475931,1890.0,-2407.5293637933646
3429.4605989863767,1890.0,-2498.7360159046784
3481.422123213443,1890.0,-2590.565862084416
3533.3836474405093,1890.0,-2682.2458184418583
3585.3451716675754,1890.0,-2774.050311129224
3637.306695894642,1890.0,-2868.193005420523
3689.268220121708,1890.0,-2965.804722023645
3741.2297443487746,1890.0,-3065.420432840811
3793.1912685758407,1890.0,-3166.0740045312914
3845.1527928029072,1890.0,-3263.637255317138
3897.1143170299733,1890.0,-3357.15802607563
3949.07584125704,1890.0,-3432.8210534147
4001.037365484106,1890.0,-3485.727888386322
4052.9988897111725,1890.0,-3377.909473150321
4104.960413938239,1890.0,-3405.8934425967523
4156.921938165305,1890.0,-3629.037099878866
4208.883462392371,1890.0,-3682.414876268769
4260.844986619438,1890.0,-4329.55176786129
4312.806510846504,1890.0,-3103.1089838515622
4364.76803507357,1890.0,-3082.0899871537363
4416.7295593006365,1890.0,-3539.8449101745045
4468.691083527703,1890.0,-3622.718886681577
4520.65260775477,1890.0,-3682.230335022666
4572.614131981835,1890.0,-3712.1015560690857
4624.575656208902,1890.0,-3726.5687224783023
4676.537180435968,1890.0,-3731.39253618833
4728.498704663035,1890.0,-3731.3597498230915
4780.460228890101,1890.0,-3730.0453958607122
4832.421753117167,1890.0,-3725.7844642845334
4884.383277344234,1890.0,-3721.966656721661
4936.3448015713,1890.0,-3719.448040141938
4988.306325798366,1890.0,-3720.408020992568
5040.267850025432,1890.0,-3720.844314695283
5092.229374252499,1890.0,-3722.6070478109955
5144.190898479565,1890.0,-3729.5323964334366
5196.152422706631,1890.0,-3738.6276925819616
5248.113946933698,1890.0,-3751.7185706315695
5300.075471160764,1890.0,-3770.485867585864
5352.03699538783,1890.0,-3793.8854420587177
5403.998519614896,1890.0,-3823.23491907713
5455.960043841963,1890.0,-3858.6338328848406
5507.9215680690295,1890.0,-3901.2179456065132
5559.883092296095,1890.0,-3952.5826698516616
5611.844616523162,1890.0,-4013.773378691336
5663.806140750228,1890.0,-4080.711851374796
5715.767664977295,1890.0,-4159.5847705572
5767.72918920436,1890.0,-4253.235176165669
5819.690713431427,1890.0,-4365.058573071255
5871.6522376584935,1890.0,-4496.105149966734
5923.61376188556,1890.0,-4657.929609382432
5975.575286112626,1890.0,-4871.534631481651
6027.536810339692,1890.0,-5189.111107966555
6079.498334566759,1890.0,-5740.144884261079
6131.459858793825,1890.0,-6568.149121461543
6183.421383020891,1890.0,-6242.5253626210215
6235.3829072479575,1890.0,-6083.401787233348
6287.344431475024,1890.0,-2219.1427057110577
6339.305955702091,1890.0,-2434.3541661086238
6391.267479929156,1890.0,-4100.218124660103
6443.229004156223,1890.0,-3560.1111497268357
6495.190528383289,1890.0,-2198.5560908818093
6547.152052610356,1890.0,-242.3145834720239
6599.1135768374215,1890.0,-202.8318644484649
6651.075101064488,1890.0,-175.64721072056068
6703.036625291555,1890.0,-137.27070775635403
6754.99814951862,1890.0,-173.6476423263196
6806.959673745687,1890.0,-224.03306190758894
6858.921197972753,1890.0,-210.27587765875978
6910.88272219982,1890.0,-230.32982235524338
6962.844246426886,1890.0,-179.34158050103952
7014.805770653952,1890.0,-3844.423127231955
7066.767294881019,1890.0,-3753.124944600515
7118.728819108085,1890.0,-4012.802148862493
7170.690343335151,1890.0,-3951.3305003231353
7222.651867562217,1890.0,-2877.569696238207
7274.613391789284,1890.0,-2766.5314373078745
7326.5749160163505,1890.0,-2812.5033596093235
7378.536440243416,1890.0,-2820.4148525904584
7430.497964470483,1890.0,-2808.6972523877503
7482.459488697549,1890.0,-2802.9511511589412
7534.421012924616,1890.0,-2800.3596285252543
7586.382537151681,1890.0,-2799.7458712375087
7638.344061378748,1890.0,-2801.3604675647575
7690.3055856058145,1890.0,-2804.6200285729356
7742.267109832881,1890.0,-2811.018947069878
7794.228634059947,1890.0,-2820.873926532252
7846.190158287013,1890.0,-2834.5007036199154
7898.15168251408,1890.0,-2850.3924322930106
7950.113206741146,1890.0,-2872.3128833410346
8002.074730968212,1890.0,-2897.1746545607393
8054.0362551952785,1890.0,-2924.6545196197076
8105.997779422345,1890.0,-2954.243408209966
8157.959303649412,1890.0,-2988.6257333457816
8209.920827876478,1890.0,-3027.4177755635365
8261.882352103545,1890.0,-3071.435158268869
8313.84387633061,1890.0,-3123.0548228081925
8365.805400557676,1890.0,-3196.7006177688427
8417.766924784743,1890.0,-3338.2338482319756
8469.728449011809,1890.0,-3611.4435765133676
8521.689973238876,1890.0,-3746.497217752034
8573.651497465942,1890.0,-3969.7934323076306
8625.613021693009,1890.0,-3742.394577368249
8677.574545920073,1890.0,-3879.9910308077024
8729.53607014714,1890.0,-4356.6555584954185
8781.497594374207,1890.0,-3994.567053623578
8833.459118601273,1890.0,-4101.833877929526
8885.42064282834,1890.0,-4074.5024955705903
8937.382167055406,1890.0,-3971.511132328593
8989.343691282473,1890.0,-3937.2557686269174
9041.30521550954,1890.0,-4070.3615757306807
9093.266739736604,1890.0,-3972.829981739545
9145.22826396367,1890.0,-4124.057488130077
9197.189788190737,1890.0,-6367.779950160313
9249.151312417804,1890.0,-6565.481290009779
9301.11283664487,1890.0,-6522.57006275732
9353.074360871937,1890.0,-1668.3409596876295
9405.035885099003,1890.0,-1996.896137246793
9456.99740932607,1890.0,-2299.1294131638106
9508.958933553135,1890.0,-3776.844291085433
9560.920457780201,1890.0,-3605.04548224467
9612.881982007268,1890.0,-3221.0226009145463
9664.843506234334,1890.0,-3025.31665754573
9716.8050304614,1890.0,-2935.6382483167063
9768.766554688467,1890.0,-2871.611000734778
9820.728078915534,1890.0,-2818.5728498585695
9872.6896031426,1890.0,-2771.9566315361376
9924.651127369665,1890.0,-2731.7334619255366
9976.612651596732,1890.0,-2695.6187533737148
10028.574175823798,1890.0,-2667.6218348337434
10080.535700050865,1890.0,-2644.5514051217733
10132.497224277931,1890.0,-2626.975923953092
10184.458748504998,1890.0,-2615.3993235234384
10236.420272732064,1890.0,-2606.87694945531
10288.38179695913,1890.0,-2599.618710962309
10340.343321186196,1890.0,-2573.273951594606
25.980762113533157,1935.0,-2285.4915488753236
77.94228634059947,1935.0,-2291.5605300576894
129.90381056766577,1935.0,-2321.06353167849
181.8653347947321,1935.0,-2354.108150596736
233.8268590217984,1935.0,-2394.746560632918
285.7883832488647,1935.0,-2448.3380078447044
337.749907475931,1935.0,-2519.62359236638
389.71143170299734,1935.0,-2612.4253831904093
441.67295593006367,1935.0,-2731.8092772651034
493.63448015713,1935.0,-2997.378094706094
545.5960043841962,1935.0,-3463.0409683908774
597.5575286112626,1935.0,-3482.764094831237
649.5190528383289,1935.0,-6563.718187348674
701.4805770653952,1935.0,-2071.0616998254677
753.4421012924615,1935.0,-66.5443471407979
805.4036255195278,1935.0,-80.10895154476151
857.3651497465942,1935.0,-98.81262600014728
909.3266739736605,1935.0,-91.69531591223549
961.2881982007268,1935.0,-33.228223907718885
1013.2497224277931,1935.0,-17.73814091380516
1065.2112466548592,1935.0,2313.415594311803
1117.1727708819255,1935.0,133.19651142904985
1169.1342951089919,1935.0,5.8968902496247795
1221.0958193360582,1935.0,-42.35506063633566
1273.0573435631245,1935.0,-10.896267313999868
1325.0188677901908,1935.0,-67.91420299508316
1376.9803920172571,1935.0,-44.852336564965256
1428.9419162443235,1935.0,40.54327110961185
1480.9034404713898,1935.0,39.909924232984096
1532.864964698456,1935.0,-1288.560880308446
1584.8264889255224,1935.0,-1413.3206785857183
1636.7880131525887,1935.0,-1682.1488976399269
1688.749537379655,1935.0,-1973.6184759568278
1740.7110616067214,1935.0,-2208.3173981608356
1792.6725858337877,1935.0,-2421.6996645636345
1844.634110060854,1935.0,-2633.3142545811857
1896.5956342879203,1935.0,-2850.554938809182
1948.5571585149867,1935.0,-3086.6157152017254
2000.518682742053,1935.0,-3356.6712120538496
2052.4802069691195,1935.0,-3682.2610278650727
2104.4417311961856,1935.0,-4126.099249229619
2156.403255423252,1935.0,-5010.84593685828
2208.3647796503183,1935.0,-6422.301877634568
2260.326303877385,1935.0,-2624.0552273365547
2312.287828104451,1935.0,2971.3285794662825
2364.2493523315175,1935.0,2574.843123516538
2416.2108765585835,1935.0,2116.8876716564628
2468.17240078565,1935.0,1799.9560821779555
2520.133925012716,1935.0,1464.0295510109822
2572.0954492397827,1935.0,1144.854871721023
2624.056973466849,1935.0,835.5293864670477
2676.0184976939154,1935.0,536.732898858324
2727.9800219209815,1935.0,349.8807699864874
2779.941546148048,1935.0,54.014389628042004
2831.903070375114,1935.0,21.50007898254383
2883.8645946021807,1935.0,-142.70942712603377
2935.8261188292468,1935.0,-142.6585675516422
2987.7876430563133,1935.0,-829.6928427424407
3039.7491672833794,1935.0,-1153.4350619083107
3091.710691510446,1935.0,-1445.0778796141608
3143.672215737512,1935.0,-1673.2105266260414
3195.6337399645786,1935.0,-1851.1607007562434
3247.5952641916447,1935.0,-1996.4395646508947
3299.556788418711,1935.0,-2123.400700537548
3351.5183126457773,1935.0,-2237.974068810829
3403.4798368728434,1935.0,-2349.2540968301873
3455.44136109991,1935.0,-2461.4547511258957
3507.402885326976,1935.0,-2574.772143663674
3559.3644095540426,1935.0,-2686.9817671590213
3611.3259337811087,1935.0,-2799.8614798195276
3663.2874580081752,1935.0,-2914.33692443953
3715.2489822352413,1935.0,-3029.7862564259394
3767.210506462308,1935.0,-3147.6859695416597
3819.172030689374,1935.0,-3263.096468369771
3871.1335549164405,1935.0,-3367.891882488383
3923.0950791435066,1935.0,-3441.8783232021515
3975.056603370573,1935.0,-3348.8251069199987
4027.0181275976392,1935.0,-3353.812800044385
4078.979651824706,1935.0,-3396.9389722696396
4130.941176051772,1935.0,-3607.814895716847
4182.902700278838,1935.0,-3640.0022284800043
4234.8642245059045,1935.0,-3041.7125164817944
4286.825748732971,1935.0,-3092.9838274132753
4338.787272960038,1935.0,-3496.498485439847
4390.748797187103,1935.0,-3524.2735013314486
4442.71032141417,1935.0,-3590.3505941032417
4494.671845641236,1935.0,-3649.676401719472
4546.633369868303,1935.0,-3683.7267645910006
4598.5948940953685,1935.0,-3704.8388666847277
4650.556418322435,1935.0,-3714.715770774299
4702.517942549502,1935.0,-3718.138132151739
4754.479466776568,1935.0,-3718.6337083169296
4806.440991003634,1935.0,-3718.708060617193
4858.4025152307,1935.0,-3716.5102824618552
4910.364039457767,1935.0,-3716.196551641383
4962.3255636848335,1935.0,-3716.421516835423
5014.287087911899,1935.0,-3716.363374909498
5066.248612138966,1935.0,-3717.439443206915
5118.210136366032,1935.0,-3719.8618788265358
5170.171660593098,1935.0,-3725.234577523959
5222.133184820164,1935.0,-3735.1146608423564
5274.094709047231,1935.0,-3746.667298918319
5326.0562332742975,1935.0,-3762.971838048796
5378.017757501363,1935.0,-3783.2299423028016
5429.97928172843,1935.0,-3807.4089387291247
5481.940805955496,1935.0,-3835.936329771962
5533.902330182563,1935.0,-3868.8147902301034
5585.863854409628,1935.0,-3908.55639024999
5637.825378636695,1935.0,-3953.254312215621
5689.7869028637615,1935.0,-4001.046974148556
5741.748427090828,1935.0,-4056.783617903847
5793.709951317894,1935.0,-4119.790278609827
5845.67147554496,1935.0,-4194.876879667413
5897.632999772027,1935.0,-4286.95002692195
5949.594523999093,1935.0,-4405.017093718163
6001.556048226159,1935.0,-4574.088007275765
6053.5175724532255,1935.0,-4840.230068062143
6105.479096680292,1935.0,-5332.711506685957
6157.440620907359,1935.0,-6347.432548109939
6209.402145134424,1935.0,-6191.8733877612085
6261.363669361491,1935.0,-6216.842414245621
6313.325193588557,1935.0,-2039.2627172856844
6365.286717815624,1935.0,-171.36623591568673
6417.2482420426895,1935.0,-207.98330759122172
6469.209766269756,1935.0,-217.98364204982357
6521.171290496823,1935.0,-219.65242182083912
6573.132814723889,1935.0,-216.67405318881364
6625.094338950955,1935.0,-144.39594942701615
6677.055863178021,1935.0,-131.17529521259172
6729.017387405088,1935.0,-158.24037214629
6780.9789116321535,1935.0,-40.359890539103105
6832.94043585922,1935.0,-94.01446811955563
6884.901960086287,1935.0,-71.61642330840168
6936.863484313353,1935.0,-14.076435106908605
6988.825008540419,1935.0,-8.096527607363914
7040.786532767485,1935.0,179.99794506358842
7092.748056994552,1935.0,188.39905999324066
7144.7095812216185,1935.0,147.81352568890446
7196.671105448684,1935.0,-2919.392428698876
7248.632629675751,1935.0,-2568.269861893747
7300.594153902817,1935.0,-2621.4818113152696
7352.555678129884,1935.0,-2623.9986181160093
7404.517202356949,1935.0,-2626.3563083485187
7456.478726584016,1935.0,-2633.6815950691653
7508.4402508110825,1935.0,-2647.58199055013
7560.401775038149,1935.0,-2662.546091610998
7612.363299265215,1935.0,-2677.8805447599316
7664.324823492281,1935.0,-2693.3937288437387
7716.286347719348,1935.0,-2709.9638515515685
7768.247871946414,1935.0,-2728.9884029650784
7820.20939617348,1935.0,-2750.40035434758
7872.1709204005465,1935.0,-2774.2288442861127
7924.132444627613,1935.0,-2799.3567015178105
7976.09396885468,1935.0,-2829.441781428517
8028.055493081745,1935.0,-2862.3362575814726
8080.017017308812,1935.0,-2896.4572578818097
8131.978541535878,1935.0,-2932.802124886361
8183.940065762945,1935.0,-2973.207863275824
8235.901589990011,1935.0,-3019.385368874941
8287.863114217078,1935.0,-3073.0890790363346
8339.824638444143,1935.0,-3151.7586779228363
8391.78616267121,1935.0,-3323.293103741749
8443.747686898276,1935.0,-3610.374781930576
8495.709211125342,1935.0,-3771.779766249144
8547.670735352409,1935.0,-1214.7724031859912
8599.632259579475,1935.0,-1473.8054451907622
8651.593783806542,1935.0,-3736.480030320617
8703.555308033607,1935.0,-1817.3287652365946
8755.516832260673,1935.0,-1957.874219443138
8807.47835648774,1935.0,-2351.588200051549
8859.439880714806,1935.0,-4025.9843548103468
8911.401404941873,1935.0,-4141.335599182914
8963.36292916894,1935.0,-4024.532050202901
9015.324453396006,1935.0,-4014.5833746494254
9067.285977623073,1935.0,-4011.7299762877456
9119.247501850137,1935.0,-3951.348751917666
9171.209026077204,1935.0,-6512.712518977067
9223.17055030427,1935.0,-6437.261509805006
9275.132074531337,1935.0,-6700.634624872477
9327.093598758403,1935.0,-1898.6191620256482
9379.05512298547,1935.0,-2063.433652363253
9431.016647212537,1935.0,-2043.9889659574185
9482.978171439603,1935.0,-3762.3901186377884
9534.939695666668,1935.0,-3630.1323909887597
9586.901219893734,1935.0,-3227.9226498188036
9638.862744120801,1935.0,-3022.796117480914
9690.824268347867,1935.0,-2926.740875126661
9742.785792574934,1935.0,-2855.8121993143586
9794.747316802,1935.0,-2795.198880432473
9846.708841029067,1935.0,-2739.189179052987
9898.670365256134,1935.0,-2688.8444055469663
9950.631889483198,1935.0,-2641.0309599521297
10002.593413710265,1935.0,-2599.3141357291265
10054.554937937331,1935.0,-2563.441120203818
10106.516462164398,1935.0,-2535.1155013308244
10158.477986391465,1935.0,-2512.0777223336036
10210.439510618531,1935.0,-2495.578883843879
10262.401034845598,1935.0,-2482.406880657997
10314.362559072662,1935.0,-2472.087287572658
10366.324083299729,1935.0,-2409.397135382732
0.0,1980.0,-2173.3216244736727
51.96152422706631,1980.0,-2133.9386003863046
103.92304845413263,1980.0,-2158.6348276829062
155.88457268119893,1980.0,-2184.4486916756105
207.84609690826525,1980.0,-2212.5078493001593
259.80762113533154,1980.0,-2242.5264719780216
311.76914536239786,1980.0,-2273.0104168957337
363.7306695894642,1980.0,-2308.160146858383
415.6921938165305,1980.0,-2356.110754887915
467.6537180435968,1980.0,-2441.0404494387076
519.6152422706631,1980.0,-2628.0178692135005
571.5767664977294,1980.0,-2839.1841439640993
623.5382907247957,1980.0,-3242.5645820389045
675.499814951862,1980.0,-6565.536916540693
727.4613391789284,1980.0,-2180.3818083337856
779.4228634059947,1980.0,-71.34246979398989
831.384387633061,1980.0,24.983264353601623
883.3459118601273,1980.0,11.37101976070727
935.3074360871937,1980.0,313.94919271533354
987.26896031426,1980.0,427.64341900828833
1039.2304845413262,1980.0,640.5857893023863
1091.1920087683925,1980.0,641.381477917486
1143.1535329954588,1980.0,431.3768651138096
1195.1150572225251,1980.0,-3.354114217752908
1247.0765814495915,1980.0,7.104456002970169
1299.0381056766578,1980.0,-39.678673131814264
1350.999629903724,1980.0,-84.89057660590632
1402.9611541307904,1980.0,7.213623991469528
1454.9226783578567,1980.0,14.405409700637938
1506.884202584923,1980.0,30.90369587949858
1558.8457268119894,1980.0,20.455154417163914
1610.8072510390557,1980.0,-1073.5123746211048
1662.768775266122,1980.0,-1321.5184666048408
1714.7302994931883,1980.0,-1635.918928938136
1766.6918237202547,1980.0,-1922.8754475578808
1818.653347947321,1980.0,-2202.7497111825096
1870.6148721743873,1980.0,-2481.500085421314
1922.5763964014536,1980.0,-2763.3532032718244
1974.53792062852,1980.0,-3058.9349848386364
2026.4994448555863,1980.0,-3383.8726855387827
2078.4609690826524,1980.0,-3781.8035933517995
2130.422493309719,1980.0,-4407.888559378849
2182.384017536785,1980.0,-6198.8786816218
2234.3455417638515,1980.0,-2701.8602594894955
2286.3070659909176,1980.0,2877.614343776677
2338.268590217984,1980.0,2620.27335459376
2390.2301144450503,1980.0,2109.5449063502992
2442.191638672117,1980.0,1871.3010746219607
2494.153162899183,1980.0,1534.9915047694926
2546.1146871262495,1980.0,1223.050050681823
2598.0762113533156,1980.0,916.7677345981272
2650.037735580382,1980.0,613.5410389255262
2701.999259807448,1980.0,385.69747493604007
2753.9607840345147,1980.0,19.821402384857663
2805.922308261581,1980.0,-18.301165858196924
2857.8838324886474,1980.0,-186.04991828101026
2909.8453567157135,1980.0,-153.9844776266914
2961.80688094278,1980.0,-691.3053351750023
3013.768405169846,1980.0,-942.6601853916836
3065.7299293969127,1980.0,-1217.3858510962086
3117.6914536239788,1980.0,-1438.9349200614893
3169.6529778510453,1980.0,-1620.8819159635004
3221.6145020781114,1980.0,-1776.3174317031453
3273.576026305178,1980.0,-1916.5685839749099
3325.537550532244,1980.0,-2047.8240754392564
3377.49907475931,1980.0,-2179.195477213161
3429.4605989863767,1980.0,-2312.507765445835
3481.422123213443,1980.0,-2445.1937605371268
3533.3836474405093,1980.0,-2578.1825100770084
3585.3451716675754,1980.0,-2711.936962520573
3637.306695894642,1980.0,-2846.9608697727085
3689.268220121708,1980.0,-2983.5883672175896
3741.2297443487746,1980.0,-3123.720155849496
3793.1912685758407,1980.0,-3266.293822877673
3845.1527928029072,1980.0,-3381.5679466527354
3897.1143170299733,1980.0,-3450.167502767365
3949.07584125704,1980.0,-3297.599012603262
4001.037365484106,1980.0,-3326.7393068765164
4052.9988897111725,1980.0,-3578.3803079708623
4104.960413938239,1980.0,-3639.1390221730244
4156.921938165305,1980.0,-3648.7110944853143
4208.883462392371,1980.0,-3574.53051470666
4260.844986619438,1980.0,-3536.4309133650877
4312.806510846504,1980.0,-3532.855714890042
4364.76803507357,1980.0,-3561.522288679934
4416.7295593006365,1980.0,-3601.8269930950137
4468.691083527703,1980.0,-3640.5325956198994
4520.65260775477,1980.0,-3669.6731591699627
4572.614131981835,1980.0,-3690.1785738045837
4624.575656208902,1980.0,-3701.0214608734796
4676.537180435968,1980.0,-3706.636983077601
4728.498704663035,1980.0,-3710.218715025805
4780.460228890101,1980.0,-3713.29715250535
4832.421753117167,1980.0,-3714.0715973509123
4884.383277344234,1980.0,-3714.5849866253775
4936.3448015713,1980.0,-3714.2127643236163
4988.306325798366,1980.0,-3713.4566893211586
5040.267850025432,1980.0,-3712.292204023268
5092.229374252499,1980.0,-3712.117425380633
5144.190898479565,1980.0,-3714.182685103013
5196.152422706631,1980.0,-3719.499824867641
5248.113946933698,1980.0,-3726.3378499579035
5300.075471160764,1980.0,-3736.442160291135
5352.03699538783,1980.0,-3748.8327562815434
5403.998519614896,1980.0,-3763.791443170616
5455.960043841963,1980.0,-3780.4555031666832
5507.9215680690295,1980.0,-3799.9569424982187
5559.883092296095,1980.0,-3821.762732960858
5611.844616523162,1980.0,-3844.5766080047724
5663.806140750228,1980.0,-3868.491355659224
5715.767664977295,1980.0,-3892.94404094921
5767.72918920436,1980.0,-3917.387901678265
5819.690713431427,1980.0,-3943.5088516173064
5871.6522376584935,1980.0,-3971.657878432874
5923.61376188556,1980.0,-4003.4117346042995
5975.575286112626,1980.0,-4043.649065239439
6027.536810339692,1980.0,-4108.019497186473
6079.498334566759,1980.0,-4240.285676533753
6131.459858793825,1980.0,-4638.408957044941
6183.421383020891,1980.0,-6261.330837951339
6235.3829072479575,1980.0,-6183.339476724788
6287.344431475024,1980.0,-1835.0815880944197
6339.305955702091,1980.0,-135.35848574368094
6391.267479929156,1980.0,-113.55843776222463
6443.229004156223,1980.0,-205.51087901903423
6495.190528383289,1980.0,-211.77992963900851
6547.152052610356,1980.0,-174.13924612140642
6599.1135768374215,1980.0,-36.80667262441595
6651.075101064488,1980.0,-24.910143873497802
6703.036625291555,1980.0,-2.8310785987377187
6754.99814951862,1980.0,-48.148385875328394
6806.959673745687,1980.0,-42.61446125109332
6858.921197972753,1980.0,-34.16639006935891
6910.88272219982,1980.0,29.201280746787468
6962.844246426886,1980.0,-25.269253102249625
7014.805770653952,1980.0,-26.881465322698986
7066.767294881019,1980.0,141.33563785986075
7118.728819108085,1980.0,106.95947217785229
7170.690343335151,1980.0,129.27176131127362
7222.651867562217,1980.0,-2931.588343532701
7274.613391789284,1980.0,-2456.1461591168722
7326.5749160163505,1980.0,-2399.207410697477
7378.536440243416,1980.0,-2399.226108812641
7430.497964470483,1980.0,-2427.579383084146
7482.459488697549,1980.0,-2464.5468208467682
7534.421012924616,1980.0,-2501.7124776730907
7586.382537151681,1980.0,-2533.932615476492
7638.344061378748,1980.0,-2563.5779609965684
7690.3055856058145,1980.0,-2592.8063270284683
7742.267109832881,1980.0,-2623.9632841795456
7794.228634059947,1980.0,-2655.8898976672695
7846.190158287013,1980.0,-2687.8990294817977
7898.15168251408,1980.0,-2720.135131214098
7950.113206741146,1980.0,-2756.4850840704385
8002.074730968212,1980.0,-2795.950653952057
8054.0362551952785,1980.0,-2836.050079637347
8105.997779422345,1980.0,-2876.9563122926
8157.959303649412,1980.0,-2919.371726903829
8209.920827876478,1980.0,-2965.4073963275396
8261.882352103545,1980.0,-3017.711027276998
8313.84387633061,1980.0,-3089.0098469650475
8365.805400557676,1980.0,-3238.6871216182903
8417.766924784743,1980.0,-3600.157935425194
8469.728449011809,1980.0,-3662.197025805277
8521.689973238876,1980.0,-1564.4643169975159
8573.651497465942,1980.0,-1751.114466468092
8625.613021693009,1980.0,-5688.073171081693
8677.574545920073,1980.0,-5088.3972878159475
8729.53607014714,1980.0,-2119.241653925175
8781.497594374207,1980.0,-2269.136533192469
8833.459118601273,1980.0,-2477.5433953426477
8885.42064282834,1980.0,-2011.9279633684862
8937.382167055406,1980.0,-2193.258295109521
8989.343691282473,1980.0,-2180.1446920927415
9041.30521550954,1980.0,-2205.302373324619
9093.266739736604,1980.0,-2136.598443606944
9145.22826396367,1980.0,-2180.859712456437
9197.189788190737,1980.0,-6527.139000384397
9249.151312417804,1980.0,-1637.731228914898
9301.11283664487,1980.0,-1704.7029262216417
9353.074360871937,1980.0,-2163.780750684395
9405.035885099003,1980.0,-2281.5782232798374
9456.99740932607,1980.0,-3748.4370727615933
9508.958933553135,1980.0,-3651.959716426033
9560.920457780201,1980.0,-3241.2980421629936
9612.881982007268,1980.0,-3028.5876249534385
9664.843506234334,1980.0,-2926.9324369189017
9716.8050304614,1980.0,-2849.3320697837235
9768.766554688467,1980.0,-2779.1801234112963
9820.728078915534,1980.0,-2711.86531958071
9872.6896031426,1980.0,-2647.7534317930194
9924.651127369665,1980.0,-2585.929125678007
9976.612651596732,1980.0,-2529.477926212754
10028.574175823798,1980.0,-2478.8991679439314
10080.535700050865,1980.0,-2436.694109825329
10132.497224277931,1980.0,-2402.330101443157
10184.458748504998,1980.0,-2374.0424829281756
10236.420272732064,1980.0,-2352.332016517129
10288.38179695913,1980.0,-2338.383097770986
10340.343321186196,1980.0,-2311.0730097391097
25.980762113533157,2025.0,-1990.6055723268687
77.94228634059947,2025.0,-1991.7946272459853
129.90381056766577,2025.0,-2012.890732285212
181.8653347947321,2025.0,-2034.0257455879446
233.8268590217984,2025.0,-2050.5887639833054
285.7883832488647,2025.0,-2057.548932410505
337.749907475931,2025.0,-2049.42210182641
389.71143170299734,2025.0,-2022.5616610927877
441.67295593006367,2025.0,-1987.6760106858521
493.63448015713,2025.0,-1953.9112626439037
545.5960043841962,2025.0,-1914.6359201279884
597.5575286112626,2025.0,-2089.0123900902468
649.5190528383289,2025.0,104.64663649578245
701.4805770653952,2025.0,-2286.4298941626557
753.4421012924615,2025.0,2728.6753863282393
805.4036255195278,2025.0,2187.740497568422
857.3651497465942,2025.0,617.2152148150119
909.3266739736605,2025.0,437.6556783893035
961.2881982007268,2025.0,425.76672491231045
1013.2497224277931,2025.0,520.8020733462558
1065.2112466548592,2025.0,575.2710559021374
1117.1727708819255,2025.0,474.2183500907811
1169.1342951089919,2025.0,309.4034937914357
1221.0958193360582,2025.0,201.2291062624622
1273.0573435631245,2025.0,-1.7349548855830221
1325.0188677901908,2025.0,-82.83926366808383
1376.9803920172571,2025.0,-123.5672844476961
1428.9419162443235,2025.0,-97.64002839303643
1480.9034404713898,2025.0,-15.605476452815918
1532.864964698456,2025.0,-9.797363055328788
1584.8264889255224,2025.0,9.221787656581284
1636.7880131525887,2025.0,-873.975166599841
1688.749537379655,2025.0,-1053.7339394242658
1740.7110616067214,2025.0,-1326.0340333284978
1792.6725858337877,2025.0,-1670.1229052213907
1844.634110060854,2025.0,-2023.9550721390503
1896.5956342879203,2025.0,-2371.965845916482
1948.5571585149867,2025.0,-2711.844883451842
2000.518682742053,2025.0,-3054.523765661908
2052.4802069691195,2025.0,-3427.44798849595
2104.4417311961856,2025.0,-3906.0650895371577
2156.403255423252,2025.0,-4848.633945255851
2208.3647796503183,2025.0,-6287.396483250469
2260.326303877385,2025.0,-2876.1857535978047
2312.287828104451,2025.0,2619.496296909423
2364.2493523315175,2025.0,2411.5586631600936
2416.2108765585835,2025.0,1832.9668296120497
2468.17240078565,2025.0,1557.2203716681565
2520.133925012716,2025.0,1277.661088857922
2572.0954492397827,2025.0,996.2495839546791
2624.056973466849,2025.0,693.028764107286
2676.0184976939154,2025.0,445.6757833426626
2727.9800219209815,2025.0,57.9022338192456
2779.941546148048,2025.0,25.40042828293943
2831.903070375114,2025.0,-149.3173397941179
2883.8645946021807,2025.0,-191.79283522369394
2935.8261188292468,2025.0,-595.9072023686011
2987.7876430563133,2025.0,-792.6574727429295
3039.7491672833794,2025.0,-1025.5052715873276
3091.710691510446,2025.0,-1225.1985802014515
3143.672215737512,2025.0,-1395.555168447198
3195.6337399645786,2025.0,-1548.057276255807
3247.5952641916447,2025.0,-1692.0358914131043
3299.556788418711,2025.0,-1833.6204470909834
3351.5183126457773,2025.0,-1980.1742130283208
3403.4798368728434,2025.0,-2132.1854956966995
3455.44136109991,2025.0,-2289.867836905207
3507.402885326976,2025.0,-2448.3833929378525
3559.3644095540426,2025.0,-2606.02935946493
3611.3259337811087,2025.0,-2764.220716635581
3663.2874580081752,2025.0,-2922.286112167735
3715.2489822352413,2025.0,-3081.69827255101
3767.210506462308,2025.0,-3247.9123342016146
3819.172030689374,2025.0,-3378.6722068636573
3871.1335549164405,2025.0,-3273.632110595968
3923.0950791435066,2025.0,-3273.8715171947442
3975.056603370573,2025.0,-3323.6485046612524
4027.0181275976392,2025.0,-3598.0575132903887
4078.979651824706,2025.0,-3669.8129711700767
4130.941176051772,2025.0,-3659.975111688291
4182.902700278838,2025.0,-3626.5188478207965
4234.8642245059045,2025.0,-3600.833173560515
4286.825748732971,2025.0,-3586.949643567894
4338.787272960038,2025.0,-3599.2704723318184
4390.748797187103,2025.0,-3621.5723881566673
4442.71032141417,2025.0,-3644.1513794760235
4494.671845641236,2025.0,-3663.5470814151763
4546.633369868303,2025.0,-3679.597528966914
4598.5948940953685,2025.0,-3690.983823683183
4650.556418322435,2025.0,-3698.4906182314053
4702.517942549502,2025.0,-3701.0015725605995
4754.479466776568,2025.0,-3704.1702497359393
4806.440991003634,2025.0,-3706.958242576754
4858.4025152307,2025.0,-3709.2486452576472
4910.364039457767,2025.0,-3708.9288133618575
4962.3255636848335,2025.0,-3708.9997536557066
5014.287087911899,2025.0,-3710.1048802307314
5066.248612138966,2025.0,-3707.8798095960533
5118.210136366032,2025.0,-3705.815364331706
5170.171660593098,2025.0,-3707.3412899583236
5222.133184820164,2025.0,-3710.506246851003
5274.094709047231,2025.0,-3715.545504672912
5326.0562332742975,2025.0,-3721.4592804958497
5378.017757501363,2025.0,-3728.3391252670554
5429.97928172843,2025.0,-3736.324879010249
5481.940805955496,2025.0,-3743.285485855139
5533.902330182563,2025.0,-3750.5251087656284
5585.863854409628,2025.0,-3757.77224274112
5637.825378636695,2025.0,-3762.2980627633387
5689.7869028637615,2025.0,-3764.1786712130224
5741.748427090828,2025.0,-3759.1844001631
5793.709951317894,2025.0,-3748.153342817509
5845.67147554496,2025.0,-3726.355892053606
5897.632999772027,2025.0,-3689.3567642478292
5949.594523999093,2025.0,-3635.398517433412
6001.556048226159,2025.0,-3551.7593163347665
6053.5175724532255,2025.0,-3420.007131284072
6105.479096680292,2025.0,-3205.534605810094
6157.440620907359,2025.0,-3355.0562252118125
6209.402145134424,2025.0,-51.32683076227727
6261.363669361491,2025.0,-23.659354743758172
6313.325193588557,2025.0,-19.741475794150382
6365.286717815624,2025.0,-46.605705617829926
6417.2482420426895,2025.0,-31.888060022725014
6469.209766269756,2025.0,-12.30556071621939
6521.171290496823,2025.0,46.72806226408713
6573.132814723889,2025.0,43.84419785383011
6625.094338950955,2025.0,-50.013634785898034
6677.055863178021,2025.0,-14.833674801011131
6729.017387405088,2025.0,-26.279835452484836
6780.9789116321535,2025.0,22.111181714517542
6832.94043585922,2025.0,121.31096191183937
6884.901960086287,2025.0,143.5404455131128
6936.863484313353,2025.0,169.7909108357689
6988.825008540419,2025.0,25.173237688126036
7040.786532767485,2025.0,33.641150934609186
7092.748056994552,2025.0,35.51655064996506
7144.7095812216185,2025.0,106.89458894785835
7196.671105448684,2025.0,-6384.082647018711
7248.632629675751,2025.0,-3200.457735030611
7300.594153902817,2025.0,-2205.4355431491895
7352.555678129884,2025.0,-2099.1813288411795
7404.517202356949,2025.0,-2164.8539445922197
7456.478726584016,2025.0,-2244.3834804614207
7508.4402508110825,2025.0,-2309.0064739475492
7560.401775038149,2025.0,-2363.3932308019967
7612.363299265215,2025.0,-2410.913815272389
7664.324823492281,2025.0,-2456.4495908245376
7716.286347719348,2025.0,-2500.7407691104186
7768.247871946414,2025.0,-2546.8378170633055
7820.20939617348,2025.0,-2591.199889196858
7872.1709204005465,2025.0,-2634.768660652384
7924.132444627613,2025.0,-2677.556182429873
7976.09396885468,2025.0,-2722.2839965392486
8028.055493081745,2025.0,-2769.0666569678488
8080.017017308812,2025.0,-2815.408043945915
8131.978541535878,2025.0,-2862.4625660295005
8183.940065762945,2025.0,-2911.2307199093175
8235.901589990011,2025.0,-2965.194672226521
8287.863114217078,2025.0,-3028.6264754576796
8339.824638444143,2025.0,-3120.135937338644
8391.78616267121,2025.0,-3337.1137222246643
8443.747686898276,2025.0,-3640.760546313243
8495.709211125342,2025.0,-3708.454308875983
8547.670735352409,2025.0,-1698.3465508727759
8599.632259579475,2025.0,-1837.8267291212228
8651.593783806542,2025.0,-5606.446471416468
8703.555308033607,2025.0,-5908.738518458243
8755.516832260673,2025.0,-6388.09987309085
8807.47835648774,2025.0,-6372.704917668009
8859.439880714806,2025.0,-2118.678234769504
8911.401404941873,2025.0,-2090.087072174641
8963.36292916894,2025.0,-2079.899753087097
9015.324453396006,2025.0,-2052.4000684958614
9067.285977623073,2025.0,-2432.4339245086744
9119.247501850137,2025.0,-2393.990103982007
9171.209026077204,2025.0,-2032.4504254125418
9223.17055030427,2025.0,-1971.0150639803264
9275.132074531337,2025.0,-1935.2515211276618
9327.093598758403,2025.0,-2087.439151569197
9379.05512298547,2025.0,-2028.8381097035935
9431.016647212537,2025.0,-2898.874185439089
9482.978171439603,2025.0,-3606.936731611783
9534.939695666668,2025.0,-3240.7332316061056
9586.901219893734,2025.0,-3038.7091341568776
9638.862744120801,2025.0,-2936.9913772741575
9690.824268347867,2025.0,-2853.5662782334366
9742.785792574934,2025.0,-2773.8452912708135
9794.747316802,2025.0,-2693.771493182052
9846.708841029067,2025.0,-2612.475958822762
9898.670365256134,2025.0,-2533.536526489738
9950.631889483198,2025.0,-2458.791678100384
10002.593413710265,2025.0,-2389.5405053959294
10054.554937937331,2025.0,-2328.8603721671616
10106.516462164398,2025.0,-2278.685216864201
10158.477986391465,2025.0,-2237.8436307566026
10210.439510618531,2025.0,-2206.7960773439063
10262.401034845598,2025.0,-2187.1035491312114
10314.362559072662,2025.0,-2176.8210558561377
10366.324083299729,2025.0,-2116.9014996447745
0.0,2070.0,-1853.9589527273197
51.96152422706631,2070.0,-1816.4928183005072
103.92304845413263,2070.0,-1836.2608038132662
155.88457268119893,2070.0,-1856.8262729891605
207.84609690826525,2070.0,-1873.4743263542807
259.80762113533154,2070.0,-1875.2314755444172
311.76914536239786,2070.0,-1849.9168484666648
363.7306695894642,2070.0,-1772.307914745384
415.6921938165305,2070.0,-1632.576589794173
467.6537180435968,2070.0,-1451.2490398595064
519.6152422706631,2070.0,-1320.6926295149551
571.5767664977294,2070.0,-1319.329174945246
623.5382907247957,2070.0,120.0528455999247
675.499814951862,2070.0,75.2615008885547
727.4613391789284,2070.0,-130.5624250454543
779.4228634059947,2070.0,15.191860101653958
831.384387633061,2070.0,603.5272046213081
883.3459118601273,2070.0,555.705690620036
935.3074360871937,2070.0,497.50093755414827
987.26896031426,2070.0,509.9685023905382
1039.2304845413262,2070.0,524.1437649775892
1091.1920087683925,2070.0,494.1921912765401
1143.1535329954588,2070.0,405.3004361685136
1195.1150572225251,2070.0,292.01994935929156
1247.0765814495915,2070.0,195.1312360644364
1299.0381056766578,2070.0,132.4270055713846
1350.999629903724,2070.0,-43.02947729124426
1402.9611541307904,2070.0,-79.49576604386907
1454.9226783578567,2070.0,-37.28890601456381
1506.884202584923,2070.0,-19.445343917569858
1558.8457268119894,2070.0,7.282962029035616
1610.8072510390557,2070.0,34.31196201509774
1662.768775266122,2070.0,10.077429453465658
1714.7302994931883,2070.0,-895.0697127894373
1766.6918237202547,2070.0,-1102.2210100788407
1818.653347947321,2070.0,-1466.4672022671425
1870.6148721743873,2070.0,-1904.596773034704
1922.5763964014536,2070.0,-2311.876419130537
1974.53792062852,2070.0,-2696.7177774632
2026.4994448555863,2070.0,-3071.1764846658484
2078.4609690826524,2070.0,-3484.3457999370703
2130.422493309719,2070.0,-4207.934963543719
2182.384017536785,2070.0,-6307.002915144296
2234.3455417638515,2070.0,-2930.9799495798334
2286.3070659909176,2070.0,2903.371154846255
2338.268590217984,2070.0,2547.0082994310956
2390.2301144450503,2070.0,1543.898245865987
2442.191638672117,2070.0,1435.6991771454364
2494.153162899183,2070.0,1274.7205730461515
2546.1146871262495,2070.0,1066.5046951559077
2598.0762113533156,2070.0,809.0296939961169
2650.037735580382,2070.0,531.9241144897015
2701.999259807448,2070.0,110.03937334227192
2753.9607840345147,2070.0,12.975091583763753
2805.922308261581,2070.0,-164.12530078604033
2857.8838324886474,2070.0,-163.41386645272405
2909.8453567157135,2070.0,-522.6805006783617
2961.80688094278,2070.0,-659.9952792407814
3013.768405169846,2070.0,-854.4431614027878
3065.7299293969127,2070.0,-1025.5165933678538
3117.6914536239788,2070.0,-1174.3484281163303
3169.6529778510453,2070.0,-1310.2740483820762
3221.6145020781114,2070.0,-1445.058170376031
3273.576026305178,2070.0,-1586.5908131132492
3325.537550532244,2070.0,-1744.1935565266735
3377.49907475931,2070.0,-1916.66684935265
3429.4605989863767,2070.0,-2100.0599341120383
3481.422123213443,2070.0,-2286.3523800572702
3533.3836474405093,2070.0,-2471.9223806423306
3585.3451716675754,2070.0,-2656.6352922333954
3637.306695894642,2070.0,-2838.2265158327164
3689.268220121708,2070.0,-3016.611347973283
3741.2297443487746,2070.0,-3197.715563075878
3793.1912685758407,2070.0,-3345.8881807454836
3845.1527928029072,2070.0,-3203.2970929657413
3897.1143170299733,2070.0,-3239.538121970806
3949.07584125704,2070.0,-3551.2835815232047
4001.037365484106,2070.0,-3631.8315565957173
4052.9988897111725,2070.0,-3668.381697466908
4104.960413938239,2070.0,-3658.642988528848
4156.921938165305,2070.0,-3652.528104242122
4208.883462392371,2070.0,-3640.8324566722176
4260.844986619438,2070.0,-3632.074360265523
4312.806510846504,2070.0,-3632.6663500301865
4364.76803507357,2070.0,-3641.333431717969
4416.7295593006365,2070.0,-3653.8662910137236
4468.691083527703,2070.0,-3665.860774360104
4520.65260775477,2070.0,-3676.935641538573
4572.614131981835,2070.0,-3687.2446363236877
4624.575656208902,2070.0,-3695.188309631596
4676.537180435968,2070.0,-3698.878635541879
4728.498704663035,2070.0,-3701.319897059946
4780.460228890101,2070.0,-3704.0433663765534
4832.421753117167,2070.0,-3706.5806346051904
4884.383277344234,2070.0,-3706.52979895067
4936.3448015713,2070.0,-3705.2643540857516
4988.306325798366,2070.0,-3705.3968553350096
5040.267850025432,2070.0,-3702.0508366389454
5092.229374252499,2070.0,-3699.0003642103766
5144.190898479565,2070.0,-3698.483135820169
5196.152422706631,2070.0,-3698.4026306340447
5248.113946933698,2070.0,-3699.666398897685
5300.075471160764,2070.0,-3701.358283796235
5352.03699538783,2070.0,-3701.555125082744
5403.998519614896,2070.0,-3701.7927336651005
5455.960043841963,2070.0,-3701.0006451454074
5507.9215680690295,2070.0,-3697.881278948402
5559.883092296095,2070.0,-3691.653604732289
5611.844616523162,2070.0,-3681.8606831085444
5663.806140750228,2070.0,-3666.8102965470453
5715.767664977295,2070.0,-3641.675060558199
5767.72918920436,2070.0,-3604.4366956258586
5819.690713431427,2070.0,-3548.348417985896
5871.6522376584935,2070.0,-3466.507046595867
5923.61376188556,2070.0,-3351.639551942657
5975.575286112626,2070.0,-3183.8064773256856
6027.536810339692,2070.0,-2925.9343514526054
6079.498334566759,2070.0,-2503.1673401928106
6131.459858793825,2070.0,-2118.499756503551
6183.421383020891,2070.0,-71.87814790993326
6235.3829072479575,2070.0,-27.395242994748685
6287.344431475024,2070.0,28.233170959448827
6339.305955702091,2070.0,14.022850322709843
6391.267479929156,2070.0,-1.3219249600675358
6443.229004156223,2070.0,4.538070386024529
6495.190528383289,2070.0,99.4630937293925
6547.152052610356,2070.0,59.725486226710245
6599.1135768374215,2070.0,44.518554186057976
6651.075101064488,2070.0,114.31523044016916
6703.036625291555,2070.0,121.91872087855018
6754.99814951862,2070.0,143.2509999229718
6806.959673745687,2070.0,170.86272854204265
6858.921197972753,2070.0,208.33225584704817
6910.88272219982,2070.0,247.93209746291518
6962.844246426886,2070.0,279.4935004320141
7014.805770653952,2070.0,102.83528474627448
7066.767294881019,2070.0,109.72910849362835
7118.728819108085,2070.0,37.50687333837121
7170.690343335151,2070.0,143.29058115990017
7222.651867562217,2070.0,-6385.185560189764
7274.613391789284,2070.0,-2586.138936095301
7326.5749160163505,2070.0,-1700.6984581380004
7378.536440243416,2070.0,-1786.7489194753416
7430.497964470483,2070.0,-1983.0211502248826
7482.459488697549,2070.0,-2097.79658523096
7534.421012924616,2070.0,-2173.40034594394
7586.382537151681,2070.0,-2237.4156125623103
7638.344061378748,2070.0,-2299.127431985958
7690.3055856058145,2070.0,-2359.1866222114386
7742.267109832881,2070.0,-2419.3787408275357
7794.228634059947,2070.0,-2477.3343898580238
7846.190158287013,2070.0,-2534.1698858399504
7898.15168251408,2070.0,-2589.961327990094
7950.113206741146,2070.0,-2644.7662735985796
8002.074730968212,2070.0,-2699.5020072026273
8054.0362551952785,2070.0,-2752.4939389098595
8105.997779422345,2070.0,-2806.1018231749335
8157.959303649412,2070.0,-2858.5107562492567
8209.920827876478,2070.0,-2913.606599691224
8261.882352103545,2070.0,-2979.4679952058495
8313.84387633061,2070.0,-3071.1608387399483
8365.805400557676,2070.0,-3267.796991731978
8417.766924784743,2070.0,-3646.1205383372326
8469.728449011809,2070.0,-3707.06973899935
8521.689973238876,2070.0,-1549.2039236616376
8573.651497465942,2070.0,-1603.1861137686
8625.613021693009,2070.0,-6017.062113858321
8677.574545920073,2070.0,-6347.972182845343
8729.53607014714,2070.0,-6289.43679592846
8781.497594374207,2070.0,-6207.505643615348
8833.459118601273,2070.0,-6314.051149228946
8885.42064282834,2070.0,-6386.923585690794
8937.382167055406,2070.0,-6285.4581650280215
8989.343691282473,2070.0,-6204.876415273331
9041.30521550954,2070.0,-6273.264704893116
9093.266739736604,2070.0,-6274.689183469676
9145.22826396367,2070.0,-6258.808345647341
9197.189788190737,2070.0,-6303.024011688316
9249.151312417804,2070.0,-6092.707273623004
9301.11283664487,2070.0,-5997.069540416254
9353.074360871937,2070.0,-6271.944318489946
9405.035885099003,2070.0,-3041.5163077098505
9456.99740932607,2070.0,-2980.8277510488424
9508.958933553135,2070.0,-3218.7902532211915
9560.920457780201,2070.0,-3053.3272241730056
9612.881982007268,2070.0,-2968.1262225489672
9664.843506234334,2070.0,-2880.98188789204
9716.8050304614,2070.0,-2788.5117655977747
9768.766554688467,2070.0,-2689.647439854605
9820.728078915534,2070.0,-2586.265158165529
9872.6896031426,2070.0,-2484.60763798877
9924.651127369665,2070.0,-2386.0150332104718
9976.612651596732,2070.0,-2294.419810010948
10028.574175823798,2070.0,-2212.2255722186414
10080.535700050865,2070.0,-2141.833095136649
10132.497224277931,2070.0,-2083.8503646462405
10184.458748504998,2070.0,-2041.1908954772034
10236.420272732064,2070.0,-2012.9762042669438
10288.38179695913,2070.0,-1998.5814524380298
10340.343321186196,2070.0,-1977.29926626409
25.980762113533157,2115.0,-1644.0672480724802
77.94228634059947,2115.0,-1648.9514977974172
129.90381056766577,2115.0,-1675.1588134519336
181.8653347947321,2115.0,-1702.4195502179932
233.8268590217984,2115.0,-1722.4350563408861
285.7883832488647,2115.0,-1716.1279852907096
337.749907475931,2115.0,-1648.9365355538566
389.71143170299734,2115.0,-1448.4147154742736
441.67295593006367,2115.0,-1181.116989394644
493.63448015713,2115.0,-1016.5407312712766
545.5960043841962,2115.0,53.22216588776647
597.5575286112626,2115.0,61.12479911535502
649.5190528383289,2115.0,61.114300977094274
701.4805770653952,2115.0,-81.47383630017633
753.4421012924615,2115.0,-57.22121022566072
805.4036255195278,2115.0,391.93404515361294
857.3651497465942,2115.0,500.61568038775806
909.3266739736605,2115.0,528.6501067936979
961.2881982007268,2115.0,535.2079675836392
1013.2497224277931,2115.0,538.023324548686
1065.2112466548592,2115.0,520.8742352180104
1117.1727708819255,2115.0,473.7483600484368
1169.1342951089919,2115.0,400.5473505932746
1221.0958193360582,2115.0,314.0977168808365
1273.0573435631245,2115.0,224.89746887280114
1325.0188677901908,2115.0,158.25583447834975
1376.9803920172571,2115.0,129.19619233130732
1428.9419162443235,2115.0,65.04023752631107
1480.9034404713898,2115.0,14.117891480280084
1532.864964698456,2115.0,-13.414834124207687
1584.8264889255224,2115.0,12.775025596374537
1636.7880131525887,2115.0,19.219225794701924
1688.749537379655,2115.0,-22.60688509585166
1740.7110616067214,2115.0,-1.8203164697110878
1792.6725858337877,2115.0,-978.0618722296904
1844.634110060854,2115.0,-1357.1656412837278
1896.5956342879203,2115.0,-1849.5461578897546
1948.5571585149867,2115.0,-2306.7437756066347
2000.518682742053,2115.0,-2725.0891788480494
2052.4802069691195,2115.0,-3095.5919275973056
2104.4417311961856,2115.0,-3450.776402094226
2156.403255423252,2115.0,-4079.9463104016486
2208.3647796503183,2115.0,-6159.624497700436
2260.326303877385,2115.0,4.942777068438659
2312.287828104451,2115.0,-56.28774327768093
2364.2493523315175,2115.0,240.11577694443807
2416.2108765585835,2115.0,1183.4972992888202
2468.17240078565,2115.0,1189.8274103087688
2520.133925012716,2115.0,1105.6711730135978
2572.0954492397827,2115.0,925.525510844406
2624.056973466849,2115.0,689.4967764179429
2676.0184976939154,2115.0,475.4328962557495
2727.9800219209815,2115.0,45.377776134067936
2779.941546148048,2115.0,-62.00467177764422
2831.903070375114,2115.0,-187.29316297176854
2883.8645946021807,2115.0,-208.75705992074745
2935.8261188292468,2115.0,-534.97238014547
2987.7876430563133,2115.0,-670.3544218725053
3039.7491672833794,2115.0,-823.3371210688409
3091.710691510446,2115.0,-950.1589269995878
3143.672215737512,2115.0,-1062.48569765769
3195.6337399645786,2115.0,-1174.5352119285583
3247.5952641916447,2115.0,-1304.0472428982962
3299.556788418711,2115.0,-1461.9491056384795
3351.5183126457773,2115.0,-1654.124506827169
3403.4798368728434,2115.0,-1867.0375668629872
3455.44136109991,2115.0,-2089.9298905732776
3507.402885326976,2115.0,-2311.0414360329637
3559.3644095540426,2115.0,-2527.515074278424
3611.3259337811087,2115.0,-2738.9865868547886
3663.2874580081752,2115.0,-2943.055418778199
3715.2489822352413,2115.0,-3143.753899258194
3767.210506462308,2115.0,-3300.2058325125176
3819.172030689374,2115.0,-3138.9032775217165
3871.1335549164405,2115.0,-3179.1677148973677
3923.0950791435066,2115.0,-3578.0505269208634
3975.056603370573,2115.0,-3670.4504463837065
4027.0181275976392,2115.0,-3667.376282280753
4078.979651824706,2115.0,-3666.4614207519226
4130.941176051772,2115.0,-3664.271676421936
4182.902700278838,2115.0,-3661.695953889205
4234.8642245059045,2115.0,-3657.455309983942
4286.825748732971,2115.0,-3654.6042294734243
4338.787272960038,2115.0,-3655.6359817928615
4390.748797187103,2115.0,-3661.864347608387
4442.71032141417,2115.0,-3669.801713042184
4494.671845641236,2115.0,-3677.0690934260324
4546.633369868303,2115.0,-3683.4522043040515
4598.5948940953685,2115.0,-3690.9214504781194
4650.556418322435,2115.0,-3696.3173940970746
4702.517942549502,2115.0,-3699.8292496162385
4754.479466776568,2115.0,-3700.1182663919553
4806.440991003634,2115.0,-3701.71718387503
4858.4025152307,2115.0,-3701.5360985754996
4910.364039457767,2115.0,-3700.1069556813372
4962.3255636848335,2115.0,-3698.7265590415473
5014.287087911899,2115.0,-3697.88371695763
5066.248612138966,2115.0,-3694.512899802109
5118.210136366032,2115.0,-3690.2406888132173
5170.171660593098,2115.0,-3688.9382376587055
5222.133184820164,2115.0,-3686.817562127151
5274.094709047231,2115.0,-3684.444578216968
5326.0562332742975,2115.0,-3682.395630188832
5378.017757501363,2115.0,-3676.3193875687534
5429.97928172843,2115.0,-3669.3617832061746
5481.940805955496,2115.0,-3660.309040714891
5533.902330182563,2115.0,-3646.650835630322
5585.863854409628,2115.0,-3624.5920618867217
5637.825378636695,2115.0,-3595.901788811513
5689.7869028637615,2115.0,-3558.108263767713
5741.748427090828,2115.0,-3504.7851601547027
5793.709951317894,2115.0,-3430.864141856253
5845.67147554496,2115.0,-3325.893129393902
5897.632999772027,2115.0,-3179.018201926856
5949.594523999093,2115.0,-2974.847117365027
6001.556048226159,2115.0,-2681.5503807945406
6053.5175724532255,2115.0,-2244.5593518918145
6105.479096680292,2115.0,-1678.2914386466887
6157.440620907359,2115.0,-120.48389749542548
6209.402145134424,2115.0,-76.84359189444794
6261.363669361491,2115.0,-15.633176561007247
6313.325193588557,2115.0,0.7847471685657865
6365.286717815624,2115.0,-0.8544921481381991
6417.2482420426895,2115.0,115.04859316253962
6469.209766269756,2115.0,143.9929304078148
6521.171290496823,2115.0,164.89878882791015
6573.132814723889,2115.0,172.38520863697238
6625.094338950955,2115.0,174.2824203144578
6677.055863178021,2115.0,188.94797097140042
6729.017387405088,2115.0,214.12197399393534
6780.9789116321535,2115.0,244.69910305136042
6832.94043585922,2115.0,289.57809756860144
6884.901960086287,2115.0,342.6705601466516
6936.863484313353,2115.0,400.70718142134274
6988.825008540419,2115.0,533.9755444876756
7040.786532767485,2115.0,879.0023257820992
7092.748056994552,2115.0,2615.92728409498
7144.7095812216185,2115.0,3015.28829269153
7196.671105448684,2115.0,187.1861673409109
7248.632629675751,2115.0,177.9179465650513
7300.594153902817,2115.0,215.9682592644386
7352.555678129884,2115.0,-1433.3954670120002
7404.517202356949,2115.0,-1718.7168473729294
7456.478726584016,2115.0,-1897.372881216392
7508.4402508110825,2115.0,-1977.3944418350304
7560.401775038149,2115.0,-2044.9037434272436
7612.363299265215,2115.0,-2119.0279850240186
7664.324823492281,2115.0,-2196.8232782129808
7716.286347719348,2115.0,-2274.6837017172243
7768.247871946414,2115.0,-2350.004971273831
7820.20939617348,2115.0,-2422.5827312854535
7872.1709204005465,2115.0,-2491.764804789897
7924.132444627613,2115.0,-2559.6799266041176
7976.09396885468,2115.0,-2624.3160228606985
8028.055493081745,2115.0,-2686.62923149127
8080.017017308812,2115.0,-2746.3474840465137
8131.978541535878,2115.0,-2805.248079252294
8183.940065762945,2115.0,-2864.426974656553
8235.901589990011,2115.0,-2930.328041802212
8287.863114217078,2115.0,-3025.9650519387887
8339.824638444143,2115.0,-3243.149486121466
8391.78616267121,2115.0,-3661.642397166208
8443.747686898276,2115.0,-3792.3928541469722
8495.709211125342,2115.0,-1690.3556695821335
8547.670735352409,2115.0,-1569.3974874809808
8599.632259579475,2115.0,-6503.525898589029
8651.593783806542,2115.0,-6487.710851642744
8703.555308033607,2115.0,-6186.122512494826
8755.516832260673,2115.0,-6079.995022890255
8807.47835648774,2115.0,-6351.096847188293
8859.439880714806,2115.0,-6726.497322268671
8911.401404941873,2115.0,-6697.707875278623
8963.36292916894,2115.0,-6625.370469761718
9015.324453396006,2115.0,-6379.924542456881
9067.285977623073,2115.0,-6315.197738425745
9119.247501850137,2115.0,-6253.171472045263
9171.209026077204,2115.0,-6397.775138311088
9223.17055030427,2115.0,-6580.311363420036
9275.132074531337,2115.0,-6082.363620146103
9327.093598758403,2115.0,-5955.042040452959
9379.05512298547,2115.0,-4019.3589474544096
9431.016647212537,2115.0,-3212.8318370796405
9482.978171439603,2115.0,-3062.3042736401394
9534.939695666668,2115.0,-3029.769379791724
9586.901219893734,2115.0,-3014.676266014083
9638.862744120801,2115.0,-2949.0976101676206
9690.824268347867,2115.0,-2846.185199447694
9742.785792574934,2115.0,-2720.4067973099313
9794.747316802,2115.0,-2587.5131656700223
9846.708841029067,2115.0,-2453.597217918329
9898.670365256134,2115.0,-2323.2344878758286
9950.631889483198,2115.0,-2199.635067772916
10002.593413710265,2115.0,-2088.9918052462635
10054.554937937331,2115.0,-1993.0860327264006
10106.516462164398,2115.0,-1912.637168715017
10158.477986391465,2115.0,-1850.5970881529288
10210.439510618531,2115.0,-1809.4693846703342
10262.401034845598,2115.0,-1786.788723061539
10314.362559072662,2115.0,-1784.1236528760553
10366.324083299729,2115.0,-1747.5106107292206
0.0,2160.0,-1461.2240554834318
51.96152422706631,2160.0,-1443.433444179448
103.92304845413263,2160.0,-1474.0024766381434
155.88457268119893,2160.0,-1515.39337294403
207.84609690826525,2160.0,-1563.2051407389065
259.80762113533154,2160.0,-1610.8395367406692
311.76914536239786,2160.0,-1638.7625849571941
363.7306695894642,2160.0,-1554.6068367350085
415.6921938165305,2160.0,-1274.1090214138417
467.6537180435968,2160.0,107.44741287056976
519.6152422706631,2160.0,27.026938198144265
571.5767664977294,2160.0,16.138562906946618
623.5382907247957,2160.0,75.30408828985128
675.499814951862,2160.0,-33.74781230343271
727.4613391789284,2160.0,-27.60044385581326
779.4228634059947,2160.0,280.7676006879302
831.384387633061,2160.0,409.9678235523994
883.3459118601273,2160.0,511.8585364048531
935.3074360871937,2160.0,554.9285037858193
987.26896031426,2160.0,567.6559753976494
1039.2304845413262,2160.0,561.377329961176
1091.1920087683925,2160.0,532.2036784642264
1143.1535329954588,2160.0,484.8290487009087
1195.1150572225251,2160.0,423.0424759309428
1247.0765814495915,2160.0,352.63637271634764
1299.0381056766578,2160.0,279.89051803373854
1350.999629903724,2160.0,214.14895448543854
1402.9611541307904,2160.0,167.14160346805434
1454.9226783578567,2160.0,123.12627139466488
1506.884202584923,2160.0,-50.502382765153385
1558.8457268119894,2160.0,-44.847826103969496
1610.8072510390557,2160.0,-13.848882253608224
1662.768775266122,2160.0,-3.1489680572948746
1714.7302994931883,2160.0,-19.285160641799802
1766.6918237202547,2160.0,35.982176071729555
1818.653347947321,2160.0,-907.8236763712798
1870.6148721743873,2160.0,-1308.8857347082062
1922.5763964014536,2160.0,-1847.9477000797528
1974.53792062852,2160.0,-2378.811230288135
2026.4994448555863,2160.0,-2831.0449744572225
2078.4609690826524,2160.0,-3150.763101982771
2130.422493309719,2160.0,-3260.790318449096
2182.384017536785,2160.0,-3256.241070962717
2234.3455417638515,2160.0,-23.18904343282619
2286.3070659909176,2160.0,28.339453576051596
2338.268590217984,2160.0,-83.93139951879795
2390.2301144450503,2160.0,172.1675307412471
2442.191638672117,2160.0,1165.10527013301
2494.153162899183,2160.0,1146.5669132782978
2546.1146871262495,2160.0,1010.1371683025142
2598.0762113533156,2160.0,851.492934055723
2650.037735580382,2160.0,656.6043179973735
2701.999259807448,2160.0,488.3549471392386
2753.9607840345147,2160.0,41.48326813060844
2805.922308261581,2160.0,-20.096223452234867
2857.8838324886474,2160.0,-247.60039475768662
2909.8453567157135,2160.0,-199.0076670370895
2961.80688094278,2160.0,-511.83801930302945
3013.768405169846,2160.0,-614.5507895290149
3065.7299293969127,2160.0,-722.1422375294553
3117.6914536239788,2160.0,-805.7016784799437
3169.6529778510453,2160.0,-882.5969209921711
3221.6145020781114,2160.0,-975.744645383866
3273.576026305178,2160.0,-1113.1220692828456
3325.537550532244,2160.0,-1319.9715934010576
3377.49907475931,2160.0,-1575.3972434592845
3429.4605989863767,2160.0,-1845.6127449577505
3481.422123213443,2160.0,-2113.052946789323
3533.3836474405093,2160.0,-2371.807142865853
3585.3451716675754,2160.0,-2620.13523338546
3637.306695894642,2160.0,-2855.5274336487696
3689.268220121708,2160.0,-3084.062181969854
3741.2297443487746,2160.0,-3258.6190494556167
3793.1912685758407,2160.0,-3070.902031460876
3845.1527928029072,2160.0,-3114.0650165382367
3897.1143170299733,2160.0,-3564.8660237481217
3949.07584125704,2160.0,-3669.853257929738
4001.037365484106,2160.0,-3666.497401843163
4052.9988897111725,2160.0,-3667.9564901315653
4104.960413938239,2160.0,-3669.252132709661
4156.921938165305,2160.0,-3669.009836305646
4208.883462392371,2160.0,-3668.6944320336315
4260.844986619438,2160.0,-3666.767146504144
4312.806510846504,2160.0,-3666.490554052786
4364.76803507357,2160.0,-3669.8546767871926
4416.7295593006365,2160.0,-3673.9130279990522
4468.691083527703,2160.0,-3679.240417547787
4520.65260775477,2160.0,-3683.705554928235
4572.614131981835,2160.0,-3689.991265074388
4624.575656208902,2160.0,-3695.001283599927
4676.537180435968,2160.0,-3698.9425972541612
4728.498704663035,2160.0,-3698.9662758673285
4780.460228890101,2160.0,-3699.1989382022357
4832.421753117167,2160.0,-3697.672375352754
4884.383277344234,2160.0,-3695.4620155007915
4936.3448015713,2160.0,-3693.1810382104068
4988.306325798366,2160.0,-3691.8398333286523
5040.267850025432,2160.0,-3688.521599623048
5092.229374252499,2160.0,-3684.157405846936
5144.190898479565,2160.0,-3681.2698640053127
5196.152422706631,2160.0,-3677.978244901804
5248.113946933698,2160.0,-3673.6095680325225
5300.075471160764,2160.0,-3667.0557267822096
5352.03699538783,2160.0,-3658.893736067428
5403.998519614896,2160.0,-3649.002196552205
5455.960043841963,2160.0,-3635.6320940961486
5507.9215680690295,2160.0,-3616.1339182894817
5559.883092296095,2160.0,-3588.002566029021
5611.844616523162,2160.0,-3552.650970770668
5663.806140750228,2160.0,-3506.2270442903473
5715.767664977295,2160.0,-3444.6781246205173
5767.72918920436,2160.0,-3362.36549988786
5819.690713431427,2160.0,-3248.236563605401
5871.6522376584935,2160.0,-3092.640243679709
5923.61376188556,2160.0,-2879.5360022889918
5975.575286112626,2160.0,-2586.1054558016904
6027.536810339692,2160.0,-2179.409024051596
6079.498334566759,2160.0,-1628.6231205090971
6131.459858793825,2160.0,-1199.6274306325354
6183.421383020891,2160.0,-76.10054890471906
6235.3829072479575,2160.0,-99.46863351392774
6287.344431475024,2160.0,-52.12339569596587
6339.305955702091,2160.0,34.654038671866026
6391.267479929156,2160.0,143.28571284159995
6443.229004156223,2160.0,184.2539087869059
6495.190528383289,2160.0,221.85677288713322
6547.152052610356,2160.0,243.23651792962846
6599.1135768374215,2160.0,258.12562392245604
6651.075101064488,2160.0,279.214600509267
6703.036625291555,2160.0,305.25275394386813
6754.99814951862,2160.0,332.2297851867257
6806.959673745687,2160.0,368.8409995999699
6858.921197972753,2160.0,417.1040533742837
6910.88272219982,2160.0,479.85939131833715
6962.844246426886,2160.0,579.7118641023663
7014.805770653952,2160.0,802.1269109762898
7066.767294881019,2160.0,1081.880958367788
7118.728819108085,2160.0,2400.318048303942
7170.690343335151,2160.0,-2.7982976064951686
7222.651867562217,2160.0,188.48735967180374
7274.613391789284,2160.0,206.67698956594637
7326.5749160163505,2160.0,250.85934870801708
7378.536440243416,2160.0,-2157.2389396824
7430.497964470483,2160.0,-1866.1219942064172
7482.459488697549,2160.0,-1814.4022372498725
7534.421012924616,2160.0,-1836.871242966173
7586.382537151681,2160.0,-1910.7067835212767
7638.344061378748,2160.0,-2006.1378306643908
7690.3055856058145,2160.0,-2104.9801939170493
7742.267109832881,2160.0,-2201.0367660863267
7794.228634059947,2160.0,-2293.430741784635
7846.190158287013,2160.0,-2380.353554506415
7898.15168251408,2160.0,-2463.447143409242
7950.113206741146,2160.0,-2544.2244179957943
8002.074730968212,2160.0,-2619.216594795479
8054.0362551952785,2160.0,-2690.3796445625076
8105.997779422345,2160.0,-2757.045521132653
8157.959303649412,2160.0,-2821.7193753662696
8209.920827876478,2160.0,-2885.972253812383
8261.882352103545,2160.0,-2968.9348146409548
8313.84387633061,2160.0,-3141.45434116324
8365.805400557676,2160.0,-3583.8916731531435
8417.766924784743,2160.0,-3746.3825823270054
8469.728449011809,2160.0,-1887.7391711161358
8521.689973238876,2160.0,-1440.4274198256535
8573.651497465942,2160.0,-6102.985147391186
8625.613021693009,2160.0,-6123.13094923647
8677.574545920073,2160.0,-5954.300150836256
8729.53607014714,2160.0,-5923.704806931064
8781.497594374207,2160.0,-5983.3639648875
8833.459118601273,2160.0,-6148.935579288151
8885.42064282834,2160.0,-6237.951758844613
8937.382167055406,2160.0,-6204.987027222642
8989.343691282473,2160.0,-6099.6134615084065
9041.30521550954,2160.0,-5964.485527145138
9093.266739736604,2160.0,-5877.351751827142
9145.22826396367,2160.0,-5815.474312725895
9197.189788190737,2160.0,-5801.1528342549855
9249.151312417804,2160.0,-5542.366324984701
9301.11283664487,2160.0,-5072.504750082528
9353.074360871937,2160.0,-4355.595396926341
9405.035885099003,2160.0,-4029.6607780449967
9456.99740932607,2160.0,-3706.604412007447
9508.958933553135,2160.0,-3092.0660439754
9560.920457780201,2160.0,-2970.924363432646
9612.881982007268,2160.0,-3019.640451665492
9664.843506234334,2160.0,-2951.1164352810865
9716.8050304614,2160.0,-2806.565579315483
9768.766554688467,2160.0,-2630.7368883715217
9820.728078915534,2160.0,-2453.190612881442
9872.6896031426,2160.0,-2278.0979188592673
9924.651127369665,2160.0,-2113.5783003499564
9976.612651596732,2160.0,-1964.8222324746894
10028.574175823798,2160.0,-1834.8109579663073
10080.535700050865,2160.0,-1726.367090748543
10132.497224277931,2160.0,-1639.9596053004639
10184.458748504998,2160.0,-1579.3872875593615
10236.420272732064,2160.0,-1544.5501229518964
10288.38179695913,2160.0,-1536.1153485661139
10340.343321186196,2160.0,-1536.6758352110814
25.980762113533157,2205.0,-1222.3552926194911
77.94228634059947,2205.0,-1242.5309078285134
129.90381056766577,2205.0,-1293.9414977907186
181.8653347947321,2205.0,-1365.1496603878081
233.8268590217984,2205.0,-1459.356943627798
285.7883832488647,2205.0,-1597.3810937634942
337.749907475931,2205.0,-1817.5498846261426
389.71143170299734,2205.0,-2333.6105429852487
441.67295593006367,2205.0,159.5862971918682
493.63448015713,2205.0,105.19603098056217
545.5960043841962,2205.0,32.27793867095905
597.5575286112626,2205.0,-104.61688276500237
649.5190528383289,2205.0,-98.56753067750299
701.4805770653952,2205.0,-63.90099372964893
753.4421012924615,2205.0,266.181902448123
805.4036255195278,2205.0,384.2978329088711
857.3651497465942,2205.0,502.0727009910287
909.3266739736605,2205.0,569.5448971089986
961.2881982007268,2205.0,602.7986898668369
1013.2497224277931,2205.0,609.3879154720448
1065.2112466548592,2205.0,595.0665885584293
1117.1727708819255,2205.0,561.1010468050981
1169.1342951089919,2205.0,516.4874348485654
1221.0958193360582,2205.0,461.97653632783624
1273.0573435631245,2205.0,401.9987356579825
1325.0188677901908,2205.0,339.00112863601214
1376.9803920172571,2205.0,274.7336159932379
1428.9419162443235,2205.0,201.8932354313124
1480.9034404713898,2205.0,135.11953937660923
1532.864964698456,2205.0,-61.99594699104519
1584.8264889255224,2205.0,-11.24307215664939
1636.7880131525887,2205.0,-56.61422157872071
1688.749537379655,2205.0,-52.123473795049485
1740.7110616067214,2205.0,36.39178453374865
1792.6725858337877,2205.0,47.99887209599359
1844.634110060854,2205.0,-912.0147311630337
1896.5956342879203,2205.0,-1325.68350055866
1948.5571585149867,2205.0,-1954.7264977007408
2000.518682742053,2205.0,-2627.2098653413263
2052.4802069691195,2205.0,-3143.5245325456226
2104.4417311961856,2205.0,-3418.330675282701
2156.403255423252,2205.0,-3291.9967529330806
2208.3647796503183,2205.0,-2959.075224147139
2260.326303877385,2205.0,-1.9883720626880859
2312.287828104451,2205.0,62.650020019366444
2364.2493523315175,2205.0,-23.27615957751928
2416.2108765585835,2205.0,2427.2255788070443
2468.17240078565,2205.0,1280.0138724342742
2520.133925012716,2205.0,1093.855071848294
2572.0954492397827,2205.0,954.724342354659
2624.056973466849,2205.0,832.568808725941
2676.0184976939154,2205.0,691.6730235234903
2727.9800219209815,2205.0,552.6681731311069
2779.941546148048,2205.0,60.2506504148961
2831.903070375114,2205.0,-10.987956388699198
2883.8645946021807,2205.0,-198.82398702282822
2935.8261188292468,2205.0,-162.4456251602502
2987.7876430563133,2205.0,-466.27470879939085
3039.7491672833794,2205.0,-532.1004583879452
3091.710691510446,2205.0,-601.6082521842377
3143.672215737512,2205.0,-652.6876474858536
3195.6337399645786,2205.0,-705.537501352044
3247.5952641916447,2205.0,-794.1998761308631
3299.556788418711,2205.0,-940.6864752177141
3351.5183126457773,2205.0,-1198.481905639827
3403.4798368728434,2205.0,-1536.3157877565836
3455.44136109991,2205.0,-1866.8026205078477
3507.402885326976,2205.0,-2181.1575869794424
3559.3644095540426,2205.0,-2475.5229346016863
3611.3259337811087,2205.0,-2751.1011248004056
3663.2874580081752,2205.0,-3014.9618138109954
3715.2489822352413,2205.0,-3212.921398238802
3767.210506462308,2205.0,-2995.811601400768
3819.172030689374,2205.0,-3042.9284090883507
3871.1335549164405,2205.0,-3549.169075300503
3923.0950791435066,2205.0,-3669.644915121011
3975.056603370573,2205.0,-3670.805754752736
4027.0181275976392,2205.0,-3673.4566608081054
4078.979651824706,2205.0,-3676.4972987654414
4130.941176051772,2205.0,-3677.5172699777604
4182.902700278838,2205.0,-3676.3059840052774
4234.8642245059045,2205.0,-3676.7823483697534
4286.825748732971,2205.0,-3676.9128292647974
4338.787272960038,2205.0,-3677.9734387156427
4390.748797187103,2205.0,-3679.498722405751
4442.71032141417,2205.0,-3680.8391101165494
4494.671845641236,2205.0,-3683.078981974654
4546.633369868303,2205.0,-3686.0544014916313
4598.5948940953685,2205.0,-3690.837219980219
4650.556418322435,2205.0,-3694.745770610576
4702.517942549502,2205.0,-3697.4903682544327
4754.479466776568,2205.0,-3696.548540947254
4806.440991003634,2205.0,-3696.0753424381155
4858.4025152307,2205.0,-3693.1707599452084
4910.364039457767,2205.0,-3689.9008553832846
4962.3255636848335,2205.0,-3685.9277946513057
5014.287087911899,2205.0,-3683.4328960381035
5066.248612138966,2205.0,-3679.0823173837343
5118.210136366032,2205.0,-3674.4955766668927
5170.171660593098,2205.0,-3670.0056353872715
5222.133184820164,2205.0,-3664.8043289894767
5274.094709047231,2205.0,-3658.0800763703114
5326.0562332742975,2205.0,-3647.1262228113883
5378.017757501363,2205.0,-3634.627842630434
5429.97928172843,2205.0,-3619.4826564464647
5481.940805955496,2205.0,-3598.4259776837835
5533.902330182563,2205.0,-3570.5926871279316
5585.863854409628,2205.0,-3531.023408983825
5637.825378636695,2205.0,-3481.526458561886
5689.7869028637615,2205.0,-3417.370268339684
5741.748427090828,2205.0,-3332.9174484850246
5793.709951317894,2205.0,-3221.676790260025
5845.67147554496,2205.0,-3071.280050480652
5897.632999772027,2205.0,-2868.502305754966
5949.594523999093,2205.0,-2591.3004947448735
6001.556048226159,2205.0,-2213.01044911359
6053.5175724532255,2205.0,-1697.954261138829
6105.479096680292,2205.0,-1213.3898242069404
6157.440620907359,2205.0,-51.83296350606895
6209.402145134424,2205.0,-64.68714469505863
6261.363669361491,2205.0,17.4193830778395
6313.325193588557,2205.0,17.51919623708983
6365.286717815624,2205.0,173.3515066511702
6417.2482420426895,2205.0,232.08081395357976
6469.209766269756,2205.0,292.010814991958
6521.171290496823,2205.0,329.36878915159093
6573.132814723889,2205.0,355.0648140990513
6625.094338950955,2205.0,374.9290670278415
6677.055863178021,2205.0,396.0450600174372
6729.017387405088,2205.0,418.91351035077474
6780.9789116321535,2205.0,444.70803227862666
6832.94043585922,2205.0,479.9880926041176
6884.901960086287,2205.0,528.7263893502993
6936.863484313353,2205.0,595.6305512796499
6988.825008540419,2205.0,699.2501196895042
7040.786532767485,2205.0,848.4017127880029
7092.748056994552,2205.0,871.4777315045872
7144.7095812216185,2205.0,194.9398609778874
7196.671105448684,2205.0,-20.70351719875091
7248.632629675751,2205.0,0.8331241578032778
7300.594153902817,2205.0,191.1378712147275
7352.555678129884,2205.0,-5984.962643961668
7404.517202356949,2205.0,-2797.6556123356445
7456.478726584016,2205.0,-1750.1259622964699
7508.4402508110825,2205.0,-1591.8785673506668
7560.401775038149,2205.0,-1653.0612491746406
7612.363299265215,2205.0,-1771.7335553338005
7664.324823492281,2205.0,-1903.733301721087
7716.286347719348,2205.0,-2030.4565504283696
7768.247871946414,2205.0,-2146.064863962971
7820.20939617348,2205.0,-2253.654178685143
7872.1709204005465,2205.0,-2356.1447159676873
7924.132444627613,2205.0,-2452.655710134385
7976.09396885468,2205.0,-2546.1080888840534
8028.055493081745,2205.0,-2633.8333205480367
8080.017017308812,2205.0,-2715.151104723679
8131.978541535878,2205.0,-2789.8925954512642
8183.940065762945,2205.0,-2862.416383002472
8235.901589990011,2205.0,-2936.714452832576
8287.863114217078,2205.0,-3028.796015934526
8339.824638444143,2205.0,-3265.7737927378175
8391.78616267121,2205.0,-3659.413236025166
8443.747686898276,2205.0,-3627.6797995641905
8495.709211125342,2205.0,-1736.0086074823134
8547.670735352409,2205.0,-1304.0417488020091
8599.632259579475,2205.0,-5726.790208936212
8651.593783806542,2205.0,-5568.924482200058
8703.555308033607,2205.0,-5728.639353671177
8755.516832260673,2205.0,-5787.468063068538
8807.47835648774,2205.0,-5816.03282553281
8859.439880714806,2205.0,-5839.190055480471
8911.401404941873,2205.0,-5824.552542351923
8963.36292916894,2205.0,-5770.953301196051
9015.324453396006,2205.0,-5688.174546051488
9067.285977623073,2205.0,-5592.064633692329
9119.247501850137,2205.0,-5491.038056359845
9171.209026077204,2205.0,-5368.77005740092
9223.17055030427,2205.0,-5176.199912996629
9275.132074531337,2205.0,-4846.938604499288
9327.093598758403,2205.0,-4483.885012322822
9379.05512298547,2205.0,-4088.910017725458
9431.016647212537,2205.0,-3940.427324087351
9482.978171439603,2205.0,-3705.7564746014264
9534.939695666668,2205.0,-3096.155557794301
9586.901219893734,2205.0,-2963.320041994637
9638.862744120801,2205.0,-2921.4018669098978
9690.824268347867,2205.0,-2875.31834350787
9742.785792574934,2205.0,-2710.323036188746
9794.747316802,2205.0,-2490.814670751125
9846.708841029067,2205.0,-2260.3776263624986
9898.670365256134,2205.0,-2039.3764274516316
9950.631889483198,2205.0,-1840.404627830374
10002.593413710265,2205.0,-1666.8810846322317
10054.554937937331,2205.0,-1520.498569371124
10106.516462164398,2205.0,-1404.8783344703088
10158.477986391465,2205.0,-1319.1165438706794
10210.439510618531,2205.0,-1267.5822588697285
10262.401034845598,2205.0,-1248.6809518951777
10314.362559072662,2205.0,-1261.0938148485234
10366.324083299729,2205.0,-1268.2431741432126
0.0,2250.0,-966.5891742413035
51.96152422706631,2250.0,-975.9830490081192
103.92304845413263,2250.0,-1032.0911691294582
155.88457268119893,2250.0,-1115.5294903569395
207.84609690826525,2250.0,-1224.551371725724
259.80762113533154,2250.0,-1387.1578574341088
311.76914536239786,2250.0,-1711.3351974326783
363.7306695894642,2250.0,-2675.885781600011
415.6921938165305,2250.0,-6715.971370579207
467.6537180435968,2250.0,-2403.358129908277
519.6152422706631,2250.0,-18.551385258651237
571.5767664977294,2250.0,-68.77027180769531
623.5382907247957,2250.0,-16.611241188204183
675.499814951862,2250.0,41.32259183702864
727.4613391789284,2250.0,326.93506711282123
779.4228634059947,2250.0,417.998205903546
831.384387633061,2250.0,529.3471928389267
883.3459118601273,2250.0,601.7912011874225
935.3074360871937,2250.0,642.9638502987207
987.26896031426,2250.0,661.3713969328669
1039.2304845413262,2250.0,658.420185160603
1091.1920087683925,2250.0,638.0940393814727
1143.1535329954588,2250.0,606.8168466225325
1195.1150572225251,2250.0,565.050867404276
1247.0765814495915,2250.0,515.991408471964
1299.0381056766578,2250.0,461.09962068593904
1350.999629903724,2250.0,401.84891170729423
1402.9611541307904,2250.0,335.6040212246172
1454.9226783578567,2250.0,254.52102793343857
1506.884202584923,2250.0,181.85646756417395
1558.8457268119894,2250.0,150.0109580792855
1610.8072510390557,2250.0,3.354059431066162
1662.768775266122,2250.0,-58.69042903040213
1714.7302994931883,2250.0,-59.78712903987653
1766.6918237202547,2250.0,57.19905545282455
1818.653347947321,2250.0,42.242817225694125
1870.6148721743873,2250.0,85.02680817006733
1922.5763964014536,2250.0,-1595.127000381512
1974.53792062852,2250.0,-2395.07405833777
2026.4994448555863,2250.0,-3231.7885806837517
2078.4609690826524,2250.0,-4034.7536801796523
2130.422493309719,2250.0,-4417.042185833268
2182.384017536785,2250.0,-4250.584545590482
2234.3455417638515,2250.0,-4463.488969156198
2286.3070659909176,2250.0,-6428.565456138592
2338.268590217984,2250.0,111.9272489509683
2390.2301144450503,2250.0,2924.2618921901785
2442.191638672117,2250.0,1748.4223812010055
2494.153162899183,2250.0,1265.608208409673
2546.1146871262495,2250.0,1089.3355115248173
2598.0762113533156,2250.0,965.3327690955964
2650.037735580382,2250.0,848.3445252392635
2701.999259807448,2250.0,710.9449853305828
2753.9607840345147,2250.0,585.8806847515782
2805.922308261581,2250.0,-2.091198165916694
2857.8838324886474,2250.0,-126.16443740212617
2909.8453567157135,2250.0,-148.79839141800431
2961.80688094278,2250.0,-132.02623181407176
3013.768405169846,2250.0,-114.50531565250236
3065.7299293969127,2250.0,-199.64063921073472
3117.6914536239788,2250.0,-215.37724975152895
3169.6529778510453,2250.0,-188.2561638338376
3221.6145020781114,2250.0,-172.23699233978783
3273.576026305178,2250.0,-166.79818347128634
3325.537550532244,2250.0,-857.5198054309
3377.49907475931,2250.0,-1156.3542237514432
3429.4605989863767,2250.0,-1558.1803770639017
3481.422123213443,2250.0,-1946.3521166335095
3533.3836474405093,2250.0,-2308.137340347276
3585.3451716675754,2250.0,-2630.8369818398337
3637.306695894642,2250.0,-2932.500234076191
3689.268220121708,2250.0,-3163.407181535134
3741.2297443487746,2250.0,-2919.4987222799846
3793.1912685758407,2250.0,-2971.2123998162733
3845.1527928029072,2250.0,-3535.919610824575
3897.1143170299733,2250.0,-3671.7604689183095
3949.07584125704,2250.0,-3679.5275570292843
4001.037365484106,2250.0,-3682.0527065405804
4052.9988897111725,2250.0,-3683.636637576801
4104.960413938239,2250.0,-3684.4856690675606
4156.921938165305,2250.0,-3682.5573333542784
4208.883462392371,2250.0,-3683.444774665639
4260.844986619438,2250.0,-3684.223015875366
4312.806510846504,2250.0,-3685.0731890652255
4364.76803507357,2250.0,-3684.2045512948753
4416.7295593006365,2250.0,-3685.4061358391987
4468.691083527703,2250.0,-3685.1256839613006
4520.65260775477,2250.0,-3687.902494900282
4572.614131981835,2250.0,-3691.597712093646
4624.575656208902,2250.0,-3693.8511245821833
4676.537180435968,2250.0,-3694.2315375717826
4728.498704663035,2250.0,-3693.725514763979
4780.460228890101,2250.0,-3692.7701741572296
4832.421753117167,2250.0,-3690.4837518379163
4884.383277344234,2250.0,-3685.4581823789936
4936.3448015713,2250.0,-3681.8786145551167
4988.306325798366,2250.0,-3678.5803313104966
5040.267850025432,2250.0,-3675.6723576776712
5092.229374252499,2250.0,-3670.6883344325015
5144.190898479565,2250.0,-3664.8675598264804
5196.152422706631,2250.0,-3658.9431464276654
5248.113946933698,2250.0,-3649.8163284878738
5300.075471160764,2250.0,-3639.7623333799143
5352.03699538783,2250.0,-3627.0208168289464
5403.998519614896,2250.0,-3611.552910932806
5455.960043841963,2250.0,-3589.9121946779487
5507.9215680690295,2250.0,-3561.3262979250426
5559.883092296095,2250.0,-3524.0269051746554
5611.844616523162,2250.0,-3476.0246822108857
5663.806140750228,2250.0,-3415.2843869670237
5715.767664977295,2250.0,-3336.739744939857
5767.72918920436,2250.0,-3234.0200807962756
5819.690713431427,2250.0,-3098.197746107625
5871.6522376584935,2250.0,-2917.0440581149214
5923.61376188556,2250.0,-2669.3469995023734
5975.575286112626,2250.0,-2330.0420486844114
6027.536810339692,2250.0,-1863.6670590537774
6079.498334566759,2250.0,-1317.1994668861948
6131.459858793825,2250.0,-107.10661812447408
6183.421383020891,2250.0,-57.15509620710636
6235.3829072479575,2250.0,17.562150030001177
6287.344431475024,2250.0,-23.52783714152128
6339.305955702091,2250.0,198.9425504841434
6391.267479929156,2250.0,274.4938352982141
6443.229004156223,2250.0,361.011667626166
6495.190528383289,2250.0,417.4162288506235
6547.152052610356,2250.0,453.095591163588
6599.1135768374215,2250.0,478.2167135650208
6651.075101064488,2250.0,495.14632270323443
6703.036625291555,2250.0,511.4070828616059
6754.99814951862,2250.0,527.9855340606915
6806.959673745687,2250.0,549.8967934159851
6858.921197972753,2250.0,579.0101084556546
6910.88272219982,2250.0,616.9290403402641
6962.844246426886,2250.0,665.5915406467058
7014.805770653952,2250.0,718.4392103810505
7066.767294881019,2250.0,724.2009203157932
7118.728819108085,2250.0,641.2503934511265
7170.690343335151,2250.0,155.30699472605423
7222.651867562217,2250.0,109.55652904584935
7274.613391789284,2250.0,27.256686942523743
7326.5749160163505,2250.0,161.90167945897701
7378.536440243416,2250.0,-5983.653344492674
7430.497964470483,2250.0,-2267.02013803055
7482.459488697549,2250.0,-1282.7097919733228
7534.421012924616,2250.0,-1288.2196435626752
7586.382537151681,2250.0,-1471.4150070251794
7638.344061378748,2250.0,-1657.1485754792393
7690.3055856058145,2250.0,-1827.5938352167022
7742.267109832881,2250.0,-1977.2073844567815
7794.228634059947,2250.0,-2110.474057762496
7846.190158287013,2250.0,-2233.610761826065
7898.15168251408,2250.0,-2349.8644842797307
7950.113206741146,2250.0,-2463.8640790257414
8002.074730968212,2250.0,-2574.3555714363756
8054.0362551952785,2250.0,-2677.849537479857
8105.997779422345,2250.0,-2772.5562882177937
8157.959303649412,2250.0,-2861.824667947708
8209.920827876478,2250.0,-2951.104048517181
8261.882352103545,2250.0,-3082.968913855939
8313.84387633061,2250.0,-3241.083451151242
8365.805400557676,2250.0,-3563.1582608674544
8417.766924784743,2250.0,-3663.185343831673
8469.728449011809,2250.0,-1728.9470712836082
8521.689973238876,2250.0,-1509.4900526262063
8573.651497465942,2250.0,-6231.628086982475
8625.613021693009,2250.0,-5826.161191684407
8677.574545920073,2250.0,-5699.9691289213915
8729.53607014714,2250.0,-5679.597049115795
8781.497594374207,2250.0,-5639.559614016712
8833.459118601273,2250.0,-5606.495248656897
8885.42064282834,2250.0,-5568.696114735552
8937.382167055406,2250.0,-5517.472509096679
8989.343691282473,2250.0,-5445.275161508176
9041.30521550954,2250.0,-5353.849637979836
9093.266739736604,2250.0,-5246.346968429001
9145.22826396367,2250.0,-5119.066382681897
9197.189788190737,2250.0,-4954.802669457506
9249.151312417804,2250.0,-4735.20515073464
9301.11283664487,2250.0,-4461.043483167079
9353.074360871937,2250.0,-4190.1945963775215
9405.035885099003,2250.0,-3954.988979580164
9456.99740932607,2250.0,-3842.219965237396
9508.958933553135,2250.0,-3711.8803541148504
9560.920457780201,2250.0,-3517.6731664485737
9612.881982007268,2250.0,-2952.6571086935437
9664.843506234334,2250.0,-2829.785497200168
9716.8050304614,2250.0,-2779.6792932998596
9768.766554688467,2250.0,-2575.5587489672453
9820.728078915534,2250.0,-2298.4453570675632
9872.6896031426,2250.0,-1992.208937797524
9924.651127369665,2250.0,-1721.5413524200867
9976.612651596732,2250.0,-1495.0259125019702
10028.574175823798,2250.0,-1306.572173793415
10080.535700050865,2250.0,-1153.5331918045163
10132.497224277931,2250.0,-1037.7292801713843
10184.458748504998,2250.0,-965.3308553459808
10236.420272732064,2250.0,-930.2977496159924
10288.38179695913,2250.0,-930.8026018275025
10340.343321186196,2250.0,-962.4634857618557
25.980762113533157,2295.0,-666.2224040941037
77.94228634059947,2295.0,-721.9346796714299
129.90381056766577,2295.0,-822.8501711409297
181.8653347947321,2295.0,-933.6686761450171
233.8268590217984,2295.0,-1064.639386936893
285.7883832488647,2295.0,-1262.871632361671
337.749907475931,2295.0,-1662.46530532621
389.71143170299734,2295.0,-3137.557872641788
441.67295593006367,2295.0,-6716.926324160302
493.63448015713,2295.0,-2536.9208730303963
545.5960043841962,2295.0,3112.136663238676
597.5575286112626,2295.0,90.33350372371754
649.5190528383289,2295.0,598.9880490552657
701.4805770653952,2295.0,487.2428394343932
753.4421012924615,2295.0,518.8322426837594
805.4036255195278,2295.0,596.8882538853679
857.3651497465942,2295.0,657.9985518025497
909.3266739736605,2295.0,698.7401134493671
961.2881982007268,2295.0,719.6378675309098
1013.2497224277931,2295.0,726.0743633619493
1065.2112466548592,2295.0,717.290238924157
1117.1727708819255,2295.0,694.7290638287784
1169.1342951089919,2295.0,663.2714896139478
1221.0958193360582,2295.0,624.5589779473146
1273.0573435631245,2295.0,578.9530714516504
1325.0188677901908,2295.0,527.8355971727688
1376.9803920172571,2295.0,471.4217457383106
1428.9419162443235,2295.0,408.0969862477002
1480.9034404713898,2295.0,336.2473768614287
1532.864964698456,2295.0,264.1692690357445
1584.8264889255224,2295.0,208.43269584321956
1636.7880131525887,2295.0,168.60176503858386
1688.749537379655,2295.0,-16.82829673517064
1740.7110616067214,2295.0,-79.72653141805492
1792.6725858337877,2295.0,62.83417165111662
1844.634110060854,2295.0,55.758736287983176
1896.5956342879203,2295.0,-0.4106830122142924
1948.5571585149867,2295.0,-2663.9976485535685
2000.518682742053,2295.0,-3701.533124424727
2052.4802069691195,2295.0,-4532.33239184832
2104.4417311961856,2295.0,-6499.565268456631
2156.403255423252,2295.0,-6660.308278459903
2208.3647796503183,2295.0,-6619.487958261994
2260.326303877385,2295.0,-6509.168291784909
2312.287828104451,2295.0,-2677.639557589133
2364.2493523315175,2295.0,2950.3977860908926
2416.2108765585835,2295.0,1869.2893780757067
2468.17240078565,2295.0,1328.4762200140945
2520.133925012716,2295.0,1154.8513350648504
2572.0954492397827,2295.0,1040.8147425644568
2624.056973466849,2295.0,944.9625302205036
2676.0184976939154,2295.0,849.5191570824111
2727.9800219209815,2295.0,739.2661056949416
2779.941546148048,2295.0,637.5548705103811
2831.903070375114,2295.0,610.3674712217966
2883.8645946021807,2295.0,-165.17159348360238
2935.8261188292468,2295.0,-153.68047925768104
2987.7876430563133,2295.0,-123.83715943611463
3039.7491672833794,2295.0,-161.51213432861897
3091.710691510446,2295.0,-164.15196052699673
3143.672215737512,2295.0,-146.10908711137137
3195.6337399645786,2295.0,-182.1205989047936
3247.5952641916447,2295.0,-172.23139839627584
3299.556788418711,2295.0,-118.83578410016088
3351.5183126457773,2295.0,-834.6775358813555
3403.4798368728434,2295.0,-1172.9901822980119
3455.44136109991,2295.0,-1638.6016869564367
3507.402885326976,2295.0,-2110.424257626325
3559.3644095540426,2295.0,-2514.0658478971595
3611.3259337811087,2295.0,-2841.7356325263386
3663.2874580081752,2295.0,-3091.7217553947376
3715.2489822352413,2295.0,-2832.5555946873765
3767.210506462308,2295.0,-2895.890601557368
3819.172030689374,2295.0,-3524.080021642099
3871.1335549164405,2295.0,-3673.9149815334713
3923.0950791435066,2295.0,-3685.020881164797
3975.056603370573,2295.0,-3686.611296975564
4027.0181275976392,2295.0,-3688.8584365864353
4078.979651824706,2295.0,-3688.244987206259
4130.941176051772,2295.0,-3688.358543045134
4182.902700278838,2295.0,-3686.3615275702623
4234.8642245059045,2295.0,-3687.4822395679366
4286.825748732971,2295.0,-3687.724744368351
4338.787272960038,2295.0,-3687.2904924554177
4390.748797187103,2295.0,-3686.5250122102298
4442.71032141417,2295.0,-3687.7148862048634
4494.671845641236,2295.0,-3687.6947652229464
4546.633369868303,2295.0,-3688.516347447295
4598.5948940953685,2295.0,-3690.732189262553
4650.556418322435,2295.0,-3692.0739152477563
4702.517942549502,2295.0,-3691.1563225194814
4754.479466776568,2295.0,-3689.9261214061953
4806.440991003634,2295.0,-3687.0280234500174
4858.4025152307,2295.0,-3683.8428309100454
4910.364039457767,2295.0,-3678.1991492762695
4962.3255636848335,2295.0,-3675.125128154202
5014.287087911899,2295.0,-3671.3867215563114
5066.248612138966,2295.0,-3667.5724699111433
5118.210136366032,2295.0,-3662.055482314641
5170.171660593098,2295.0,-3654.373224646816
5222.133184820164,2295.0,-3645.7347304035075
5274.094709047231,2295.0,-3634.807033260052
5326.0562332742975,2295.0,-3622.559979690074
5378.017757501363,2295.0,-3605.9742127869804
5429.97928172843,2295.0,-3587.322988630545
5481.940805955496,2295.0,-3562.1698052579413
5533.902330182563,2295.0,-3529.0995259699757
5585.863854409628,2295.0,-3485.710796245693
5637.825378636695,2295.0,-3430.479254058243
5689.7869028637615,2295.0,-3362.350051073219
5741.748427090828,2295.0,-3273.5257311397463
5793.709951317894,2295.0,-3157.5734982332765
5845.67147554496,2295.0,-3004.608862722427
5897.632999772027,2295.0,-2798.513141859208
5949.594523999093,2295.0,-2511.576429142562
6001.556048226159,2295.0,-2110.031400369095
6053.5175724532255,2295.0,-1560.1184334456746
6105.479096680292,2295.0,-1132.248212872661
6157.440620907359,2295.0,-75.71634660449759
6209.402145134424,2295.0,-49.05773663868058
6261.363669361491,2295.0,51.68774980087399
6313.325193588557,2295.0,100.25864506262273
6365.286717815624,2295.0,312.6720675926312
6417.2482420426895,2295.0,426.3667149392967
6469.209766269756,2295.0,510.171769470291
6521.171290496823,2295.0,559.6792399113604
6573.132814723889,2295.0,587.7029963993473
6625.094338950955,2295.0,605.641281608494
6677.055863178021,2295.0,615.1659755933205
6729.017387405088,2295.0,621.8419484708877
6780.9789116321535,2295.0,628.9471058468325
6832.94043585922,2295.0,641.9953896767765
6884.901960086287,2295.0,659.1282665966428
6936.863484313353,2295.0,680.3366799902424
6988.825008540419,2295.0,701.7031100640411
7040.786532767485,2295.0,711.1902733250878
7092.748056994552,2295.0,685.3165245655894
7144.7095812216185,2295.0,710.6469064736764
7196.671105448684,2295.0,965.159294840951
7248.632629675751,2295.0,2578.7037205678826
7300.594153902817,2295.0,2975.080331376019
7352.555678129884,2295.0,196.06963514936132
7404.517202356949,2295.0,199.54883375212665
7456.478726584016,2295.0,143.57567390216622
7508.4402508110825,2295.0,-879.1169024571261
7560.401775038149,2295.0,-1064.9649022179417
7612.363299265215,2295.0,-1339.4775660135952
7664.324823492281,2295.0,-1588.0532710990954
7716.286347719348,2295.0,-1789.1744495688743
7768.247871946414,2295.0,-1950.7467841225439
7820.20939617348,2295.0,-2092.736604054963
7872.1709204005465,2295.0,-2228.755520148241
7924.132444627613,2295.0,-2362.9440552973165
7976.09396885468,2295.0,-2500.6574083279183
8028.055493081745,2295.0,-2635.5268182578275
8080.017017308812,2295.0,-2765.4498541158355
8131.978541535878,2295.0,-2884.6683210930414
8183.940065762945,2295.0,-3036.5977126806047
8235.901589990011,2295.0,-3215.9830006705743
8287.863114217078,2295.0,-3513.391738034332
8339.824638444143,2295.0,-3630.0724936197275
8391.78616267121,2295.0,-3697.4538853371714
8443.747686898276,2295.0,-1926.9737693929028
8495.709211125342,2295.0,-1789.9377757977086
8547.670735352409,2295.0,-6508.936852145635
8599.632259579475,2295.0,-6179.857264734703
8651.593783806542,2295.0,-5825.580122479477
8703.555308033607,2295.0,-5663.936153811815
8755.516832260673,2295.0,-5548.369075109893
8807.47835648774,2295.0,-5459.485385162641
8859.439880714806,2295.0,-5385.280320725954
8911.401404941873,2295.0,-5311.295724075608
8963.36292916894,2295.0,-5232.868667275552
9015.324453396006,2295.0,-5141.646900612801
9067.285977623073,2295.0,-5036.299956408677
9119.247501850137,2295.0,-4914.011656985884
9171.209026077204,2295.0,-4768.666684706447
9223.17055030427,2295.0,-4595.996653343085
9275.132074531337,2295.0,-4397.038634727653
9327.093598758403,2295.0,-4183.770153636504
9379.05512298547,2295.0,-3973.1625753644807
9431.016647212537,2295.0,-3800.6830042713977
9482.978171439603,2295.0,-3734.219979361144
9534.939695666668,2295.0,-3700.6457091950106
9586.901219893734,2295.0,-3528.9779312500227
9638.862744120801,2295.0,-2886.036262279852
9690.824268347867,2295.0,-2771.6736606569234
9742.785792574934,2295.0,-2803.1101927290365
9794.747316802,2295.0,-2349.724289736307
9846.708841029067,2295.0,-1996.3407544292377
9898.670365256134,2295.0,-1610.5574442721672
9950.631889483198,2295.0,-1315.0230155843014
10002.593413710265,2295.0,-1084.0935208020471
10054.554937937331,2295.0,-891.049840314763
10106.516462164398,2295.0,-738.7465112300363
10158.477986391465,2295.0,-643.3218643610998
10210.439510618531,2295.0,-593.5813078208308
10262.401034845598,2295.0,-577.7114898081111
10314.362559072662,2295.0,-601.1591395701066
10366.324083299729,2295.0,-651.6784286263821
0.0,2340.0,-399.4477074892347
51.96152422706631,2340.0,-400.74546906641206
103.92304845413263,2340.0,-498.2954768978134
155.88457268119893,2340.0,-628.5510243541108
207.84609690826525,2340.0,-734.464772430432
259.80762113533154,2340.0,-828.3407711826233
311.76914536239786,2340.0,-938.8905267337021
363.7306695894642,2340.0,-1195.5648655839384
415.6921938165305,2340.0,78.6133130911661
467.6537180435968,2340.0,-2669.6326212675467
519.6152422706631,2340.0,2851.1623157982513
571.5767664977294,2340.0,2451.491197015332
623.5382907247957,2340.0,895.4805904560471
675.499814951862,2340.0,729.8133787072106
727.4613391789284,2340.0,682.5992367098474
779.4228634059947,2340.0,705.202154676711
831.384387633061,2340.0,742.0973805359722
883.3459118601273,2340.0,772.3223159507895
935.3074360871937,2340.0,791.3015489984525
987.26896031426,2340.0,798.7835110316375
1039.2304845413262,2340.0,795.8057494937286
1091.1920087683925,2340.0,782.5900307024101
1143.1535329954588,2340.0,759.1528920307302
1195.1150572225251,2340.0,728.2973642498504
1247.0765814495915,2340.0,691.511766848519
1299.0381056766578,2340.0,650.4599663769243
1350.999629903724,2340.0,605.5532914237851
1402.9611541307904,2340.0,556.7750227669283
1454.9226783578567,2340.0,501.14638986693785
1506.884202584923,2340.0,438.87953239789215
1558.8457268119894,2340.0,373.1770766901034
1610.8072510390557,2340.0,293.2285291383637
1662.768775266122,2340.0,222.50144736277883
1714.7302994931883,2340.0,-32.570068550286926
1766.6918237202547,2340.0,-55.594028146103014
1818.653347947321,2340.0,8.020926026263208
1870.6148721743873,2340.0,14.700707798764824
1922.5763964014536,2340.0,-20.725016127169965
1974.53792062852,2340.0,-6062.70566344251
2026.4994448555863,2340.0,-5996.761511280493
2078.4609690826524,2340.0,-6126.923735815058
2130.422493309719,2340.0,-2549.255253771791
2182.384017536785,2340.0,-2549.7617245137217
2234.3455417638515,2340.0,-2569.667282377657
2286.3070659909176,2340.0,-2642.348786867242
2338.268590217984,2340.0,66.77459228168522
2390.2301144450503,2340.0,23.180657485052905
2442.191638672117,2340.0,1024.2616610340463
2494.153162899183,2340.0,972.9846793947454
2546.1146871262495,2340.0,940.1304076309693
2598.0762113533156,2340.0,905.0364578382898
2650.037735580382,2340.0,869.8716585904774
2701.999259807448,2340.0,830.152959791825
2753.9607840345147,2340.0,769.1286947564613
2805.922308261581,2340.0,682.5674100563025
2857.8838324886474,2340.0,58.68927439776709
2909.8453567157135,2340.0,114.03171289057745
2961.80688094278,2340.0,70.95509644455583
3013.768405169846,2340.0,45.3746094532782
3065.7299293969127,2340.0,52.75656755234566
3117.6914536239788,2340.0,89.50586731750296
3169.6529778510453,2340.0,61.55093442732746
3221.6145020781114,2340.0,-30.777395378764805
3273.576026305178,2340.0,-73.07808590192246
3325.537550532244,2340.0,-94.20959837324318
3377.49907475931,2340.0,-874.9714081409454
3429.4605989863767,2340.0,-1250.3679314410838
3481.422123213443,2340.0,-1816.4246731046828
3533.3836474405093,2340.0,-2362.5194195780437
3585.3451716675754,2340.0,-2752.0800544643016
3637.306695894642,2340.0,-2998.7580964996623
3689.268220121708,2340.0,-2734.4403397144188
3741.2297443487746,2340.0,-2717.0822305552038
3793.1912685758407,2340.0,-3414.8554125016076
3845.1527928029072,2340.0,-3676.4267090836747
3897.1143170299733,2340.0,-3688.7639792233517
3949.07584125704,2340.0,-3689.5693119297457
4001.037365484106,2340.0,-3690.4025723417913
4052.9988897111725,2340.0,-3690.17598975944
4104.960413938239,2340.0,-3690.43542075308
4156.921938165305,2340.0,-3689.2158229429583
4208.883462392371,2340.0,-3690.4190877653677
4260.844986619438,2340.0,-3691.558485579997
4312.806510846504,2340.0,-3689.7916504421432
4364.76803507357,2340.0,-3688.781529240072
4416.7295593006365,2340.0,-3688.253345577495
4468.691083527703,2340.0,-3688.7753069941173
4520.65260775477,2340.0,-3689.586827758386
4572.614131981835,2340.0,-3689.818670588773
4624.575656208902,2340.0,-3690.3084324912797
4676.537180435968,2340.0,-3688.738865303696
4728.498704663035,2340.0,-3688.204683688376
4780.460228890101,2340.0,-3684.9364943302458
4832.421753117167,2340.0,-3679.8407753038823
4884.383277344234,2340.0,-3676.4591104466035
4936.3448015713,2340.0,-3673.0115775892746
4988.306325798366,2340.0,-3670.156560745496
5040.267850025432,2340.0,-3665.637322133497
5092.229374252499,2340.0,-3660.240427193102
5144.190898479565,2340.0,-3654.0479889380586
5196.152422706631,2340.0,-3645.170633680305
5248.113946933698,2340.0,-3634.7615396505307
5300.075471160764,2340.0,-3623.118426007127
5352.03699538783,2340.0,-3608.8560076382255
5403.998519614896,2340.0,-3590.7635545009034
5455.960043841963,2340.0,-3568.967432319044
5507.9215680690295,2340.0,-3539.467770843994
5559.883092296095,2340.0,-3502.132351549103
5611.844616523162,2340.0,-3455.8509430320582
5663.806140750228,2340.0,-3399.8354954546676
5715.767664977295,2340.0,-3326.689761152127
5767.72918920436,2340.0,-3235.0981941557147
5819.690713431427,2340.0,-3116.4108313483894
5871.6522376584935,2340.0,-2956.2979652941335
5923.61376188556,2340.0,-2734.565606241849
5975.575286112626,2340.0,-2411.58806266206
6027.536810339692,2340.0,-1912.8387113351012
6079.498334566759,2340.0,-1365.9129008428808
6131.459858793825,2340.0,-89.35921148974563
6183.421383020891,2340.0,-90.24291645983516
6235.3829072479575,2340.0,32.51055720822448
6287.344431475024,2340.0,85.3608856681988
6339.305955702091,2340.0,393.164698673779
6391.267479929156,2340.0,508.14671495112293
6443.229004156223,2340.0,621.9819656713819
6495.190528383289,2340.0,685.1291383357227
6547.152052610356,2340.0,717.2753713919451
6599.1135768374215,2340.0,730.9472090996983
6651.075101064488,2340.0,733.0985993319217
6703.036625291555,2340.0,729.2873755747778
6754.99814951862,2340.0,723.9169870381451
6806.959673745687,2340.0,720.9053092418767
6858.921197972753,2340.0,720.0551094421353
6910.88272219982,2340.0,720.2773962370304
6962.844246426886,2340.0,722.8964271054585
7014.805770653952,2340.0,724.6473529807874
7066.767294881019,2340.0,728.4049186515557
7118.728819108085,2340.0,753.9951319908243
7170.690343335151,2340.0,894.8611115101147
7222.651867562217,2340.0,1109.127773688373
7274.613391789284,2340.0,2373.654661589518
7326.5749160163505,2340.0,59.20483924500863
7378.536440243416,2340.0,173.25766806612302
7430.497964470483,2340.0,111.4260679664379
7482.459488697549,2340.0,111.16440264924711
7534.421012924616,2340.0,-738.3067206514485
7586.382537151681,2340.0,-974.5458289750102
7638.344061378748,2340.0,-1302.6405018868113
7690.3055856058145,2340.0,-1594.1805516850595
7742.267109832881,2340.0,-1784.9984894020904
7794.228634059947,2340.0,-1937.8129934639205
7846.190158287013,2340.0,-2085.0539537996938
7898.15168251408,2340.0,-2239.5102309903577
7950.113206741146,2340.0,-2405.007654919265
8002.074730968212,2340.0,-2578.9066889940495
8054.0362551952785,2340.0,-2761.101549873871
8105.997779422345,2340.0,-2964.5206248175064
8157.959303649412,2340.0,-3146.892024762162
8209.920827876478,2340.0,-3465.772223147475
8261.882352103545,2340.0,-3603.100573516379
8313.84387633061,2340.0,-3604.7194146393676
8365.805400557676,2340.0,-3709.0683244219963
8417.766924784743,2340.0,-1718.5056766702069
8469.728449011809,2340.0,-1874.761631872365
8521.689973238876,2340.0,-6372.587027561758
8573.651497465942,2340.0,-6176.00722815388
8625.613021693009,2340.0,-5876.063883363027
8677.574545920073,2340.0,-5672.6357906046815
8729.53607014714,2340.0,-5497.9644619277715
8781.497594374207,2340.0,-5359.616418544784
8833.459118601273,2340.0,-5246.651396515674
8885.42064282834,2340.0,-5148.4561749282975
8937.382167055406,2340.0,-5054.950699091536
8989.343691282473,2340.0,-4957.990557956249
9041.30521550954,2340.0,-4854.533939004383
9093.266739736604,2340.0,-4737.819205399072
9145.22826396367,2340.0,-4606.308856801861
9197.189788190737,2340.0,-4455.805023906007
9249.151312417804,2340.0,-4290.231170488272
9301.11283664487,2340.0,-4115.402798782641
9353.074360871937,2340.0,-3941.398627623778
9405.035885099003,2340.0,-3778.4303176234075
9456.99740932607,2340.0,-3637.750305332809
9508.958933553135,2340.0,-3545.220640685533
9560.920457780201,2340.0,-3641.057238778296
9612.881982007268,2340.0,-3425.3057393966737
9664.843506234334,2340.0,-2904.312149495994
9716.8050304614,2340.0,-3919.3697047806063
9768.766554688467,2340.0,-2848.702956500288
9820.728078915534,2340.0,-1961.223640702382
9872.6896031426,2340.0,-1489.4116443871692
9924.651127369665,2340.0,-1098.3947540609934
9976.612651596732,2340.0,-843.7207068678642
10028.574175823798,2340.0,-640.8957969624419
10080.535700050865,2340.0,-488.67142619572064
10132.497224277931,2340.0,-404.87778944879665
10184.458748504998,2340.0,-346.92673315304035
10236.420272732064,2340.0,-319.06497032379775
10288.38179695913,2340.0,-320.798340470307
10340.343321186196,2340.0,-357.27399175949995
25.980762113533157,2385.0,136.0948573188738
77.94228634059947,2385.0,-235.94672100373305
129.90381056766577,2385.0,-335.65826582414684
181.8653347947321,2385.0,-444.42401840256764
233.8268590217984,2385.0,-496.2379375212462
285.7883832488647,2385.0,-526.5049552926034
337.749907475931,2385.0,-618.3882591498534
389.71143170299734,2385.0,98.83113961613486
441.67295593006367,2385.0,82.63471425480225
493.63448015713,2385.0,-63.31428127130076
545.5960043841962,2385.0,99.41148390561824
597.5575286112626,2385.0,887.4783827353225
649.5190528383289,2385.0,892.7813686382074
701.4805770653952,2385.0,837.352406980471
753.4421012924615,2385.0,829.2077925909161
805.4036255195278,2385.0,844.4535080029293
857.3651497465942,2385.0,862.8065685192587
909.3266739736605,2385.0,874.4584650357424
961.2881982007268,2385.0,880.3760973575879
1013.2497224277931,2385.0,877.6877672230012
1065.2112466548592,2385.0,869.4368308995337
1117.1727708819255,2385.0,853.0470459887174
1169.1342951089919,2385.0,828.2396892504498
1221.0958193360582,2385.0,800.550208055258
1273.0573435631245,2385.0,769.0045090612466
1325.0188677901908,2385.0,734.080841708555
1376.9803920172571,2385.0,698.2165428639831
1428.9419162443235,2385.0,660.2709233327506
1480.9034404713898,2385.0,614.9226838041274
1532.864964698456,2385.0,561.5709386745494
1584.8264889255224,2385.0,497.99044662544895
1636.7880131525887,2385.0,406.77011356524093
1688.749537379655,2385.0,330.6410747671915
1740.7110616067214,2385.0,15.950518665521543
1792.6725858337877,2385.0,45.413920103509454
1844.634110060854,2385.0,-33.405772739029544
1896.5956342879203,2385.0,10.302602921824814
1948.5571585149867,2385.0,-2656.8354660756286
2000.518682742053,2385.0,-2563.37146509784
2052.4802069691195,2385.0,-2409.774528556153
2104.4417311961856,2385.0,-2437.89227234487
2156.403255423252,2385.0,3083.453096776464
2208.3647796503183,2385.0,2992.4258050152066
2260.326303877385,2385.0,2823.5736996442115
2312.287828104451,2385.0,2734.8142549955983
2364.2493523315175,2385.0,287.8468109562676
2416.2108765585835,2385.0,1006.3371779173422
2468.17240078565,2385.0,939.9023902230324
2520.133925012716,2385.0,920.5375159261619
2572.0954492397827,2385.0,897.2136082523547
2624.056973466849,2385.0,874.7173916404176
2676.0184976939154,2385.0,850.2853016783472
2727.9800219209815,2385.0,817.7799548596188
2779.941546148048,2385.0,757.3358346477501
2831.903070375114,2385.0,665.6400338804559
2883.8645946021807,2385.0,130.18488652664018
2935.8261188292468,2385.0,128.75829063643877
2987.7876430563133,2385.0,93.99523880407821
3039.7491672833794,2385.0,102.8813879721282
3091.710691510446,2385.0,140.35020010466752
3143.672215737512,2385.0,82.72143786523144
3195.6337399645786,2385.0,47.614030557421614
3247.5952641916447,2385.0,3.218893499484878
3299.556788418711,2385.0,-125.26346234675958
3351.5183126457773,2385.0,-100.74805955223228
3403.4798368728434,2385.0,-160.60297813434022
3455.44136109991,2385.0,-1478.3253364179504
3507.402885326976,2385.0,-2003.9424249121053
3559.3644095540426,2385.0,-3106.5040624600247
3611.3259337811087,2385.0,-3072.0798980218437
3663.2874580081752,2385.0,-2681.288570382723
3715.2489822352413,2385.0,-2671.8414733383042
3767.210506462308,2385.0,-2927.834513572745
3819.172030689374,2385.0,-3583.9935923886314
3871.1335549164405,2385.0,-3678.509946829676
3923.0950791435066,2385.0,-3686.1258594498922
3975.056603370573,2385.0,-3688.070701826906
4027.0181275976392,2385.0,-3689.9231921655573
4078.979651824706,2385.0,-3691.952474451277
4130.941176051772,2385.0,-3692.300948441549
4182.902700278838,2385.0,-3691.1438408656977
4234.8642245059045,2385.0,-3690.4759910103494
4286.825748732971,2385.0,-3692.1651564819435
4338.787272960038,2385.0,-3691.5443136077884
4390.748797187103,2385.0,-3690.022204771675
4442.71032141417,2385.0,-3689.0780716502472
4494.671845641236,2385.0,-3689.184043102913
4546.633369868303,2385.0,-3689.5882781759847
4598.5948940953685,2385.0,-3688.149089632585
4650.556418322435,2385.0,-3686.6784848625207
4702.517942549502,2385.0,-3685.1729186801085
4754.479466776568,2385.0,-3684.357982473013
4806.440991003634,2385.0,-3680.6501693231057
4858.4025152307,2385.0,-3675.354569801246
4910.364039457767,2385.0,-3672.854703750617
4962.3255636848335,2385.0,-3667.999027327858
5014.287087911899,2385.0,-3664.170042373823
5066.248612138966,2385.0,-3659.498937943732
5118.210136366032,2385.0,-3653.8004750402206
5170.171660593098,2385.0,-3647.48835126607
5222.133184820164,2385.0,-3638.1054023430443
5274.094709047231,2385.0,-3626.399149784632
5326.0562332742975,2385.0,-3613.726136773892
5378.017757501363,2385.0,-3597.2796642737685
5429.97928172843,2385.0,-3578.0226332622346
5481.940805955496,2385.0,-3555.057622949639
5533.902330182563,2385.0,-3523.786560318457
5585.863854409628,2385.0,-3486.0203180136177
5637.825378636695,2385.0,-3440.008517951626
5689.7869028637615,2385.0,-3384.605113071463
5741.748427090828,2385.0,-3315.280763192487
5793.709951317894,2385.0,-3229.848293285684
5845.67147554496,2385.0,-3119.1276119129207
5897.632999772027,2385.0,-2968.4869465071206
5949.594523999093,2385.0,-2751.8685669931783
6001.556048226159,2385.0,-2375.929145996677
6053.5175724532255,2385.0,-1761.6558725073
6105.479096680292,2385.0,-100.21871683767921
6157.440620907359,2385.0,-106.18222433773047
6209.402145134424,2385.0,-32.92511957439491
6261.363669361491,2385.0,96.33106126892987
6313.325193588557,2385.0,518.8024487205364
6365.286717815624,2385.0,642.7778040533431
6417.2482420426895,2385.0,771.1329933353944
6469.209766269756,2385.0,840.6768991470544
6521.171290496823,2385.0,869.8476948937383
6573.132814723889,2385.0,877.9746354281159
6625.094338950955,2385.0,871.1052645358297
6677.055863178021,2385.0,855.4913953611597
6729.017387405088,2385.0,836.5131617483937
6780.9789116321535,2385.0,816.4738820270684
6832.94043585922,2385.0,798.2658769477476
6884.901960086287,2385.0,782.2084961442474
6936.863484313353,2385.0,767.6060607944992
6988.825008540419,2385.0,755.7329323088171
7040.786532767485,2385.0,747.3099127579749
7092.748056994552,2385.0,752.508812869689
7144.7095812216185,2385.0,787.1239251183338
7196.671105448684,2385.0,864.547097472072
7248.632629675751,2385.0,832.5179991851796
7300.594153902817,2385.0,143.68400331759958
7352.555678129884,2385.0,-1.4216878417402548
7404.517202356949,2385.0,-70.66036393633831
7456.478726584016,2385.0,88.27403230350933
7508.4402508110825,2385.0,135.01840719561315
7560.401775038149,2385.0,104.49005638520869
7612.363299265215,2385.0,-1139.9916654404346
7664.324823492281,2385.0,-1468.6727463276397
7716.286347719348,2385.0,-1663.6840731455572
7768.247871946414,2385.0,-1784.3451188714002
7820.20939617348,2385.0,-1918.0453298870843
7872.1709204005465,2385.0,-2080.6972033761
7924.132444627613,2385.0,-2270.2796348371235
7976.09396885468,2385.0,-2482.1040528015237
8028.055493081745,2385.0,-2720.9532785658757
8080.017017308812,2385.0,-3046.972274227728
8131.978541535878,2385.0,-3417.5078863744748
8183.940065762945,2385.0,-3491.7987680840833
8235.901589990011,2385.0,-3648.829391542216
8287.863114217078,2385.0,-3641.2826576063107
8339.824638444143,2385.0,-1482.9561830065536
8391.78616267121,2385.0,-1773.0335678328815
8443.747686898276,2385.0,-1739.0178481622033
8495.709211125342,2385.0,-6510.426537604975
8547.670735352409,2385.0,-6313.771586731854
8599.632259579475,2385.0,-5915.395511636672
8651.593783806542,2385.0,-5677.7837926090415
8703.555308033607,2385.0,-5464.610629300747
8755.516832260673,2385.0,-5285.847558739388
8807.47835648774,2385.0,-5139.219197952545
8859.439880714806,2385.0,-5015.767746078538
8911.401404941873,2385.0,-4904.104494105589
8963.36292916894,2385.0,-4797.089497000552
9015.324453396006,2385.0,-4689.496139110273
9067.285977623073,2385.0,-4577.208759334688
9119.247501850137,2385.0,-4454.663459540285
9171.209026077204,2385.0,-4320.268202164088
9223.17055030427,2385.0,-4171.694219241862
9275.132074531337,2385.0,-4014.7627881337958
9327.093598758403,2385.0,-3854.790954191245
9379.05512298547,2385.0,-3695.895324829118
9431.016647212537,2385.0,-3542.1702256958615
9482.978171439603,2385.0,-3445.8075303276655
9534.939695666668,2385.0,-2882.2309075515686
9586.901219893734,2385.0,-4110.232544543426
9638.862744120801,2385.0,-3673.287469915933
9690.824268347867,2385.0,-3681.987903881639
9742.785792574934,2385.0,-4010.3297009222397
9794.747316802,2385.0,-2896.913356594515
9846.708841029067,2385.0,-1372.5747338721135
9898.670365256134,2385.0,-929.1179486926217
9950.631889483198,2385.0,-646.9476933442168
10002.593413710265,2385.0,-463.6776931448853
10054.554937937331,2385.0,-346.6845365992462
10106.516462164398,2385.0,203.20071412744284
10158.477986391465,2385.0,117.74156844728788
10210.439510618531,2385.0,138.06644744144972
10262.401034845598,2385.0,173.59295298626137
10314.362559072662,2385.0,119.58481264269068
10366.324083299729,2385.0,105.60442199123116
0.0,2430.0,106.45863242070041
51.96152422706631,2430.0,112.99459008147426
103.92304845413263,2430.0,-160.90562197140795
155.88457268119893,2430.0,-217.829936858461
207.84609690826525,2430.0,-261.4006584823669
259.80762113533154,2430.0,-278.3757397991664
311.76914536239786,2430.0,102.49407817609713
363.7306695894642,2430.0,90.62936019912823
415.6921938165305,2430.0,68.1408632888614
467.6537180435968,2430.0,-92.36566920650816
519.6152422706631,2430.0,40.08268563056267
571.5767664977294,2430.0,668.4515522336726
623.5382907247957,2430.0,840.004312790734
675.499814951862,2430.0,912.9483714142546
727.4613391789284,2430.0,936.2846829971684
779.4228634059947,2430.0,950.8524347169309
831.384387633061,2430.0,960.6754681803022
883.3459118601273,2430.0,967.4510578102347
935.3074360871937,2430.0,970.7709886902762
987.26896031426,2430.0,966.999108819143
1039.2304845413262,2430.0,958.2313504179882
1091.1920087683925,2430.0,943.6825426878736
1143.1535329954588,2430.0,922.9762795918523
1195.1150572225251,2430.0,901.1430973977649
1247.0765814495915,2430.0,877.6362316163089
1299.0381056766578,2430.0,853.4671083108916
1350.999629903724,2430.0,828.8217598708908
1402.9611541307904,2430.0,806.0842078753592
1454.9226783578567,2430.0,779.4660490437011
1506.884202584923,2430.0,748.2853057036367
1558.8457268119894,2430.0,707.5212594735183
1610.8072510390557,2430.0,649.9288253685654
1662.768775266122,2430.0,566.8731159868994
1714.7302994931883,2430.0,523.0352733048237
1766.6918237202547,2430.0,546.0784354152928
1818.653347947321,2430.0,504.9439024053613
1870.6148721743873,2430.0,956.5080756390855
1922.5763964014536,2430.0,3029.8964409166615
1974.53792062852,2430.0,2998.0633521849722
2026.4994448555863,2430.0,2905.0886206831506
2078.4609690826524,2430.0,2713.476040401054
2130.422493309719,2430.0,2858.5362781586123
2182.384017536785,2430.0,2771.468483711439
2234.3455417638515,2430.0,2707.664633251088
2286.3070659909176,2430.0,2590.490283615437
2338.268590217984,2430.0,2681.085092260335
2390.2301144450503,2430.0,1416.1126489546502
2442.191638672117,2430.0,1161.4476546149494
2494.153162899183,2430.0,1046.89251430461
2546.1146871262495,2430.0,983.697605333679
2598.0762113533156,2430.0,934.8258627096102
2650.037735580382,2430.0,890.315481748134
2701.999259807448,2430.0,840.103781944177
2753.9607840345147,2430.0,774.7189202086512
2805.922308261581,2430.0,676.8059050236893
2857.8838324886474,2430.0,542.9262442040292
2909.8453567157135,2430.0,416.1219858397194
2961.80688094278,2430.0,349.96842894248834
3013.768405169846,2430.0,318.8772983926675
3065.7299293969127,2430.0,302.42190834093196
3117.6914536239788,2430.0,276.204175537462
3169.6529778510453,2430.0,243.9985081084778
3221.6145020781114,2430.0,62.57924943703517
3273.576026305178,2430.0,77.6270539122216
3325.537550532244,2430.0,-132.94082042617265
3377.49907475931,2430.0,-158.90185085381995
3429.4605989863767,2430.0,-148.02711686971332
3481.422123213443,2430.0,-1651.776722723056
3533.3836474405093,2430.0,-3140.0781625907543
3585.3451716675754,2430.0,-4333.127181334819
3637.306695894642,2430.0,-2707.330504045168
3689.268220121708,2430.0,-2788.9805234555597
3741.2297443487746,2430.0,-3408.489192698559
3793.1912685758407,2430.0,-3586.968241685111
3845.1527928029072,2430.0,-3678.6080696235467
3897.1143170299733,2430.0,-3691.961888180912
3949.07584125704,2430.0,-3693.97201163696
4001.037365484106,2430.0,-3695.8587394003303
4052.9988897111725,2430.0,-3697.51499600488
4104.960413938239,2430.0,-3696.6754097651615
4156.921938165305,2430.0,-3695.5998411501687
4208.883462392371,2430.0,-3694.615533681942
4260.844986619438,2430.0,-3695.4398249147225
4312.806510846504,2430.0,-3695.2613463771313
4364.76803507357,2430.0,-3694.343402683671
4416.7295593006365,2430.0,-3692.9770196012432
4468.691083527703,2430.0,-3692.3931729062742
4520.65260775477,2430.0,-3690.6388481181
4572.614131981835,2430.0,-3688.32592939287
4624.575656208902,2430.0,-3685.8849913885306
4676.537180435968,2430.0,-3684.899778158009
4728.498704663035,2430.0,-3683.75408620433
4780.460228890101,2430.0,-3680.7290993216793
4832.421753117167,2430.0,-3675.8472441679787
4884.383277344234,2430.0,-3674.055454555176
4936.3448015713,2430.0,-3670.5264042914037
4988.306325798366,2430.0,-3667.4581291668965
5040.267850025432,2430.0,-3663.2671752523906
5092.229374252499,2430.0,-3657.962951197669
5144.190898479565,2430.0,-3651.693753625054
5196.152422706631,2430.0,-3642.4237225433008
5248.113946933698,2430.0,-3632.00942689312
5300.075471160764,2430.0,-3621.181666729409
5352.03699538783,2430.0,-3607.0748596616622
5403.998519614896,2430.0,-3590.5835539173204
5455.960043841963,2430.0,-3571.6907782634653
5507.9215680690295,2430.0,-3546.5148290469688
5559.883092296095,2430.0,-3516.3115963784203
5611.844616523162,2430.0,-3480.235928473491
5663.806140750228,2430.0,-3438.7000643583815
5715.767664977295,2430.0,-3390.7870362914637
5767.72918920436,2430.0,-3332.5812226933576
5819.690713431427,2430.0,-3262.8126718206813
5871.6522376584935,2430.0,-3175.361334447027
5923.61376188556,2430.0,-3041.1797079753096
5975.575286112626,2430.0,-2824.481546235731
6027.536810339692,2430.0,-3054.929820771963
6079.498334566759,2430.0,-38.84292879567435
6131.459858793825,2430.0,-80.74801703533791
6183.421383020891,2430.0,5.52711509161675
6235.3829072479575,2430.0,162.14701869209176
6287.344431475024,2430.0,786.3238824332869
6339.305955702091,2430.0,889.485312448873
6391.267479929156,2430.0,1006.2906667629879
6443.229004156223,2430.0,1056.2367134121935
6495.190528383289,2430.0,1067.1875034527682
6547.152052610356,2430.0,1058.0693704500195
6599.1135768374215,2430.0,1035.0139900761997
6651.075101064488,2430.0,1004.5658972051185
6703.036625291555,2430.0,969.8158750103884
6754.99814951862,2430.0,933.5070524768545
6806.959673745687,2430.0,899.090178101935
6858.921197972753,2430.0,863.838258744804
6910.88272219982,2430.0,832.0047632360844
6962.844246426886,2430.0,801.7416311547782
7014.805770653952,2430.0,775.5487623169806
7066.767294881019,2430.0,755.21339402834
7118.728819108085,2430.0,740.6301670868545
7170.690343335151,2430.0,725.4403614167566
7222.651867562217,2430.0,664.0272779787742
7274.613391789284,2430.0,525.8376488180594
7326.5749160163505,2430.0,136.54597219438486
7378.536440243416,2430.0,-37.56165953418419
7430.497964470483,2430.0,-19.196095762243843
7482.459488697549,2430.0,176.38184972258404
7534.421012924616,2430.0,188.44671682066905
7586.382537151681,2430.0,118.87537085827361
7638.344061378748,2430.0,-2199.2652716344924
7690.3055856058145,2430.0,-1753.0663887714536
7742.267109832881,2430.0,-1675.4406336007728
7794.228634059947,2430.0,-1726.4197617826455
7846.190158287013,2430.0,-1871.0725041383275
7898.15168251408,2430.0,-2078.3858832270116
7950.113206741146,2430.0,-2329.304110322468
8002.074730968212,2430.0,-2621.108488106421
8054.0362551952785,2430.0,-3049.738049334023
8105.997779422345,2430.0,-3610.2926389601207
8157.959303649412,2430.0,-3683.290011557806
8209.920827876478,2430.0,-3690.3722578856773
8261.882352103545,2430.0,-1768.2183149672933
8313.84387633061,2430.0,-1585.6688456163083
8365.805400557676,2430.0,-1475.127823192235
8417.766924784743,2430.0,-1617.5299784444414
8469.728449011809,2430.0,-6486.471090266415
8521.689973238876,2430.0,-6641.906964240812
8573.651497465942,2430.0,-6042.27100785256
8625.613021693009,2430.0,-5680.987714895296
8677.574545920073,2430.0,-5425.604155462696
8729.53607014714,2430.0,-5215.82719896862
8781.497594374207,2430.0,-5043.648544567242
8833.459118601273,2430.0,-4898.354438882054
8885.42064282834,2430.0,-4770.204357714678
8937.382167055406,2430.0,-4653.587140019683
8989.343691282473,2430.0,-4542.320561696065
9041.30521550954,2430.0,-4430.119289217811
9093.266739736604,2430.0,-4315.08540716714
9145.22826396367,2430.0,-4190.843132238151
9197.189788190737,2430.0,-4055.2513434666075
9249.151312417804,2430.0,-3910.701214861153
9301.11283664487,2430.0,-3759.006913836891
9353.074360871937,2430.0,-3601.0138100317863
9405.035885099003,2430.0,-3439.9803258337124
9456.99740932607,2430.0,-3296.2606919679492
9508.958933553135,2430.0,-2948.278287091527
9560.920457780201,2430.0,-4129.893400246955
9612.881982007268,2430.0,-3694.9304700474254
9664.843506234334,2430.0,-3710.9864833146985
9716.8050304614,2430.0,-4100.001315844962
9768.766554688467,2430.0,223.28201386632594
9820.728078915534,2430.0,229.71023800899366
9872.6896031426,2430.0,218.4716506347511
9924.651127369665,2430.0,103.00925760603161
9976.612651596732,2430.0,111.57914751464409
10028.574175823798,2430.0,162.89818984839576
10080.535700050865,2430.0,207.68650503016497
10132.497224277931,2430.0,151.77910588053896
10184.458748504998,2430.0,97.20829607929517
10236.420272732064,2430.0,173.58488487886905
10288.38179695913,2430.0,164.84941331265424
10340.343321186196,2430.0,115.68555472684483
25.980762113533157,2475.0,109.23416258974457
77.94228634059947,2475.0,109.91605176460362
129.90381056766577,2475.0,99.19215779979581
181.8653347947321,2475.0,-134.4125202612201
233.8268590217984,2475.0,-143.13903510350906
285.7883832488647,2475.0,109.20580030144964
337.749907475931,2475.0,98.04566490240973
389.71143170299734,2475.0,54.50715258461158
441.67295593006367,2475.0,-102.33586820930017
493.63448015713,2475.0,26.00817313312566
545.5960043841962,2475.0,600.6264756380796
597.5575286112626,2475.0,795.888256989439
649.5190528383289,2475.0,955.5949635847333
701.4805770653952,2475.0,1025.9959244130298
753.4421012924615,2475.0,1057.468427200371
805.4036255195278,2475.0,1068.4309259799757
857.3651497465942,2475.0,1069.2702604464907
909.3266739736605,2475.0,1065.9115565621414
961.2881982007268,2475.0,1059.3707214703286
1013.2497224277931,2475.0,1048.631614040626
1065.2112466548592,2475.0,1032.8820884288907
1117.1727708819255,2475.0,1014.7959149730033
1169.1342951089919,2475.0,994.7017350706523
1221.0958193360582,2475.0,975.2315243704567
1273.0573435631245,2475.0,958.3353770382969
1325.0188677901908,2475.0,944.4325201928599
1376.9803920172571,2475.0,933.003902734889
1428.9419162443235,2475.0,926.3407899114152
1480.9034404713898,2475.0,920.0832169193839
1532.864964698456,2475.0,909.3179337270535
1584.8264889255224,2475.0,883.0715278317919
1636.7880131525887,2475.0,833.2259872101806
1688.749537379655,2475.0,764.4890535310909
1740.7110616067214,2475.0,709.0240907585005
1792.6725858337877,2475.0,634.2658577930581
1844.634110060854,2475.0,744.2004009653713
1896.5956342879203,2475.0,1635.5200531349897
1948.5571585149867,2475.0,2914.232228068535
2000.518682742053,2475.0,2884.591224448224
2052.4802069691195,2475.0,2854.4627521068523
2104.4417311961856,2475.0,2770.094028799788
2156.403255423252,2475.0,2581.3813350660716
2208.3647796503183,2475.0,2322.77310007693
2260.326303877385,2475.0,2220.541661557505
2312.287828104451,2475.0,2061.498761000587
2364.2493523315175,2475.0,1779.3222883410522
2416.2108765585835,2475.0,1451.8627004227892
2468.17240078565,2475.0,1229.5291036958345
2520.133925012716,2475.0,1107.360242488755
2572.0954492397827,2475.0,1025.2246758253323
2624.056973466849,2475.0,960.0424058345986
2676.0184976939154,2475.0,898.2413979164512
2727.9800219209815,2475.0,832.0190521032564
2779.941546148048,2475.0,752.1957533133527
2831.903070375114,2475.0,656.6755059242266
2883.8645946021807,2475.0,559.9411496915583
2935.8261188292468,2475.0,487.4351204177966
2987.7876430563133,2475.0,442.1102563568177
3039.7491672833794,2475.0,414.97198463500956
3091.710691510446,2475.0,390.52531806183805
3143.672215737512,2475.0,345.22932087584445
3195.6337399645786,2475.0,291.19245778561236
3247.5952641916447,2475.0,60.7522687268666
3299.556788418711,2475.0,33.80972334357723
3351.5183126457773,2475.0,74.18943250278686
3403.4798368728434,2475.0,-109.74401073648119
3455.44136109991,2475.0,-131.35320641629863
3507.402885326976,2475.0,-133.48284254863904
3559.3644095540426,2475.0,-4329.8231338247915
3611.3259337811087,2475.0,-3928.8825110985435
3663.2874580081752,2475.0,-2963.818351849716
3715.2489822352413,2475.0,-3531.2997182389345
3767.210506462308,2475.0,-3686.044574958565
3819.172030689374,2475.0,-3678.2729641104193
3871.1335549164405,2475.0,-3696.3792466557543
3923.0950791435066,2475.0,-3700.8053976527312
3975.056603370573,2475.0,-3702.991250889644
4027.0181275976392,2475.0,-3702.9876527127126
4078.979651824706,2475.0,-3702.2893445800705
4130.941176051772,2475.0,-3700.177442794423
4182.902700278838,2475.0,-3697.000213966759
4234.8642245059045,2475.0,-3695.776961005518
4286.825748732971,2475.0,-3696.205689316769
4338.787272960038,2475.0,-3695.59517282496
4390.748797187103,2475.0,-3695.1857950789313
4442.71032141417,2475.0,-3693.3686867545566
4494.671845641236,2475.0,-3692.782598535697
4546.633369868303,2475.0,-3689.3132300350917
4598.5948940953685,2475.0,-3686.0795166033013
4650.556418322435,2475.0,-3682.5789611503646
4702.517942549502,2475.0,-3681.5396877775765
4754.479466776568,2475.0,-3680.79518782509
4806.440991003634,2475.0,-3677.5375664318435
4858.4025152307,2475.0,-3673.2268061898776
4910.364039457767,2475.0,-3670.9951385110853
4962.3255636848335,2475.0,-3668.7530252990296
5014.287087911899,2475.0,-3665.4518181121553
5066.248612138966,2475.0,-3661.331282429128
5118.210136366032,2475.0,-3655.880752874028
5170.171660593098,2475.0,-3647.7540203330245
5222.133184820164,2475.0,-3637.795217326662
5274.094709047231,2475.0,-3627.5205338693695
5326.0562332742975,2475.0,-3615.8530646624195
5378.017757501363,2475.0,-3601.693186325656
5429.97928172843,2475.0,-3586.075624580487
5481.940805955496,2475.0,-3568.4612246201914
5533.902330182563,2475.0,-3546.323619886437
5585.863854409628,2475.0,-3519.3180032046857
5637.825378636695,2475.0,-3488.6078127023397
5689.7869028637615,2475.0,-3454.1983406876634
5741.748427090828,2475.0,-3416.0885807368304
5793.709951317894,2475.0,-3372.7534794367075
5845.67147554496,2475.0,-3327.6655782434796
5897.632999772027,2475.0,-3267.0366652462358
5949.594523999093,2475.0,-3153.231624227837
6001.556048226159,2475.0,-3063.988338868201
6053.5175724532255,2475.0,-4125.503224173407
6105.479096680292,2475.0,-30.347916222774302
6157.440620907359,2475.0,54.53369168453409
6209.402145134424,2475.0,136.17955170119592
6261.363669361491,2475.0,1241.306685617218
6313.325193588557,2475.0,1332.079697728037
6365.286717815624,2475.0,1375.3047978660416
6417.2482420426895,2475.0,1356.7089054315074
6469.209766269756,2475.0,1320.6621821261192
6521.171290496823,2475.0,1277.0243147558153
6573.132814723889,2475.0,1229.1831860106186
6625.094338950955,2475.0,1179.2889120608158
6677.055863178021,2475.0,1126.144706556674
6729.017387405088,2475.0,1072.34955099417
6780.9789116321535,2475.0,1019.389101580279
6832.94043585922,2475.0,969.2251705558903
6884.901960086287,2475.0,918.9000133700182
6936.863484313353,2475.0,871.7826945895084
6988.825008540419,2475.0,826.5761126154283
7040.786532767485,2475.0,785.9681142443194
7092.748056994552,2475.0,746.8581355821555
7144.7095812216185,2475.0,704.7435679046945
7196.671105448684,2475.0,644.0532412710247
7248.632629675751,2475.0,538.0996598400661
7300.594153902817,2475.0,409.7244668067029
7352.555678129884,2475.0,309.9417235234677
7404.517202356949,2475.0,35.50967105628969
7456.478726584016,2475.0,-12.85887548950402
7508.4402508110825,2475.0,-14.583375260185354
7560.401775038149,2475.0,112.16362781466312
7612.363299265215,2475.0,-6527.018350886165
7664.324823492281,2475.0,-2898.9746757846124
7716.286347719348,2475.0,-1679.9564320576387
7768.247871946414,2475.0,-1498.2109431657539
7820.20939617348,2475.0,-1587.0798442865905
7872.1709204005465,2475.0,-1797.1481171733421
7924.132444627613,2475.0,-2087.6788655232594
7976.09396885468,2475.0,-2438.5828702512836
8028.055493081745,2475.0,-2927.6617591839995
8080.017017308812,2475.0,-3670.353902925892
8131.978541535878,2475.0,-3818.0482124302744
8183.940065762945,2475.0,-1986.3440733712982
8235.901589990011,2475.0,-1801.1066060784813
8287.863114217078,2475.0,-1625.8601660770487
8339.824638444143,2475.0,-1596.9138366912634
8391.78616267121,2475.0,-5863.398471388957
8443.747686898276,2475.0,-6286.62551711525
8495.709211125342,2475.0,-6495.412618042837
8547.670735352409,2475.0,-6038.62471138818
8599.632259579475,2475.0,-5655.157815867173
8651.593783806542,2475.0,-5370.710908036669
8703.555308033607,2475.0,-5139.055391670678
8755.516832260673,2475.0,-4945.942790877612
8807.47835648774,2475.0,-4784.003213641537
8859.439880714806,2475.0,-4644.668233066817
8911.401404941873,2475.0,-4519.829977762591
8963.36292916894,2475.0,-4405.184315266136
9015.324453396006,2475.0,-4294.890776964968
9067.285977623073,2475.0,-4184.579701883748
9119.247501850137,2475.0,-4070.603261405813
9171.209026077204,2475.0,-3949.711443796507
9223.17055030427,2475.0,-3818.091961807987
9275.132074531337,2475.0,-3675.434242322372
9327.093598758403,2475.0,-3523.193838494879
9379.05512298547,2475.0,-3359.591123909623
9431.016647212537,2475.0,-3192.7002880154205
9482.978171439603,2475.0,-3044.2385704717285
9534.939695666668,2475.0,-3025.712910289446
9586.901219893734,2475.0,-4150.125572151725
9638.862744120801,2475.0,-3691.3740569939455
9690.824268347867,2475.0,-3684.4312870958247
9742.785792574934,2475.0,166.0535115151987
9794.747316802,2475.0,136.93083266304865
9846.708841029067,2475.0,146.24129911487114
9898.670365256134,2475.0,121.29717164106755
9950.631889483198,2475.0,96.25818563949136
10002.593413710265,2475.0,105.68811368399467
10054.554937937331,2475.0,162.03392989381564
10106.516462164398,2475.0,138.84037210054998
10158.477986391465,2475.0,-263.6691499525671
10210.439510618531,2475.0,-267.15113987621135
10262.401034845598,2475.0,-315.6218315115421
10314.362559072662,2475.0,-312.53990365273864
10366.324083299729,2475.0,-322.6181774922036
0.0,2520.0,132.8141145838424
51.96152422706631,2520.0,148.1101386218641
103.92304845413263,2520.0,144.65849256963716
155.88457268119893,2520.0,83.10124734902752
207.84609690826525,2520.0,107.99566067342136
259.80762113533154,2520.0,121.60141619074406
311.76914536239786,2520.0,107.338369776506
363.7306695894642,2520.0,-32.88861407337049
415.6921938165305,2520.0,-61.31570372760541
467.6537180435968,2520.0,36.80763276481504
519.6152422706631,2520.0,700.9557053034291
571.5767664977294,2520.0,872.6469463490764
623.5382907247957,2520.0,1044.4140429739277
675.499814951862,2520.0,1134.2010834656135
727.4613391789284,2520.0,1173.2566440077403
779.4228634059947,2520.0,1185.1660582207655
831.384387633061,2520.0,1182.6795446008532
883.3459118601273,2520.0,1172.8672175820961
935.3074360871937,2520.0,1159.021846439889
987.26896031426,2520.0,1144.3528909000247
1039.2304845413262,2520.0,1125.2787863140925
1091.1920087683925,2520.0,1104.9695271984474
1143.1535329954588,2520.0,1085.392827606774
1195.1150572225251,2520.0,1068.8526453617374
1247.0765814495915,2520.0,1054.4001447539779
1299.0381056766578,2520.0,1045.4433306155388
1350.999629903724,2520.0,1044.154641378917
1402.9611541307904,2520.0,1052.603557330931
1454.9226783578567,2520.0,1072.6921502435912
1506.884202584923,2520.0,1100.6341758948008
1558.8457268119894,2520.0,1123.8131283944203
1610.8072510390557,2520.0,1115.1809843928172
1662.768775266122,2520.0,1041.2867308915686
1714.7302994931883,2520.0,922.8504920802468
1766.6918237202547,2520.0,811.3619530299234
1818.653347947321,2520.0,838.2198326685757
1870.6148721743873,2520.0,1204.454660520324
1922.5763964014536,2520.0,1584.228390543763
1974.53792062852,2520.0,1990.4262790347589
2026.4994448555863,2520.0,2277.6267808057664
2078.4609690826524,2520.0,2351.5925844015305
2130.422493309719,2520.0,2322.7365203211166
2182.384017536785,2520.0,2252.643085358867
2234.3455417638515,2520.0,2142.6583788001662
2286.3070659909176,2520.0,1995.4158074117868
2338.268590217984,2520.0,1818.0119546708174
2390.2301144450503,2520.0,1593.68436561195
2442.191638672117,2520.0,1382.926568738546
2494.153162899183,2520.0,1232.7332251574535
2546.1146871262495,2520.0,1125.4202299993465
2598.0762113533156,2520.0,1043.3867505943408
2650.037735580382,2520.0,972.4716654390546
2701.999259807448,2520.0,907.0153244913477
2753.9607840345147,2520.0,839.1036618309747
2805.922308261581,2520.0,768.0237831010111
2857.8838324886474,2520.0,697.6091348782985
2909.8453567157135,2520.0,635.5615048630764
2961.80688094278,2520.0,589.4201177424379
3013.768405169846,2520.0,556.4301737927508
3065.7299293969127,2520.0,529.7362326045495
3117.6914536239788,2520.0,497.0407640248028
3169.6529778510453,2520.0,436.64285839834395
3221.6145020781114,2520.0,379.3643229434839
3273.576026305178,2520.0,145.48617253085126
3325.537550532244,2520.0,56.94658016220325
3377.49907475931,2520.0,89.87195980537545
3429.4605989863767,2520.0,-148.84334626632366
3481.422123213443,2520.0,-138.9501536353983
3533.3836474405093,2520.0,-1873.06468163389
3585.3451716675754,2520.0,-3935.604933456857
3637.306695894642,2520.0,-3833.9600556359437
3689.268220121708,2520.0,-3568.0393746500686
3741.2297443487746,2520.0,-3695.917297423138
3793.1912685758407,2520.0,-3660.751512226384
3845.1527928029072,2520.0,-3681.988886433948
3897.1143170299733,2520.0,-3700.3315627010215
3949.07584125704,2520.0,-3705.280926868035
4001.037365484106,2520.0,-3706.4172377365535
4052.9988897111725,2520.0,-3705.0674177894043
4104.960413938239,2520.0,-3702.908395269817
4156.921938165305,2520.0,-3698.2289798028532
4208.883462392371,2520.0,-3696.3277172517055
4260.844986619438,2520.0,-3697.044042252138
4312.806510846504,2520.0,-3696.176705039441
4364.76803507357,2520.0,-3695.022895000656
4416.7295593006365,2520.0,-3692.382715482166
4468.691083527703,2520.0,-3691.577387332797
4520.65260775477,2520.0,-3688.3685130636513
4572.614131981835,2520.0,-3685.033251640338
4624.575656208902,2520.0,-3681.567560487938
4676.537180435968,2520.0,-3680.0436129236004
4728.498704663035,2520.0,-3679.2623275060178
4780.460228890101,2520.0,-3676.5970413686755
4832.421753117167,2520.0,-3673.3244244949165
4884.383277344234,2520.0,-3670.951797588705
4936.3448015713,2520.0,-3669.310876799011
4988.306325798366,2520.0,-3666.846349875612
5040.267850025432,2520.0,-3664.906685921269
5092.229374252499,2520.0,-3660.3285636352825
5144.190898479565,2520.0,-3652.2654094528125
5196.152422706631,2520.0,-3643.903520400723
5248.113946933698,2520.0,-3635.482698220006
5300.075471160764,2520.0,-3625.1094159245495
5352.03699538783,2520.0,-3614.904817520174
5403.998519614896,2520.0,-3602.6831906309726
5455.960043841963,2520.0,-3588.0364070829382
5507.9215680690295,2520.0,-3571.2576311864445
5559.883092296095,2520.0,-3551.4839365871294
5611.844616523162,2520.0,-3530.1571588435345
5663.806140750228,2520.0,-3506.8400285808857
5715.767664977295,2520.0,-3481.85341672467
5767.72918920436,2520.0,-3449.7960505787782
5819.690713431427,2520.0,-3408.8011500813773
5871.6522376584935,2520.0,-3376.988064300892
5923.61376188556,2520.0,-3235.0794848246146
5975.575286112626,2520.0,-4275.093200508259
6027.536810339692,2520.0,-4171.115848856209
6079.498334566759,2520.0,-3584.744680486897
6131.459858793825,2520.0,-3397.809973433535
6183.421383020891,2520.0,2841.92251389787
6235.3829072479575,2520.0,2661.1091801865878
6287.344431475024,2520.0,1763.4647838626881
6339.305955702091,2520.0,1851.8140805363612
6391.267479929156,2520.0,1767.7608776196566
6443.229004156223,2520.0,1641.6968695372968
6495.190528383289,2520.0,1543.5636067505868
6547.152052610356,2520.0,1459.5242131273703
6599.1135768374215,2520.0,1384.0848291452585
6651.075101064488,2520.0,1309.0484617264347
6703.036625291555,2520.0,1235.167638290624
6754.99814951862,2520.0,1163.4345275105818
6806.959673745687,2520.0,1094.4589140579074
6858.921197972753,2520.0,1025.9473440274207
6910.88272219982,2520.0,959.4477814909394
6962.844246426886,2520.0,896.6904108452786
7014.805770653952,2520.0,839.8175277775706
7066.767294881019,2520.0,784.2507779834139
7118.728819108085,2520.0,728.6407777840423
7170.690343335151,2520.0,669.6467608441861
7222.651867562217,2520.0,597.2693919638511
7274.613391789284,2520.0,509.1473288670463
7326.5749160163505,2520.0,414.1357686059266
7378.536440243416,2520.0,353.44697807035743
7430.497964470483,2520.0,92.47801887912962
7482.459488697549,2520.0,67.06028596286865
7534.421012924616,2520.0,-13.915418641483114
7586.382537151681,2520.0,119.2460412076232
7638.344061378748,2520.0,-6525.942610261945
7690.3055856058145,2520.0,-2262.106710215062
7742.267109832881,2520.0,-1214.5187585375957
7794.228634059947,2520.0,-1177.1968216653431
7846.190158287013,2520.0,-1376.3421550530118
7898.15168251408,2520.0,-1704.7780929641704
7950.113206741146,2520.0,-2142.401198146441
8002.074730968212,2520.0,-2715.5011121764664
8054.0362551952785,2520.0,-3453.8169333931082
8105.997779422345,2520.0,-3776.5509468069004
8157.959303649412,2520.0,-1498.487875273993
8209.920827876478,2520.0,-1615.6287013033993
8261.882352103545,2520.0,-1403.3089838025087
8313.84387633061,2520.0,-6276.462860998163
8365.805400557676,2520.0,-6021.282899966314
8417.766924784743,2520.0,-5780.828104682348
8469.728449011809,2520.0,-6339.83261712268
8521.689973238876,2520.0,-5919.066687835498
8573.651497465942,2520.0,-5559.411836441881
8625.613021693009,2520.0,-5274.865707285158
8677.574545920073,2520.0,-5034.020148457381
8729.53607014714,2520.0,-4832.193275112932
8781.497594374207,2520.0,-4660.611432137365
8833.459118601273,2520.0,-4515.069754822096
8885.42064282834,2520.0,-4386.893058065238
8937.382167055406,2520.0,-4272.599249344593
8989.343691282473,2520.0,-4166.366494031392
9041.30521550954,2520.0,-4065.4471709501813
9093.266739736604,2520.0,-3962.3490642213583
9145.22826396367,2520.0,-3853.364262053015
9197.189788190737,2520.0,-3736.5841665579883
9249.151312417804,2520.0,-3608.9324796755864
9301.11283664487,2520.0,-3467.7133593780554
9353.074360871937,2520.0,-3306.1804767391013
9405.035885099003,2520.0,-3119.5463091726456
9456.99740932607,2520.0,-2904.972402121524
9508.958933553135,2520.0,-2632.6475929017124
9560.920457780201,2520.0,-3037.93572264972
9612.881982007268,2520.0,196.94465124119301
9664.843506234334,2520.0,198.59109109871224
9716.8050304614,2520.0,-283.71690946402697
9768.766554688467,2520.0,-360.9840993873044
9820.728078915534,2520.0,-376.6002399876447
9872.6896031426,2520.0,-326.2027415171483
9924.651127369665,2520.0,114.10875292198753
9976.612651596732,2520.0,139.58260202032812
10028.574175823798,2520.0,157.57993914505886
10080.535700050865,2520.0,-354.5827101680919
10132.497224277931,2520.0,-308.382487827168
10184.458748504998,2520.0,-308.21322831936897
10236.420272732064,2520.0,-265.5517150143909
10288.38179695913,2520.0,-305.5233729819109
10340.343321186196,2520.0,-300.57911246040607
25.980762113533157,2565.0,-331.2534209049222
77.94228634059947,2565.0,-413.2079757602216
129.90381056766577,2565.0,146.86842727635704
181.8653347947321,2565.0,140.15804878228678
233.8268590217984,2565.0,98.56652684470689
285.7883832488647,2565.0,122.82778604464866
337.749907475931,2565.0,-14.640758233129446
389.71143170299734,2565.0,-43.980947366033405
441.67295593006367,2565.0,173.0035433721196
493.63448015713,2565.0,1040.0708385553412
545.5960043841962,2565.0,1103.9656037379018
597.5575286112626,2565.0,1230.776195273228
649.5190528383289,2565.0,1295.189711895052
701.4805770653952,2565.0,1322.1103418385276
753.4421012924615,2565.0,1324.2216183185121
805.4036255195278,2565.0,1313.1943179722996
857.3651497465942,2565.0,1293.6817382860424
909.3266739736605,2565.0,1270.0562279139804
961.2881982007268,2565.0,1245.6760783596014
1013.2497224277931,2565.0,1222.1152062620085
1065.2112466548592,2565.0,1198.1722619029392
1117.1727708819255,2565.0,1175.649814634969
1169.1342951089919,2565.0,1157.064752280652
1221.0958193360582,2565.0,1144.2938852427997
1273.0573435631245,2565.0,1135.3505669327806
1325.0188677901908,2565.0,1137.633928135158
1376.9803920172571,2565.0,1154.4012263943123
1428.9419162443235,2565.0,1191.007881683433
1480.9034404713898,2565.0,1254.6453803732315
1532.864964698456,2565.0,1348.8735019146097
1584.8264889255224,2565.0,1448.9710528665496
1636.7880131525887,2565.0,1445.6189343787034
1688.749537379655,2565.0,1257.6401882573132
1740.7110616067214,2565.0,1057.2125434294312
1792.6725858337877,2565.0,996.7604647221317
1844.634110060854,2565.0,1162.8363531312543
1896.5956342879203,2565.0,1287.4610547376897
1948.5571585149867,2565.0,1661.9688333609881
2000.518682742053,2565.0,1979.5835378141167
2052.4802069691195,2565.0,2121.208644061311
2104.4417311961856,2565.0,2153.982487744836
2156.403255423252,2565.0,2116.9868254677217
2208.3647796503183,2565.0,2029.8613960154034
2260.326303877385,2565.0,1912.1968845363504
2312.287828104451,2565.0,1775.4261337155358
2364.2493523315175,2565.0,1622.3151226621508
2416.2108765585835,2565.0,1466.5703507464218
2468.17240078565,2565.0,1327.3778991422223
2520.133925012716,2565.0,1215.1639258966125
2572.0954492397827,2565.0,1125.3653343538112
2624.056973466849,2565.0,1048.6653005356593
2676.0184976939154,2565.0,980.6538912773365
2727.9800219209815,2565.0,918.9603965435804
2779.941546148048,2565.0,858.829324556135
2831.903070375114,2565.0,801.8733522851953
2883.8645946021807,2565.0,751.0652011569441
2935.8261188292468,2565.0,710.9704902917545
2987.7876430563133,2565.0,681.5286343273128
3039.7491672833794,2565.0,660.9548629423246
3091.710691510446,2565.0,641.4549413328735
3143.672215737512,2565.0,614.6022850552231
3195.6337399645786,2565.0,565.9110206379445
3247.5952641916447,2565.0,526.7382025736679
3299.556788418711,2565.0,536.8349510869838
3351.5183126457773,2565.0,105.19716742955994
3403.4798368728434,2565.0,22.596080573853147
3455.44136109991,2565.0,-22.95771095394258
3507.402885326976,2565.0,-1871.6381746600869
3559.3644095540426,2565.0,-3904.2455503525744
3611.3259337811087,2565.0,-3855.4926183325624
3663.2874580081752,2565.0,-4314.437348474099
3715.2489822352413,2565.0,-4230.8386118134595
3767.210506462308,2565.0,-3221.785945771823
3819.172030689374,2565.0,-3644.704193206437
3871.1335549164405,2565.0,-3689.807202029482
3923.0950791435066,2565.0,-3706.7453681867655
3975.056603370573,2565.0,-3708.5736113303915
4027.0181275976392,2565.0,-3706.019549289683
4078.979651824706,2565.0,-3702.650874591135
4130.941176051772,2565.0,-3698.991984426654
4182.902700278838,2565.0,-3693.9411791356893
4234.8642245059045,2565.0,-3691.929868870264
4286.825748732971,2565.0,-3691.986544821606
4338.787272960038,2565.0,-3691.9328107040155
4390.748797187103,2565.0,-3689.6403071292743
4442.71032141417,2565.0,-3688.350310759187
4494.671845641236,2565.0,-3686.2868751190804
4546.633369868303,2565.0,-3683.330637331066
4598.5948940953685,2565.0,-3679.989234001553
4650.556418322435,2565.0,-3676.6475311720096
4702.517942549502,2565.0,-3674.760662134633
4754.479466776568,2565.0,-3673.543723692621
4806.440991003634,2565.0,-3672.2408142009363
4858.4025152307,2565.0,-3670.0496368143704
4910.364039457767,2565.0,-3666.663719731022
4962.3255636848335,2565.0,-3665.041076613024
5014.287087911899,2565.0,-3663.9358363035817
5066.248612138966,2565.0,-3661.7863926245855
5118.210136366032,2565.0,-3657.4680500842574
5170.171660593098,2565.0,-3650.175240364997
5222.133184820164,2565.0,-3642.8127075245684
5274.094709047231,2565.0,-3634.1559486420388
5326.0562332742975,2565.0,-3624.8911947583183
5378.017757501363,2565.0,-3615.1970458549067
5429.97928172843,2565.0,-3605.103257509053
5481.940805955496,2565.0,-3592.067406676935
5533.902330182563,2565.0,-3579.0862757405357
5585.863854409628,2565.0,-3564.7365826467085
5637.825378636695,2565.0,-3549.297013486861
5689.7869028637615,2565.0,-3533.671943713959
5741.748427090828,2565.0,-3511.2920996703347
5793.709951317894,2565.0,-3472.674513583134
5845.67147554496,2565.0,-3113.7732843760846
5897.632999772027,2565.0,-3146.8599339497205
5949.594523999093,2565.0,-4365.050203674387
6001.556048226159,2565.0,-3691.95776050708
6053.5175724532255,2565.0,-3566.4609887997394
6105.479096680292,2565.0,-3340.1204100397345
6157.440620907359,2565.0,-1729.3806338476475
6209.402145134424,2565.0,2787.925027158979
6261.363669361491,2565.0,2658.195330557609
6313.325193588557,2565.0,2638.2964402144084
6365.286717815624,2565.0,2143.4905825915307
6417.2482420426895,2565.0,2011.5801674302218
6469.209766269756,2565.0,1847.2875057836818
6521.171290496823,2565.0,1720.0727493523266
6573.132814723889,2565.0,1612.6445272511044
6625.094338950955,2565.0,1515.3083687583007
6677.055863178021,2565.0,1420.9446162236904
6729.017387405088,2565.0,1329.012825124711
6780.9789116321535,2565.0,1239.4312677144617
6832.94043585922,2565.0,1154.4081895938975
6884.901960086287,2565.0,1071.2404715650364
6936.863484313353,2565.0,990.0008418921104
6988.825008540419,2565.0,914.0997322719518
7040.786532767485,2565.0,845.0097761457434
7092.748056994552,2565.0,778.5367396007613
7144.7095812216185,2565.0,712.8416659669449
7196.671105448684,2565.0,649.9882363638862
7248.632629675751,2565.0,586.4670959542195
7300.594153902817,2565.0,527.2807584387787
7352.555678129884,2565.0,482.4089650855693
7404.517202356949,2565.0,532.0107242498398
7456.478726584016,2565.0,806.9763118296933
7508.4402508110825,2565.0,2381.7607413030255
7560.401775038149,2565.0,3008.2165509506876
7612.363299265215,2565.0,137.78551334811672
7664.324823492281,2565.0,125.19023554890066
7716.286347719348,2565.0,111.34812171541019
7768.247871946414,2565.0,-823.9608317175216
7820.20939617348,2565.0,-926.0824958905996
7872.1709204005465,2565.0,-1182.5516475638651
7924.132444627613,2565.0,-1625.6771622979543
7976.09396885468,2565.0,-2416.2512352620433
8028.055493081745,2565.0,-3351.248550061059
8080.017017308812,2565.0,-3676.4215323931585
8131.978541535878,2565.0,-1646.0797824101503
8183.940065762945,2565.0,-1761.3264923030333
8235.901589990011,2565.0,-6218.661084579152
8287.863114217078,2565.0,-6370.607183305223
8339.824638444143,2565.0,-6201.258980893348
8391.78616267121,2565.0,-6063.838044847938
8443.747686898276,2565.0,-5782.211073979552
8495.709211125342,2565.0,-5679.313947217943
8547.670735352409,2565.0,-5387.827941737383
8599.632259579475,2565.0,-5124.234674368001
8651.593783806542,2565.0,-4890.265255656918
8703.555308033607,2565.0,-4688.041385719916
8755.516832260673,2565.0,-4517.745213294861
8807.47835648774,2565.0,-4372.7535198780515
8859.439880714806,2565.0,-4248.2574070144765
8911.401404941873,2565.0,-4139.277882423019
8963.36292916894,2565.0,-4039.875296909231
9015.324453396006,2565.0,-3946.8836181028137
9067.285977623073,2565.0,-3858.3537561421344
9119.247501850137,2565.0,-3765.9215801776145
9171.209026077204,2565.0,-3665.849850028827
9223.17055030427,2565.0,-3556.4632821556875
9275.132074531337,2565.0,-3435.4980107104507
9327.093598758403,2565.0,-3293.406145621616
9379.05512298547,2565.0,-3115.162640919798
9431.016647212537,2565.0,-2874.9552917101114
9482.978171439603,2565.0,-2489.528774087604
9534.939695666668,2565.0,-2100.8654191600444
9586.901219893734,2565.0,217.2464025246046
9638.862744120801,2565.0,202.1094456689367
9690.824268347867,2565.0,-320.12529859751425
9742.785792574934,2565.0,-262.3203308445477
9794.747316802,2565.0,-257.12925307156576
9846.708841029067,2565.0,-287.5629984818835
9898.670365256134,2565.0,-331.343426303929
9950.631889483198,2565.0,-312.52076336557747
10002.593413710265,2565.0,-340.3788313656404
10054.554937937331,2565.0,-334.65171442549206
10106.516462164398,2565.0,-246.50707466546774
10158.477986391465,2565.0,-229.54889573541104
10210.439510618531,2565.0,136.6334060839123
10262.401034845598,2565.0,122.8247482112395
10314.362559072662,2565.0,-235.8595804635748
10366.324083299729,2565.0,-316.1258538168462
0.0,2610.0,-198.0157017197129
51.96152422706631,2610.0,-297.65781947922983
103.92304845413263,2610.0,-419.8308987929821
155.88457268119893,2610.0,-382.61726449980904
207.84609690826525,2610.0,88.66459847484414
259.80762113533154,2610.0,122.7567572679277
311.76914536239786,2610.0,127.90807497448452
363.7306695894642,2610.0,2930.629310128692
415.6921938165305,2610.0,2669.375633577812
467.6537180435968,2610.0,1756.1209574194045
519.6152422706631,2610.0,1561.839111243022
571.5767664977294,2610.0,1542.8094961580782
623.5382907247957,2610.0,1532.6989323188598
675.499814951862,2610.0,1516.6984914714571
727.4613391789284,2610.0,1492.962839233066
779.4228634059947,2610.0,1462.919121388445
831.384387633061,2610.0,1428.6503049358826
883.3459118601273,2610.0,1393.6780776033522
935.3074360871937,2610.0,1360.180835406431
987.26896031426,2610.0,1328.1151516027157
1039.2304845413262,2610.0,1297.0985014055404
1091.1920087683925,2610.0,1269.041821674296
1143.1535329954588,2610.0,1246.0882938990408
1195.1150572225251,2610.0,1229.3507693583938
1247.0765814495915,2610.0,1217.5142947520471
1299.0381056766578,2610.0,1218.251792676599
1350.999629903724,2610.0,1234.0540949971428
1402.9611541307904,2610.0,1272.6093535000318
1454.9226783578567,2610.0,1349.610253837189
1506.884202584923,2610.0,1490.2632293268198
1558.8457268119894,2610.0,1732.9613318820611
1610.8072510390557,2610.0,2089.2723304768087
1662.768775266122,2610.0,2140.7097005786954
1714.7302994931883,2610.0,1685.9498142909376
1766.6918237202547,2610.0,1296.5097653091093
1818.653347947321,2610.0,1224.3824022474255
1870.6148721743873,2610.0,1252.83023076934
1922.5763964014536,2610.0,1507.863536772668
1974.53792062852,2610.0,1741.727758782148
2026.4994448555863,2610.0,1885.4097301361535
2078.4609690826524,2610.0,1950.8151642873165
2130.422493309719,2610.0,1955.9262328379882
2182.384017536785,2610.0,1913.0545907564533
2234.3455417638515,2610.0,1834.699981757945
2286.3070659909176,2610.0,1733.3432311138931
2338.268590217984,2610.0,1619.3387149405671
2390.2301144450503,2610.0,1500.6198669245732
2442.191638672117,2610.0,1384.8057181420536
2494.153162899183,2610.0,1281.7969297740347
2546.1146871262495,2610.0,1194.3898637794089
2598.0762113533156,2610.0,1118.1415183064132
2650.037735580382,2610.0,1049.7049304028947
2701.999259807448,2610.0,990.7151608518395
2753.9607840345147,2610.0,936.7241767174139
2805.922308261581,2610.0,887.2281194914963
2857.8838324886474,2610.0,844.1257359977221
2909.8453567157135,2610.0,809.9452684910486
2961.80688094278,2610.0,786.2961341859398
3013.768405169846,2610.0,773.5687314182628
3065.7299293969127,2610.0,766.507050742999
3117.6914536239788,2610.0,765.2421385135096
3169.6529778510453,2610.0,765.0627240649605
3221.6145020781114,2610.0,766.8364789059515
3273.576026305178,2610.0,770.3113671521724
3325.537550532244,2610.0,842.5535680565785
3377.49907475931,2610.0,245.6150264338967
3429.4605989863767,2610.0,2.882138461386205
3481.422123213443,2610.0,2634.769732518299
3533.3836474405093,2610.0,-2630.2804297574676
3585.3451716675754,2610.0,-4153.5983376567065
3637.306695894642,2610.0,-4274.886516532522
3689.268220121708,2610.0,-3140.4534013353423
3741.2297443487746,2610.0,-3212.3284307319914
3793.1912685758407,2610.0,-3645.2527567853695
3845.1527928029072,2610.0,-3682.419700268605
3897.1143170299733,2610.0,-3706.62898242954
3949.07584125704,2610.0,-3707.9844234007537
4001.037365484106,2610.0,-3703.6990293199615
4052.9988897111725,2610.0,-3699.280000221439
4104.960413938239,2610.0,-3695.4106446809747
4156.921938165305,2610.0,-3690.6598892305874
4208.883462392371,2610.0,-3688.6716353565025
4260.844986619438,2610.0,-3687.3302432875544
4312.806510846504,2610.0,-3686.8761569680332
4364.76803507357,2610.0,-3685.28165154444
4416.7295593006365,2610.0,-3684.738468314117
4468.691083527703,2610.0,-3681.8979238927627
4520.65260775477,2610.0,-3678.2824561873576
4572.614131981835,2610.0,-3675.1317198099773
4624.575656208902,2610.0,-3672.3958189935906
4676.537180435968,2610.0,-3670.7013905928798
4728.498704663035,2610.0,-3669.7683650777644
4780.460228890101,2610.0,-3668.8484519136364
4832.421753117167,2610.0,-3669.3642025066874
4884.383277344234,2610.0,-3667.269791958799
4936.3448015713,2610.0,-3665.304285135182
4988.306325798366,2610.0,-3665.177761491611
5040.267850025432,2610.0,-3663.4725837031037
5092.229374252499,2610.0,-3661.8440067570955
5144.190898479565,2610.0,-3656.286973843497
5196.152422706631,2610.0,-3649.571250480132
5248.113946933698,2610.0,-3641.4569124218115
5300.075471160764,2610.0,-3634.100226974782
5352.03699538783,2610.0,-3627.8766263310727
5403.998519614896,2610.0,-3620.557076433739
5455.960043841963,2610.0,-3610.37142286973
5507.9215680690295,2610.0,-3599.853452797347
5559.883092296095,2610.0,-3589.8238076663656
5611.844616523162,2610.0,-3578.6345192211984
5663.806140750228,2610.0,-3566.2740836668363
5715.767664977295,2610.0,-3553.987504325926
5767.72918920436,2610.0,-3533.284004528274
5819.690713431427,2610.0,-3212.225974339087
5871.6522376584935,2610.0,-4327.589813086221
5923.61376188556,2610.0,-4387.637388697996
5975.575286112626,2610.0,-3693.6509719859687
6027.536810339692,2610.0,-3429.1499904691927
6079.498334566759,2610.0,-3307.574108147783
6131.459858793825,2610.0,-5158.449559760299
6183.421383020891,2610.0,-1754.9758366951928
6235.3829072479575,2610.0,2628.185817327595
6287.344431475024,2610.0,2717.578708432325
6339.305955702091,2610.0,2644.5878055401718
6391.267479929156,2610.0,2305.6371262371345
6443.229004156223,2610.0,2168.891644836197
6495.190528383289,2610.0,2002.8852280615477
6547.152052610356,2610.0,1865.8952820907166
6599.1135768374215,2610.0,1744.860413061554
6651.075101064488,2610.0,1630.5009649305089
6703.036625291555,2610.0,1518.8690243131875
6754.99814951862,2610.0,1409.1015754545751
6806.959673745687,2610.0,1303.0323819293424
6858.921197972753,2610.0,1200.557811707708
6910.88272219982,2610.0,1100.1784245254635
6962.844246426886,2610.0,1006.6116310857177
7014.805770653952,2610.0,920.6905382975605
7066.767294881019,2610.0,839.9955446716486
7118.728819108085,2610.0,765.3600674226244
7170.690343335151,2610.0,698.9238833582369
7222.651867562217,2610.0,638.4825906400251
7274.613391789284,2610.0,589.0620615166606
7326.5749160163505,2610.0,560.339035650254
7378.536440243416,2610.0,581.5997822608808
7430.497964470483,2610.0,738.2203042188286
7482.459488697549,2610.0,985.7841556891331
7534.421012924616,2610.0,2471.298372278005
7586.382537151681,2610.0,-23.797259315596136
7638.344061378748,2610.0,144.69588826315226
7690.3055856058145,2610.0,166.36198772787276
7742.267109832881,2610.0,132.01258537025615
7794.228634059947,2610.0,169.6652348843324
7846.190158287013,2610.0,168.4559737351321
7898.15168251408,2610.0,-1135.813062422014
7950.113206741146,2610.0,-1822.4985839303563
8002.074730968212,2610.0,-3268.60911914962
8054.0362551952785,2610.0,-3592.1649014160666
8105.997779422345,2610.0,-1738.6910517010708
8157.959303649412,2610.0,-2069.4723627166113
8209.920827876478,2610.0,-6190.916052775936
8261.882352103545,2610.0,-6170.081708014452
8313.84387633061,2610.0,-6186.866871190756
8365.805400557676,2610.0,-5771.938535432398
8417.766924784743,2610.0,-5561.311475146625
8469.728449011809,2610.0,-5332.989375613319
8521.689973238876,2610.0,-5128.824194689277
8573.651497465942,2610.0,-4906.803958973453
8625.613021693009,2610.0,-4695.665294963661
8677.574545920073,2610.0,-4507.153974122934
8729.53607014714,2610.0,-4345.067412099874
8781.497594374207,2610.0,-4208.032600693389
8833.459118601273,2610.0,-4092.36464129021
8885.42064282834,2610.0,-3994.4594781573614
8937.382167055406,2610.0,-3906.6672433345693
8989.343691282473,2610.0,-3826.883141417929
9041.30521550954,2610.0,-3753.3520594968177
9093.266739736604,2610.0,-3678.3652443438623
9145.22826396367,2610.0,-3600.425500336476
9197.189788190737,2610.0,-3514.6030585189674
9249.151312417804,2610.0,-3420.06208420744
9301.11283664487,2610.0,-3309.0673368615603
9353.074360871937,2610.0,-3169.5574005197295
9405.035885099003,2610.0,-2984.672111855528
9456.99740932607,2610.0,-2673.6087986654284
9508.958933553135,2610.0,-2149.0648790943037
9560.920457780201,2610.0,143.3432509639382
9612.881982007268,2610.0,177.65894076548057
9664.843506234334,2610.0,-328.2706764743072
9716.8050304614,2610.0,-302.7789918308121
9768.766554688467,2610.0,620.9276165075632
9820.728078915534,2610.0,639.5474430154793
9872.6896031426,2610.0,-94.58103757455456
9924.651127369665,2610.0,-106.9403812158781
9976.612651596732,2610.0,-219.27833784175922
10028.574175823798,2610.0,-200.35629332764933
10080.535700050865,2610.0,-128.8478590985235
10132.497224277931,2610.0,398.9782464466075
10184.458748504998,2610.0,413.3444819530656
10236.420272732064,2610.0,427.3238361648398
10288.38179695913,2610.0,409.51763287959784
10340.343321186196,2610.0,-98.45576099062946
25.980762113533157,2655.0,627.4206255461702
77.94228634059947,2655.0,-75.16534441980573
129.90381056766577,2655.0,-305.71774328425994
181.8653347947321,2655.0,-345.7303577464736
233.8268590217984,2655.0,-338.30926708958987
285.7883832488647,2655.0,-314.72534383873096
337.749907475931,2655.0,4013.832873658812
389.71143170299734,2655.0,3776.3205707404895
441.67295593006367,2655.0,2797.08282904971
493.63448015713,2655.0,2224.852407823914
545.5960043841962,2655.0,1979.5368359397191
597.5575286112626,2655.0,1845.6020183119394
649.5190528383289,2655.0,1758.8786491642043
701.4805770653952,2655.0,1692.6566203830541
753.4421012924615,2655.0,1635.2917873010474
805.4036255195278,2655.0,1580.7383856087017
857.3651497465942,2655.0,1530.6458010129572
909.3266739736605,2655.0,1482.5082776038457
961.2881982007268,2655.0,1439.3980102631035
1013.2497224277931,2655.0,1399.563893177964
1065.2112466548592,2655.0,1364.9507267312947
1117.1727708819255,2655.0,1334.2286656414708
1169.1342951089919,2655.0,1311.319450604169
1221.0958193360582,2655.0,1297.2446512345746
1273.0573435631245,2655.0,1291.0019530821758
1325.0188677901908,2655.0,1300.1431703813473
1376.9803920172571,2655.0,1328.3485166473924
1428.9419162443235,2655.0,1388.0151593456906
1480.9034404713898,2655.0,1508.8938906756598
1532.864964698456,2655.0,1766.9465376205076
1584.8264889255224,2655.0,2403.598841154226
1636.7880131525887,2655.0,3351.6037570372146
1688.749537379655,2655.0,3593.162042531655
1740.7110616067214,2655.0,2077.846319952985
1792.6725858337877,2655.0,1426.5393052330926
1844.634110060854,2655.0,1329.1618351993716
1896.5956342879203,2655.0,1530.349653183852
1948.5571585149867,2655.0,1680.7328640883038
2000.518682742053,2655.0,1772.0331005335538
2052.4802069691195,2655.0,1822.0153615688155
2104.4417311961856,2655.0,1834.6597603473165
2156.403255423252,2655.0,1813.1063188315834
2208.3647796503183,2655.0,1763.322759916525
2260.326303877385,2655.0,1691.323698231995
2312.287828104451,2655.0,1604.1732821735095
2364.2493523315175,2655.0,1510.1052275844881
2416.2108765585835,2655.0,1414.73231896978
2468.17240078565,2655.0,1325.5681817877298
2520.133925012716,2655.0,1244.4859752646198
2572.0954492397827,2655.0,1173.4636996546367
2624.056973466849,2655.0,1109.922023763802
2676.0184976939154,2655.0,1052.76563817942
2727.9800219209815,2655.0,1001.8854226844601
2779.941546148048,2655.0,957.5776120159474
2831.903070375114,2655.0,919.8654618552009
2883.8645946021807,2655.0,889.5025546899373
2935.8261188292468,2655.0,870.4743059298984
2987.7876430563133,2655.0,863.4119849214012
3039.7491672833794,2655.0,868.11458309677
3091.710691510446,2655.0,883.1372110344802
3143.672215737512,2655.0,911.7739935942126
3195.6337399645786,2655.0,960.6545373379793
3247.5952641916447,2655.0,1041.2598767413187
3299.556788418711,2655.0,1176.3272443803623
3351.5183126457773,2655.0,1458.1498201595136
3403.4798368728434,2655.0,2761.4096082831193
3455.44136109991,2655.0,2844.891007837571
3507.402885326976,2655.0,-2820.4118893876525
3559.3644095540426,2655.0,-6462.325311652863
3611.3259337811087,2655.0,-3126.1690108524344
3663.2874580081752,2655.0,-3098.003903714357
3715.2489822352413,2655.0,-3726.6432786474033
3767.210506462308,2655.0,-3700.684765522142
3819.172030689374,2655.0,-3708.327080089948
3871.1335549164405,2655.0,-3716.81160066751
3923.0950791435066,2655.0,-3712.9322692789056
3975.056603370573,2655.0,-3703.5004393040363
4027.0181275976392,2655.0,-3694.9573460730326
4078.979651824706,2655.0,-3689.02003859051
4130.941176051772,2655.0,-3683.841817659616
4182.902700278838,2655.0,-3680.710676734494
4234.8642245059045,2655.0,-3677.372137496678
4286.825748732971,2655.0,-3677.2890896012386
4338.787272960038,2655.0,-3677.115101449106
4390.748797187103,2655.0,-3676.449566460465
4442.71032141417,2655.0,-3675.921508124056
4494.671845641236,2655.0,-3674.005335664552
4546.633369868303,2655.0,-3671.08586766416
4598.5948940953685,2655.0,-3668.032927847731
4650.556418322435,2655.0,-3666.1892572329734
4702.517942549502,2655.0,-3663.3684472689756
4754.479466776568,2655.0,-3663.114012875269
4806.440991003634,2655.0,-3663.112320393837
4858.4025152307,2655.0,-3665.420969173442
4910.364039457767,2655.0,-3665.2220583867584
4962.3255636848335,2655.0,-3663.887156126729
5014.287087911899,2655.0,-3663.0512204377237
5066.248612138966,2655.0,-3661.936294093469
5118.210136366032,2655.0,-3659.26074163795
5170.171660593098,2655.0,-3655.418067592367
5222.133184820164,2655.0,-3649.3231292647024
5274.094709047231,2655.0,-3640.912783425556
5326.0562332742975,2655.0,-3634.2555575660385
5378.017757501363,2655.0,-3629.027413605935
5429.97928172843,2655.0,-3623.997576927008
5481.940805955496,2655.0,-3616.3184620469674
5533.902330182563,2655.0,-3608.2156643340545
5585.863854409628,2655.0,-3597.5470863825412
5637.825378636695,2655.0,-3580.2412690072256
5689.7869028637615,2655.0,-3561.157188648088
5741.748427090828,2655.0,-3554.637474075062
5793.709951317894,2655.0,-3232.7180140970563
5845.67147554496,2655.0,-4336.785867224011
5897.632999772027,2655.0,-3693.369509533415
5949.594523999093,2655.0,-3648.771772972017
6001.556048226159,2655.0,-3402.503539262108
6053.5175724532255,2655.0,-3669.630769041697
6105.479096680292,2655.0,-3613.0132612040607
6157.440620907359,2655.0,-5267.745166588284
6209.402145134424,2655.0,-1897.9828987614653
6261.363669361491,2655.0,-2008.2880593385767
6313.325193588557,2655.0,2739.9901923772863
6365.286717815624,2655.0,2764.4071442564396
6417.2482420426895,2655.0,2421.189214227074
6469.209766269756,2655.0,2289.7780507764155
6521.171290496823,2655.0,2129.352830672
6573.132814723889,2655.0,1988.2382992175994
6625.094338950955,2655.0,1855.3134394906401
6677.055863178021,2655.0,1727.648140704658
6729.017387405088,2655.0,1600.6089103550426
6780.9789116321535,2655.0,1474.2226970506185
6832.94043585922,2655.0,1351.1567299473602
6884.901960086287,2655.0,1233.1592291270308
6936.863484313353,2655.0,1119.46522580237
6988.825008540419,2655.0,1013.3768765506113
7040.786532767485,2655.0,917.6149294965297
7092.748056994552,2655.0,828.3581745991996
7144.7095812216185,2655.0,749.4131543472952
7196.671105448684,2655.0,681.0807254192927
7248.632629675751,2655.0,626.0473273109942
7300.594153902817,2655.0,588.2045619790322
7352.555678129884,2655.0,579.084086129172
7404.517202356949,2655.0,618.3206069746
7456.478726584016,2655.0,724.2044196636084
7508.4402508110825,2655.0,730.9147919598564
7560.401775038149,2655.0,84.36301328070542
7612.363299265215,2655.0,-8.471524276436277
7664.324823492281,2655.0,-46.63060361388521
7716.286347719348,2655.0,196.33248077374384
7768.247871946414,2655.0,169.1522469849362
7820.20939617348,2655.0,164.36072212392637
7872.1709204005465,2655.0,169.362749641737
7924.132444627613,2655.0,198.21586892671462
7976.09396885468,2655.0,159.18984314824593
8028.055493081745,2655.0,-3688.714432321438
8080.017017308812,2655.0,-1979.4626416786443
8131.978541535878,2655.0,-1827.9066627003413
8183.940065762945,2655.0,-6059.5317077882555
8235.901589990011,2655.0,-6338.992476820589
8287.863114217078,2655.0,-5752.113250485061
8339.824638444143,2655.0,-5465.243193983428
8391.78616267121,2655.0,-5221.8060171414
8443.747686898276,2655.0,-5014.43081984453
8495.709211125342,2655.0,-4816.607921799279
8547.670735352409,2655.0,-4626.745395981426
8599.632259579475,2655.0,-4445.644843929065
8651.593783806542,2655.0,-4279.745998729815
8703.555308033607,2655.0,-4135.966738399953
8755.516832260673,2655.0,-4014.428681496728
8807.47835648774,2655.0,-3914.7591278579876
8859.439880714806,2655.0,-3831.5020527270012
8911.401404941873,2655.0,-3762.0711909330166
8963.36292916894,2655.0,-3701.166281677013
9015.324453396006,2655.0,-3644.8472248842872
9067.285977623073,2655.0,-3590.599771614238
9119.247501850137,2655.0,-3535.3390257750357
9171.209026077204,2655.0,-3475.7899264934686
9223.17055030427,2655.0,-3407.604140577164
9275.132074531337,2655.0,-3331.0543633290763
9327.093598758403,2655.0,-3236.8454584648343
9379.05512298547,2655.0,-3114.892976056521
9431.016647212537,2655.0,-2951.6852613748015
9482.978171439603,2655.0,-2878.1768089861407
9534.939695666668,2655.0,141.6409022543246
9586.901219893734,2655.0,130.8320135515333
9638.862744120801,2655.0,-256.7006464568469
9690.824268347867,2655.0,-309.6589984278469
9742.785792574934,2655.0,1872.230828611881
9794.747316802,2655.0,925.309899738343
9846.708841029067,2655.0,950.8873504716926
9898.670365256134,2655.0,1005.6296706605658
9950.631889483198,2655.0,916.8508328911805
10002.593413710265,2655.0,812.4525380605779
10054.554937937331,2655.0,770.4636202376164
10106.516462164398,2655.0,751.5839659974724
10158.477986391465,2655.0,852.8067011735554
10210.439510618531,2655.0,994.59534734462
10262.401034845598,2655.0,1001.0359732964429
10314.362559072662,2655.0,954.2962361398572
10366.324083299729,2655.0,874.5537761427754
0.0,2700.0,1068.1861366631067
51.96152422706631,2700.0,959.3502330354843
103.92304845413263,2700.0,989.0407378867496
155.88457268119893,2700.0,102.13237967465483
207.84609690826525,2700.0,-2.017842925443034
259.80762113533154,2700.0,-90.01102514964528
311.76914536239786,2700.0,3770.698485093822
363.7306695894642,2700.0,3968.5101526914787
415.6921938165305,2700.0,3729.2472293423725
467.6537180435968,2700.0,2994.47577191068
519.6152422706631,2700.0,2471.6247872384884
571.5767664977294,2700.0,2199.3898400008784
623.5382907247957,2700.0,2035.073177664655
675.499814951862,2700.0,1918.5957077886692
727.4613391789284,2700.0,1825.8347007398545
779.4228634059947,2700.0,1746.6573485816452
831.384387633061,2700.0,1677.2780267953876
883.3459118601273,2700.0,1612.6019624926764
935.3074360871937,2700.0,1557.092390291731
987.26896031426,2700.0,1506.4797072333165
1039.2304845413262,2700.0,1462.7141172919023
1091.1920087683925,2700.0,1423.0596100203566
1143.1535329954588,2700.0,1390.451604415899
1195.1150572225251,2700.0,1365.365505910741
1247.0765814495915,2700.0,1350.578622064284
1299.0381056766578,2700.0,1350.4644184715933
1350.999629903724,2700.0,1364.6722877775005
1402.9611541307904,2700.0,1396.309314088932
1454.9226783578567,2700.0,1453.9430455321642
1506.884202584923,2700.0,1575.3918899625241
1558.8457268119894,2700.0,1966.8959976059118
1610.8072510390557,2700.0,3174.701069901298
1662.768775266122,2700.0,3681.4404726105804
1714.7302994931883,2700.0,3951.650020695619
1766.6918237202547,2700.0,2357.6727594434333
1818.653347947321,2700.0,1818.0523623291622
1870.6148721743873,2700.0,1776.0457008945023
1922.5763964014536,2700.0,1788.4774723921546
1974.53792062852,2700.0,1782.6460659303461
2026.4994448555863,2700.0,1780.3215888022046
2078.4609690826524,2700.0,1770.2589505293065
2130.422493309719,2700.0,1745.4811834491888
2182.384017536785,2700.0,1705.1427917145288
2234.3455417638515,2700.0,1649.6488748820366
2286.3070659909176,2700.0,1581.7050888606254
2338.268590217984,2700.0,1506.2192287702087
2390.2301144450503,2700.0,1427.8639846764884
2442.191638672117,2700.0,1353.3137599152983
2494.153162899183,2700.0,1282.962319031033
2546.1146871262495,2700.0,1217.9218025621265
2598.0762113533156,2700.0,1158.5716172771456
2650.037735580382,2700.0,1104.0993303714376
2701.999259807448,2700.0,1055.3353115881334
2753.9607840345147,2700.0,1014.4348743577716
2805.922308261581,2700.0,980.7668724147302
2857.8838324886474,2700.0,954.0745730474669
2909.8453567157135,2700.0,937.534361712811
2961.80688094278,2700.0,933.964845613491
3013.768405169846,2700.0,943.2723406135347
3065.7299293969127,2700.0,967.2245706506533
3117.6914536239788,2700.0,1009.4030392972765
3169.6529778510453,2700.0,1080.017330709084
3221.6145020781114,2700.0,1193.0355707121237
3273.576026305178,2700.0,1372.884323561284
3325.537550532244,2700.0,1675.8557302482309
3377.49907475931,2700.0,1968.4626720280926
3429.4605989863767,2700.0,2936.7838737145107
3481.422123213443,2700.0,3034.38544555055
3533.3836474405093,2700.0,-2916.12240993008
3585.3451716675754,2700.0,-6636.498256519275
3637.306695894642,2700.0,-4553.06544379423
3689.268220121708,2700.0,-3921.204889921602
3741.2297443487746,2700.0,-3797.4366885290756
3793.1912685758407,2700.0,-3757.193496002592
3845.1527928029072,2700.0,-3733.021097594723
3897.1143170299733,2700.0,-3715.13837186442
3949.07584125704,2700.0,-3700.6497568761242
4001.037365484106,2700.0,-3688.9670760120175
4052.9988897111725,2700.0,-3680.5268470026913
4104.960413938239,2700.0,-3673.987190736716
4156.921938165305,2700.0,-3670.249858512694
4208.883462392371,2700.0,-3666.1486130762623
4260.844986619438,2700.0,-3664.3246584822873
4312.806510846504,2700.0,-3663.5506855383123
4364.76803507357,2700.0,-3664.850049316688
4416.7295593006365,2700.0,-3664.3673285368723
4468.691083527703,2700.0,-3663.2850661771286
4520.65260775477,2700.0,-3662.9340972067293
4572.614131981835,2700.0,-3661.093150259838
4624.575656208902,2700.0,-3658.748551495466
4676.537180435968,2700.0,-3656.3148117718993
4728.498704663035,2700.0,-3656.547376342335
4780.460228890101,2700.0,-3657.530974724774
4832.421753117167,2700.0,-3660.8509784710345
4884.383277344234,2700.0,-3662.5376511381446
4936.3448015713,2700.0,-3663.833635305429
4988.306325798366,2700.0,-3664.1192640843583
5040.267850025432,2700.0,-3663.3536892503807
5092.229374252499,2700.0,-3662.2845260964114
5144.190898479565,2700.0,-3659.838013473773
5196.152422706631,2700.0,-3653.887357814875
5248.113946933698,2700.0,-3647.6678603755117
5300.075471160764,2700.0,-3642.66337581317
5352.03699538783,2700.0,-3638.5008580054255
5403.998519614896,2700.0,-3634.857185126485
5455.960043841963,2700.0,-3628.8838891541304
5507.9215680690295,2700.0,-3621.846671231048
5559.883092296095,2700.0,-3612.2252730616387
5611.844616523162,2700.0,-3591.4071681814758
5663.806140750228,2700.0,-3559.470696305124
5715.767664977295,2700.0,-3203.8731169684183
5767.72918920436,2700.0,-3220.0468231282975
5819.690713431427,2700.0,-4451.997988436465
5871.6522376584935,2700.0,-3680.1090313187597
5923.61376188556,2700.0,-3345.9317933177317
5975.575286112626,2700.0,-3286.6063730373025
6027.536810339692,2700.0,-3669.407792135387
6079.498334566759,2700.0,-2403.0897158595967
6131.459858793825,2700.0,-2331.8567708015116
6183.421383020891,2700.0,-5525.369836233605
6235.3829072479575,2700.0,-5701.910205389437
6287.344431475024,2700.0,-1929.8219597774632
6339.305955702091,2700.0,2857.010243876556
6391.267479929156,2700.0,2902.630077112348
6443.229004156223,2700.0,2479.7555335508587
6495.190528383289,2700.0,2370.8028029550283
6547.152052610356,2700.0,2242.5799159891876
6599.1135768374215,2700.0,2096.945228805061
6651.075101064488,2700.0,1954.356827104953
6703.036625291555,2700.0,1810.4050102223405
6754.99814951862,2700.0,1665.168013064292
6806.959673745687,2700.0,1523.1068097685734
6858.921197972753,2700.0,1384.443635892932
6910.88272219982,2700.0,1249.7263918608628
6962.844246426886,2700.0,1122.4660429691844
7014.805770653952,2700.0,1006.4690687916045
7066.767294881019,2700.0,898.6478828118774
7118.728819108085,2700.0,802.7709491714334
7170.690343335151,2700.0,720.0427405448627
7222.651867562217,2700.0,651.8679880712882
7274.613391789284,2700.0,598.3251533545224
7326.5749160163505,2700.0,563.4595040131007
7378.536440243416,2700.0,548.9055241671454
7430.497964470483,2700.0,547.9069180631868
7482.459488697549,2700.0,517.2298266744258
7534.421012924616,2700.0,403.36843876892124
7586.382537151681,2700.0,52.02287910608019
7638.344061378748,2700.0,8.47994213680065
7690.3055856058145,2700.0,-23.48542192497274
7742.267109832881,2700.0,11.836379304516527
7794.228634059947,2700.0,-34.51237959287522
7846.190158287013,2700.0,187.38691190862937
7898.15168251408,2700.0,140.29786031684512
7950.113206741146,2700.0,160.1898126031722
8002.074730968212,2700.0,173.86787294984248
8054.0362551952785,2700.0,-1898.551974215121
8105.997779422345,2700.0,-1741.7576765381723
8157.959303649412,2700.0,-6163.62920341294
8209.920827876478,2700.0,-6157.407818637653
8261.882352103545,2700.0,-5512.816661519604
8313.84387633061,2700.0,-5099.092513841995
8365.805400557676,2700.0,-4848.38212604475
8417.766924784743,2700.0,-4641.652409569035
8469.728449011809,2700.0,-4459.487076603466
8521.689973238876,2700.0,-4294.344184264381
8573.651497465942,2700.0,-4141.635353794203
8625.613021693009,2700.0,-4003.7024301334404
8677.574545920073,2700.0,-3886.495904417369
8729.53607014714,2700.0,-3787.8564193043744
8781.497594374207,2700.0,-3709.481336795602
8833.459118601273,2700.0,-3647.4529780067446
8885.42064282834,2700.0,-3598.663411195778
8937.382167055406,2700.0,-3560.3332985823845
8989.343691282473,2700.0,-3526.9659464150654
9041.30521550954,2700.0,-3496.0993407971923
9093.266739736604,2700.0,-3465.7355430717967
9145.22826396367,2700.0,-3432.3354151254707
9197.189788190737,2700.0,-3392.232942909695
9249.151312417804,2700.0,-3348.301882769464
9301.11283664487,2700.0,-3294.525674616244
9353.074360871937,2700.0,-3227.5262973207846
9405.035885099003,2700.0,-2889.8796979077397
9456.99740932607,2700.0,-2827.1867847738863
9508.958933553135,2700.0,-4126.590813684615
9560.920457780201,2700.0,-3797.1143153427065
9612.881982007268,2700.0,-3777.245081875854
9664.843506234334,2700.0,2530.64847671973
9716.8050304614,2700.0,2408.0581133771248
9768.766554688467,2700.0,1946.3216066681002
9820.728078915534,2700.0,2033.6970115307008
9872.6896031426,2700.0,2190.8107487171937
9924.651127369665,2700.0,1333.3398329396532
9976.612651596732,2700.0,1299.0364958791051
10028.574175823798,2700.0,1298.209156750488
10080.535700050865,2700.0,1318.3777906977266
10132.497224277931,2700.0,1399.1565534321858
10184.458748504998,2700.0,1522.4102198828725
10236.420272732064,2700.0,1569.3449322952026
10288.38179695913,2700.0,1554.6710452096033
10340.343321186196,2700.0,1424.9294076535516
25.980762113533157,2745.0,2073.6931043851523
77.94228634059947,2745.0,1348.843172406529
129.90381056766577,2745.0,1326.955096899254
181.8653347947321,2745.0,1441.1176031220039
233.8268590217984,2745.0,2102.0812120646287
285.7883832488647,2745.0,3339.3181519080526
337.749907475931,2745.0,3577.871170537688
389.71143170299734,2745.0,3969.5081618352456
441.67295593006367,2745.0,3782.8797587875606
493.63448015713,2745.0,2932.7752450992357
545.5960043841962,2745.0,2521.8779221807436
597.5575286112626,2745.0,2304.809755576625
649.5190528383289,2745.0,2150.9687147776067
701.4805770653952,2745.0,2026.7040679240868
753.4421012924615,2745.0,1921.3149749783336
805.4036255195278,2745.0,1830.2935469981442
857.3651497465942,2745.0,1749.6585835947935
909.3266739736605,2745.0,1676.4921091135159
961.2881982007268,2745.0,1613.1980017999426
1013.2497224277931,2745.0,1557.3746913909351
1065.2112466548592,2745.0,1507.9555943468479
1117.1727708819255,2745.0,1464.0134337589457
1169.1342951089919,2745.0,1427.9687572926634
1221.0958193360582,2745.0,1402.4393280417337
1273.0573435631245,2745.0,1391.966038378404
1325.0188677901908,2745.0,1396.413687857491
1376.9803920172571,2745.0,1411.5269295921303
1428.9419162443235,2745.0,1422.9484564973664
1480.9034404713898,2745.0,1411.4697719087826
1532.864964698456,2745.0,1437.5473903143088
1584.8264889255224,2745.0,1727.033450750058
1636.7880131525887,2745.0,2246.911082553013
1688.749537379655,2745.0,4103.828857806424
1740.7110616067214,2745.0,4230.013804822415
1792.6725858337877,2745.0,3870.155283320877
1844.634110060854,2745.0,2433.0854466888013
1896.5956342879203,2745.0,2008.2662176977085
1948.5571585149867,2745.0,1854.150839819678
2000.518682742053,2745.0,1779.388563924315
2052.4802069691195,2745.0,1735.6524512409837
2104.4417311961856,2745.0,1698.1726376411284
2156.403255423252,2745.0,1656.8967848294415
2208.3647796503183,2745.0,1608.5097275152884
2260.326303877385,2745.0,1554.3081425701412
2312.287828104451,2745.0,1491.652142707453
2364.2493523315175,2745.0,1426.0547243694505
2416.2108765585835,2745.0,1361.0184817873183
2468.17240078565,2745.0,1299.5038868727784
2520.133925012716,2745.0,1241.6932613057602
2572.0954492397827,2745.0,1188.8818985835553
2624.056973466849,2745.0,1140.2374134877452
2676.0184976939154,2745.0,1097.0216469687166
2727.9800219209815,2745.0,1058.1070424444763
2779.941546148048,2745.0,1027.3271213756525
2831.903070375114,2745.0,1003.5651299884555
2883.8645946021807,2745.0,988.0674954855683
2935.8261188292468,2745.0,983.1971912313479
2987.7876430563133,2745.0,993.7944075413163
3039.7491672833794,2745.0,1019.6711424744872
3091.710691510446,2745.0,1065.7152098877013
3143.672215737512,2745.0,1138.9069132196953
3195.6337399645786,2745.0,1252.569403303916
3247.5952641916447,2745.0,1427.835330612741
3299.556788418711,2745.0,1696.9537756816574
3351.5183126457773,2745.0,2049.8555885909354
3403.4798368728434,2745.0,2736.475767359004
3455.44136109991,2745.0,2894.829193852128
3507.402885326976,2745.0,-2711.2700074629224
3559.3644095540426,2745.0,-6842.578998664068
3611.3259337811087,2745.0,-5150.394556580359
3663.2874580081752,2745.0,-4208.781770917563
3715.2489822352413,2745.0,-3932.105429584989
3767.210506462308,2745.0,-3811.9877192132417
3819.172030689374,2745.0,-3750.5593447961073
3871.1335549164405,2745.0,-3714.861618144633
3923.0950791435066,2745.0,-3692.708647783832
3975.056603370573,2745.0,-3675.7008946673886
4027.0181275976392,2745.0,-3662.64983733837
4078.979651824706,2745.0,-3655.2143906255883
4130.941176051772,2745.0,-3651.6396101309388
4182.902700278838,2745.0,-3648.177019581498
4234.8642245059045,2745.0,-3644.1125488196985
4286.825748732971,2745.0,-3640.254844281873
4338.787272960038,2745.0,-3639.5092522272166
4390.748797187103,2745.0,-3641.612715145292
4442.71032141417,2745.0,-3643.7864772523335
4494.671845641236,2745.0,-3647.1304886640382
4546.633369868303,2745.0,-3648.169792638285
4598.5948940953685,2745.0,-3648.1285322946137
4650.556418322435,2745.0,-3647.558369308871
4702.517942549502,2745.0,-3647.8974181269905
4754.479466776568,2745.0,-3649.0747452279084
4806.440991003634,2745.0,-3651.4793956183066
4858.4025152307,2745.0,-3654.807480577945
4910.364039457767,2745.0,-3659.071679445551
4962.3255636848335,2745.0,-3662.560087413056
5014.287087911899,2745.0,-3664.07629066516
5066.248612138966,2745.0,-3662.997696349744
5118.210136366032,2745.0,-3662.0776116699153
5170.171660593098,2745.0,-3659.871322304475
5222.133184820164,2745.0,-3655.3722870449574
5274.094709047231,2745.0,-3649.7523603311142
5326.0562332742975,2745.0,-3643.5017155508654
5378.017757501363,2745.0,-3640.268258209354
5429.97928172843,2745.0,-3636.6539847501
5481.940805955496,2745.0,-3631.274491606332
5533.902330182563,2745.0,-3622.321237841573
5585.863854409628,2745.0,-3602.9733392028647
5637.825378636695,2745.0,-3568.2013995101097
5689.7869028637615,2745.0,-3175.467106572549
5741.748427090828,2745.0,-4201.551298795523
5793.709951317894,2745.0,-4391.298089365244
5845.67147554496,2745.0,-3799.1978501217195
5897.632999772027,2745.0,-3412.1969487180436
5949.594523999093,2745.0,-3646.6271515672474
6001.556048226159,2745.0,-3593.2452501994912
6053.5175724532255,2745.0,-2417.7900566487833
6105.479096680292,2745.0,-3237.380874058645
6157.440620907359,2745.0,-3802.955719669902
6209.402145134424,2745.0,-4409.444704182493
6261.363669361491,2745.0,-5708.320646132043
6313.325193588557,2745.0,-1848.0046675691274
6365.286717815624,2745.0,2858.633285076876
6417.2482420426895,2745.0,2838.3426713701647
6469.209766269756,2745.0,2623.792140963392
6521.171290496823,2745.0,2439.574237640689
6573.132814723889,2745.0,2348.7130054290046
6625.094338950955,2745.0,2198.652005532378
6677.055863178021,2745.0,2038.0277400970785
6729.017387405088,2745.0,1876.3714955099842
6780.9789116321535,2745.0,1715.4621631509845
6832.94043585922,2745.0,1555.2035764316865
6884.901960086287,2745.0,1399.9527560248541
6936.863484313353,2745.0,1248.547859393162
6988.825008540419,2745.0,1107.0144496461533
7040.786532767485,2745.0,978.9316775735103
7092.748056994552,2745.0,863.1587393634845
7144.7095812216185,2745.0,762.3732385616531
7196.671105448684,2745.0,677.8042302891004
7248.632629675751,2745.0,608.0811262528637
7300.594153902817,2745.0,554.0739350962373
7352.555678129884,2745.0,512.8567819544143
7404.517202356949,2745.0,480.187328238289
7456.478726584016,2745.0,437.6878185811603
7508.4402508110825,2745.0,358.8173579846325
7560.401775038149,2745.0,253.4874096138035
7612.363299265215,2745.0,169.117745849919
7664.324823492281,2745.0,14.15752848130515
7716.286347719348,2745.0,-36.209674085947626
7768.247871946414,2745.0,12.030545306066482
7820.20939617348,2745.0,-44.99820802105927
7872.1709204005465,2745.0,-11.111945515957814
7924.132444627613,2745.0,-1.9724006305815287
7976.09396885468,2745.0,181.99842608670747
8028.055493081745,2745.0,182.69136447049436
8080.017017308812,2745.0,-1588.4014949254358
8131.978541535878,2745.0,-6367.629771774923
8183.940065762945,2745.0,-6090.349332554153
8235.901589990011,2745.0,-5110.020057601765
8287.863114217078,2745.0,-4687.792196101942
8339.824638444143,2745.0,-4415.3719322057495
8391.78616267121,2745.0,-4212.5127113158105
8443.747686898276,2745.0,-4047.0791917170036
8495.709211125342,2745.0,-3905.9750159043215
8547.670735352409,2745.0,-3784.2514657364645
8599.632259579475,2745.0,-3679.2020633671177
8651.593783806542,2745.0,-3589.822909099804
8703.555308033607,2745.0,-3521.2973233631096
8755.516832260673,2745.0,-3471.4183533852
8807.47835648774,2745.0,-3435.5562896951988
8859.439880714806,2745.0,-3413.736424647311
8911.401404941873,2745.0,-3401.5039106448535
8963.36292916894,2745.0,-3396.451326316568
9015.324453396006,2745.0,-3392.941482453488
9067.285977623073,2745.0,-3386.9027707287833
9119.247501850137,2745.0,-3379.390513607231
9171.209026077204,2745.0,-3365.669450490832
9223.17055030427,2745.0,-3347.481591208715
9275.132074531337,2745.0,-3323.494038538437
9327.093598758403,2745.0,-3291.5156088063127
9379.05512298547,2745.0,-3027.9558820771435
9431.016647212537,2745.0,-4043.0294735274097
9482.978171439603,2745.0,-4099.9208880741235
9534.939695666668,2745.0,-3870.1913825434794
9586.901219893734,2745.0,-4022.9558590835986
9638.862744120801,2745.0,-3927.588519439839
9690.824268347867,2745.0,-2920.1489371818984
9742.785792574934,2745.0,2220.89892950001
9794.747316802,2745.0,2282.0186857891663
9846.708841029067,2745.0,2261.6353241736106
9898.670365256134,2745.0,2252.7492043959405
9950.631889483198,2745.0,2365.5477207045988
10002.593413710265,2745.0,2264.3524570345535
10054.554937937331,2745.0,1757.1692485222839
10106.516462164398,2745.0,1798.5328020037573
10158.477986391465,2745.0,1838.7597901108281
10210.439510618531,2745.0,2469.752375730626
10262.401034845598,2745.0,2486.1642746336183
10314.362559072662,2745.0,2420.4063112152253
10366.324083299729,2745.0,2258.9261317069954
0.0,2790.0,2314.593901848638
51.96152422706631,2790.0,2316.570178676187
103.92304845413263,2790.0,2299.6595040294947
155.88457268119893,2790.0,2275.27992355676
207.84609690826525,2790.0,2130.3796128760778
259.80762113533154,2790.0,2423.4096285580736
311.76914536239786,2790.0,2460.52970346884
363.7306695894642,2790.0,3487.6541331678695
415.6921938165305,2790.0,2909.354809471969
467.6537180435968,2790.0,2921.3026401261823
519.6152422706631,2790.0,2672.3578217036693
571.5767664977294,2790.0,2506.293306805497
623.5382907247957,2790.0,2368.885968578065
675.499814951862,2790.0,2227.610003516703
727.4613391789284,2790.0,2102.04575631458
779.4228634059947,2790.0,1991.7789450848763
831.384387633061,2790.0,1894.59991800929
883.3459118601273,2790.0,1807.6611904719557
935.3074360871937,2790.0,1731.4034746293614
987.26896031426,2790.0,1663.69935069152
1039.2304845413262,2790.0,1602.4606788591736
1091.1920087683925,2790.0,1545.554993735393
1143.1535329954588,2790.0,1496.848802133985
1195.1150572225251,2790.0,1459.8130472587586
1247.0765814495915,2790.0,1437.9339217696206
1299.0381056766578,2790.0,1435.3779140079223
1350.999629903724,2790.0,1460.1158153426443
1402.9611541307904,2790.0,1503.1459741052035
1454.9226783578567,2790.0,1463.6892417525294
1506.884202584923,2790.0,1340.51576557345
1558.8457268119894,2790.0,1380.1311891543053
1610.8072510390557,2790.0,1503.887200852058
1662.768775266122,2790.0,2125.1805599767645
1714.7302994931883,2790.0,3778.8323196621777
1766.6918237202547,2790.0,3673.4854853583247
1818.653347947321,2790.0,2870.7136670321693
1870.6148721743873,2790.0,2227.808481733743
1922.5763964014536,2790.0,1949.0436017155955
1974.53792062852,2790.0,1807.1025165034237
2026.4994448555863,2790.0,1727.0807337238712
2078.4609690826524,2790.0,1671.0856329101775
2130.422493309719,2790.0,1622.7629225031064
2182.384017536785,2790.0,1575.889488497266
2234.3455417638515,2790.0,1527.3408111313165
2286.3070659909176,2790.0,1473.4404193301552
2338.268590217984,2790.0,1418.1583912216915
2390.2301144450503,2790.0,1362.4977710124053
2442.191638672117,2790.0,1308.8148212767778
2494.153162899183,2790.0,1257.617306245579
2546.1146871262495,2790.0,1209.3790377176506
2598.0762113533156,2790.0,1163.681358607947
2650.037735580382,2790.0,1124.7633915019924
2701.999259807448,2790.0,1090.240355832881
2753.9607840345147,2790.0,1062.6210760872123
2805.922308261581,2790.0,1039.6111012649721
2857.8838324886474,2790.0,1023.0184602774341
2909.8453567157135,2790.0,1017.6200558552064
2961.80688094278,2790.0,1025.4170252626295
3013.768405169846,2790.0,1047.576025443384
3065.7299293969127,2790.0,1088.6153220020324
3117.6914536239788,2790.0,1155.3805935330402
3169.6529778510453,2790.0,1257.5779120205254
3221.6145020781114,2790.0,1409.641665724117
3273.576026305178,2790.0,1629.114739458295
3325.537550532244,2790.0,1940.9281340330413
3377.49907475931,2790.0,2252.4457015415064
3429.4605989863767,2790.0,2881.8670871500517
3481.422123213443,2790.0,2666.5655359722186
3533.3836474405093,2790.0,-2624.590153792619
3585.3451716675754,2790.0,-6674.186865988417
3637.306695894642,2790.0,-4772.797103499863
3689.268220121708,2790.0,-4049.6708139285265
3741.2297443487746,2790.0,-3829.482031370442
3793.1912685758407,2790.0,-3733.7178810614596
3845.1527928029072,2790.0,-3687.251254432473
3897.1143170299733,2790.0,-3662.7312126135266
3949.07584125704,2790.0,-3644.016552105658
4001.037365484106,2790.0,-3627.3479593922657
4052.9988897111725,2790.0,-3616.0343361701634
4104.960413938239,2790.0,-3613.5281646697968
4156.921938165305,2790.0,-3612.5646765119827
4208.883462392371,2790.0,-3608.50236671303
4260.844986619438,2790.0,-3603.3446269974643
4312.806510846504,2790.0,-3599.941098323313
4364.76803507357,2790.0,-3597.667143820751
4416.7295593006365,2790.0,-3602.804231558329
4468.691083527703,2790.0,-3616.0974563250447
4520.65260775477,2790.0,-3626.6147926385984
4572.614131981835,2790.0,-3628.1573150126137
4624.575656208902,2790.0,-3627.2835468822495
4676.537180435968,2790.0,-3630.035391257033
4728.498704663035,2790.0,-3634.662346357034
4780.460228890101,2790.0,-3639.3318371986825
4832.421753117167,2790.0,-3645.6128041471575
4884.383277344234,2790.0,-3652.9434105576925
4936.3448015713,2790.0,-3658.12479423233
4988.306325798366,2790.0,-3662.088952870083
5040.267850025432,2790.0,-3663.3979032348298
5092.229374252499,2790.0,-3663.637740644527
5144.190898479565,2790.0,-3663.4301833533973
5196.152422706631,2790.0,-3660.5281218431455
5248.113946933698,2790.0,-3656.3357822294442
5300.075471160764,2790.0,-3651.282241960501
5352.03699538783,2790.0,-3648.1870846821125
5403.998519614896,2790.0,-3643.0018940875543
5455.960043841963,2790.0,-3636.3452880085624
5507.9215680690295,2790.0,-3627.5298463417025
5559.883092296095,2790.0,-3608.9230630684992
5611.844616523162,2790.0,-3577.624654438697
5663.806140750228,2790.0,-3160.5131590177843
5715.767664977295,2790.0,-4208.3938482066
5767.72918920436,2790.0,-3821.393890765862
5819.690713431427,2790.0,-3766.92707503207
5871.6522376584935,2790.0,-3462.556676575734
5923.61376188556,2790.0,-3769.704104062745
5975.575286112626,2790.0,-2487.2477987410393
6027.536810339692,2790.0,-2384.6079248404258
6079.498334566759,2790.0,-3123.1133538647678
6131.459858793825,2790.0,-3339.450882954474
6183.421383020891,2790.0,-3644.377959721866
6235.3829072479575,2790.0,-4216.447181528728
6287.344431475024,2790.0,-5470.731872954108
6339.305955702091,2790.0,-1693.0600976420385
6391.267479929156,2790.0,2727.207364976906
6443.229004156223,2790.0,2702.9334395368433
6495.190528383289,2790.0,2699.165838578203
6547.152052610356,2790.0,2520.923830806303
6599.1135768374215,2790.0,2443.199485433087
6651.075101064488,2790.0,2289.3355801256675
6703.036625291555,2790.0,2105.4486945292488
6754.99814951862,2790.0,1927.7711917817533
6806.959673745687,2790.0,1749.3499943943418
6858.921197972753,2790.0,1569.7186819809938
6910.88272219982,2790.0,1391.1630485305172
6962.844246426886,2790.0,1221.2384861372766
7014.805770653952,2790.0,1065.7789015035628
7066.767294881019,2790.0,926.4134249998878
7118.728819108085,2790.0,803.7820153275004
7170.690343335151,2790.0,700.3650141455621
7222.651867562217,2790.0,614.2492863539676
7274.613391789284,2790.0,545.2507175599417
7326.5749160163505,2790.0,489.76434108912304
7378.536440243416,2790.0,444.13695698118465
7430.497964470483,2790.0,397.7588108378662
7482.459488697549,2790.0,343.8851228913684
7534.421012924616,2790.0,277.98672121203197
7586.382537151681,2790.0,205.06495116840165
7638.344061378748,2790.0,144.60168881187687
7690.3055856058145,2790.0,95.29842144817623
7742.267109832881,2790.0,61.9516298860585
7794.228634059947,2790.0,-41.053575677122495
7846.190158287013,2790.0,12.515489776579955
7898.15168251408,2790.0,31.98905394592399
7950.113206741146,2790.0,14.190261659166893
8002.074730968212,2790.0,-3612.943175236296
8054.0362551952785,2790.0,-3565.0152924055155
8105.997779422345,2790.0,-6573.369492468255
8157.959303649412,2790.0,-4544.399861673499
8209.920827876478,2790.0,-4625.711868383089
8261.882352103545,2790.0,-4223.693747201837
8313.84387633061,2790.0,-3943.2044786100078
8365.805400557676,2790.0,-3737.7630807910173
8417.766924784743,2790.0,-3589.1638391864603
8469.728449011809,2790.0,-3474.6653108371156
8521.689973238876,2790.0,-3383.1979826805396
8573.651497465942,2790.0,-3311.1976946313757
8625.613021693009,2790.0,-3253.977708559112
8677.574545920073,2790.0,-3215.2032568460254
8729.53607014714,2790.0,-3195.9809411441283
8781.497594374207,2790.0,-3191.758747596171
8833.459118601273,2790.0,-3202.135612871312
8885.42064282834,2790.0,-3222.3195311440977
8937.382167055406,2790.0,-3249.667014671868
8989.343691282473,2790.0,-3278.341397499829
9041.30521550954,2790.0,-3301.21804224324
9093.266739736604,2790.0,-3318.171209406454
9145.22826396367,2790.0,-3325.9449320039103
9197.189788190737,2790.0,-3324.4679044189234
9249.151312417804,2790.0,-3319.0545705266086
9301.11283664487,2790.0,-3310.901736451703
9353.074360871937,2790.0,-3030.2313404990437
9405.035885099003,2790.0,-3997.3390442356404
9456.99740932607,2790.0,-3876.2228204333232
9508.958933553135,2790.0,-3880.1293103703483
9560.920457780201,2790.0,-4061.97659099089
9612.881982007268,2790.0,-4440.875886356706
9664.843506234334,2790.0,-6277.807910790298
9716.8050304614,2790.0,-2931.9591538160594
9768.766554688467,2790.0,-3061.6652698114185
9820.728078915534,2790.0,-3153.4487340323176
9872.6896031426,2790.0,2311.06687948924
9924.651127369665,2790.0,2633.8470133564433
9976.612651596732,2790.0,2659.8921970727447
10028.574175823798,2790.0,2593.586493982507
10080.535700050865,2790.0,2439.9812479425536
10132.497224277931,2790.0,2354.1153063302245
10184.458748504998,2790.0,2410.6933213449897
10236.420272732064,2790.0,2377.779959940278
10288.38179695913,2790.0,2517.257009988046
10340.343321186196,2790.0,2612.298821448251
25.980762113533157,2835.0,2410.78083688715
77.94228634059947,2835.0,2482.3285597471
129.90381056766577,2835.0,2389.5373547183767
181.8653347947321,2835.0,2660.1945907257914
233.8268590217984,2835.0,2623.1901233424464
285.7883832488647,2835.0,2570.1411212013877
337.749907475931,2835.0,-2958.2594706594045
389.71143170299734,2835.0,-2988.5086861941754
441.67295593006367,2835.0,2965.0729791582016
493.63448015713,2835.0,2640.4874116904693
545.5960043841962,2835.0,2625.331759932493
597.5575286112626,2835.0,2522.3134636286427
649.5190528383289,2835.0,2415.230488144616
701.4805770653952,2835.0,2274.5598792596647
753.4421012924615,2835.0,2150.2073279402903
805.4036255195278,2835.0,2040.840163049599
857.3651497465942,2835.0,1942.0038033914657
909.3266739736605,2835.0,1852.5704190077813
961.2881982007268,2835.0,1771.2266518174665
1013.2497224277931,2835.0,1699.4568073432615
1065.2112466548592,2835.0,1632.3464388959126
1117.1727708819255,2835.0,1569.2883371221515
1169.1342951089919,2835.0,1516.2290661418488
1221.0958193360582,2835.0,1476.1830244843932
1273.0573435631245,2835.0,1456.175026540535
1325.0188677901908,2835.0,1474.9466140416089
1376.9803920172571,2835.0,1578.5799265649052
1428.9419162443235,2835.0,1909.4117247234317
1480.9034404713898,2835.0,1744.0027142419601
1532.864964698456,2835.0,1420.3289411768428
1584.8264889255224,2835.0,1382.195681114357
1636.7880131525887,2835.0,1416.210796964134
1688.749537379655,2835.0,1770.1387022134672
1740.7110616067214,2835.0,2463.5381610181084
1792.6725858337877,2835.0,2519.3552360792323
1844.634110060854,2835.0,2221.2119486649776
1896.5956342879203,2835.0,1981.8742362692715
1948.5571585149867,2835.0,1826.032600380937
2000.518682742053,2835.0,1725.2935983000052
2052.4802069691195,2835.0,1656.4678073724376
2104.4417311961856,2835.0,1601.830431505362
2156.403255423252,2835.0,1552.446963046794
2208.3647796503183,2835.0,1504.4503837416992
2260.326303877385,2835.0,1457.2280449277755
2312.287828104451,2835.0,1408.2329536347993
2364.2493523315175,2835.0,1358.1550408512164
2416.2108765585835,2835.0,1310.2211181194725
2468.17240078565,2835.0,1263.2364033779593
2520.133925012716,2835.0,1219.54908886578
2572.0954492397827,2835.0,1179.3708363094051
2624.056973466849,2835.0,1141.858521357387
2676.0184976939154,2835.0,1110.122197813202
2727.9800219209815,2835.0,1084.6547763122253
2779.941546148048,2835.0,1064.7326169902037
2831.903070375114,2835.0,1050.793801490717
2883.8645946021807,2835.0,1040.9384753373445
2935.8261188292468,2835.0,1042.7771858195524
2987.7876430563133,2835.0,1057.9487583731006
3039.7491672833794,2835.0,1090.5190163610082
3091.710691510446,2835.0,1144.9205276924745
3143.672215737512,2835.0,1229.0427774343832
3195.6337399645786,2835.0,1350.8287760826051
3247.5952641916447,2835.0,1525.4007908295303
3299.556788418711,2835.0,1769.6353312776664
3351.5183126457773,2835.0,2096.2721321905706
3403.4798368728434,2835.0,2345.4659553248275
3455.44136109991,2835.0,2815.0439374616562
3507.402885326976,2835.0,2626.8630265982065
3559.3644095540426,2835.0,-2543.7101738900046
3611.3259337811087,2835.0,-6328.0647586207015
3663.2874580081752,2835.0,-4355.841932785469
3715.2489822352413,2835.0,-3828.3197655448366
3767.210506462308,2835.0,-3691.9576015408093
3819.172030689374,2835.0,-3636.7506130701095
3871.1335549164405,2835.0,-3613.900115740005
3923.0950791435066,2835.0,-3600.754704513521
3975.056603370573,2835.0,-3583.602759129112
4027.0181275976392,2835.0,-3564.5599333353002
4078.979651824706,2835.0,-3555.9341271484195
4130.941176051772,2835.0,-3559.3957062578384
4182.902700278838,2835.0,-3560.0402531400837
4234.8642245059045,2835.0,-3554.6837953834556
4286.825748732971,2835.0,-3548.023024995004
4338.787272960038,2835.0,-3542.013810015446
4390.748797187103,2835.0,-3544.4322231112874
4442.71032141417,2835.0,-3559.8831030375927
4494.671845641236,2835.0,-3583.041626968853
4546.633369868303,2835.0,-3590.944814625756
4598.5948940953685,2835.0,-3584.3229450734834
4650.556418322435,2835.0,-3584.1237150338875
4702.517942549502,2835.0,-3599.7776171047603
4754.479466776568,2835.0,-3615.2408873489376
4806.440991003634,2835.0,-3626.882434091731
4858.4025152307,2835.0,-3637.5747350018373
4910.364039457767,2835.0,-3646.79200514146
4962.3255636848335,2835.0,-3654.0590589735975
5014.287087911899,2835.0,-3658.553179432496
5066.248612138966,2835.0,-3661.3188580910255
5118.210136366032,2835.0,-3663.280630795926
5170.171660593098,2835.0,-3664.580603163121
5222.133184820164,2835.0,-3661.977437629832
5274.094709047231,2835.0,-3656.514737582457
5326.0562332742975,2835.0,-3652.2091202823767
5378.017757501363,2835.0,-3645.9765891882753
5429.97928172843,2835.0,-3637.0065469381243
5481.940805955496,2835.0,-3625.9064082011864
5533.902330182563,2835.0,-3604.2216416331703
5585.863854409628,2835.0,-3574.9212965103516
5637.825378636695,2835.0,-3137.1971911969877
5689.7869028637615,2835.0,-4338.642613106635
5741.748427090828,2835.0,-3803.925646401338
5793.709951317894,2835.0,-3386.5411821335806
5845.67147554496,2835.0,-3314.519236574921
5897.632999772027,2835.0,-3746.2669525398696
5949.594523999093,2835.0,-2559.505595702507
6001.556048226159,2835.0,-3014.265892633971
6053.5175724532255,2835.0,-3083.2944006674716
6105.479096680292,2835.0,-3231.912222901009
6157.440620907359,2835.0,-3429.925229365568
6209.402145134424,2835.0,-3664.717553989698
6261.363669361491,2835.0,-4127.056865188244
6313.325193588557,2835.0,-5256.224424312099
6365.286717815624,2835.0,-1560.1603731627483
6417.2482420426895,2835.0,-1651.7774670482781
6469.209766269756,2835.0,2829.785990903516
6521.171290496823,2835.0,2939.774431955211
6573.132814723889,2835.0,2869.3007912429566
6625.094338950955,2835.0,2490.3957616835214
6677.055863178021,2835.0,2348.5693115852314
6729.017387405088,2835.0,2161.837884823981
6780.9789116321535,2835.0,1966.9130560448577
6832.94043585922,2835.0,1765.2845266133181
6884.901960086287,2835.0,1560.6530925030952
6936.863484313353,2835.0,1360.4720168279632
6988.825008540419,2835.0,1169.9465862034222
7040.786532767485,2835.0,997.6870511559175
7092.748056994552,2835.0,848.663146598795
7144.7095812216185,2835.0,722.7238165109593
7196.671105448684,2835.0,618.1331298806222
7248.632629675751,2835.0,532.5073179749581
7300.594153902817,2835.0,464.11200877448357
7352.555678129884,2835.0,410.59583232576705
7404.517202356949,2835.0,364.6607331431692
7456.478726584016,2835.0,319.22353109157723
7508.4402508110825,2835.0,271.9832154817177
7560.401775038149,2835.0,222.4132674647959
7612.363299265215,2835.0,171.499811728429
7664.324823492281,2835.0,126.01518950073122
7716.286347719348,2835.0,85.43867105505755
7768.247871946414,2835.0,56.36878649028999
7820.20939617348,2835.0,-53.477815535190416
7872.1709204005465,2835.0,16.966595307863276
7924.132444627613,2835.0,-35.743367790306536
7976.09396885468,2835.0,-38.620740626547985
8028.055493081745,2835.0,-3604.7359784049677
8080.017017308812,2835.0,-6527.229117258657
8131.978541535878,2835.0,-4206.899969929095
8183.940065762945,2835.0,-4144.493905313226
8235.901589990011,2835.0,-3778.093750727234
8287.863114217078,2835.0,-3417.646661843025
8339.824638444143,2835.0,-3175.284234100104
8391.78616267121,2835.0,-3059.2776953071934
8443.747686898276,2835.0,-2979.9167911664726
8495.709211125342,2835.0,-2923.70152375984
8547.670735352409,2835.0,-2885.2892648178513
8599.632259579475,2835.0,-2864.135751863884
8651.593783806542,2835.0,-2859.479223101832
8703.555308033607,2835.0,-2873.170072005413
8755.516832260673,2835.0,-2904.4873243584125
8807.47835648774,2835.0,-2952.0713230986207
8859.439880714806,2835.0,-3010.0994195435405
8911.401404941873,2835.0,-3075.022840037186
8963.36292916894,2835.0,-3141.3500721806763
9015.324453396006,2835.0,-3202.058386281631
9067.285977623073,2835.0,-3249.602648215622
9119.247501850137,2835.0,-3278.226578745499
9171.209026077204,2835.0,-3286.136873841335
9223.17055030427,2835.0,-3282.298255479598
9275.132074531337,2835.0,-3290.6314293816768
9327.093598758403,2835.0,-2969.6816627878143
9379.05512298547,2835.0,-3974.2486392321434
9431.016647212537,2835.0,-3896.5023607706676
9482.978171439603,2835.0,-3952.4579860680587
9534.939695666668,2835.0,-4029.423465415925
9586.901219893734,2835.0,-4457.948153969006
9638.862744120801,2835.0,-3319.8671327792763
9690.824268347867,2835.0,-6341.843721035995
9742.785792574934,2835.0,-6375.642092453067
9794.747316802,2835.0,-6304.078866720597
9846.708841029067,2835.0,-3195.156628318368
9898.670365256134,2835.0,-3298.85253876495
9950.631889483198,2835.0,-3142.6427532614607
10002.593413710265,2835.0,2477.665213375176
10054.554937937331,2835.0,2404.3294226158687
10106.516462164398,2835.0,2510.015925575315
10158.477986391465,2835.0,2490.603852119679
10210.439510618531,2835.0,2427.5638489892626
10262.401034845598,2835.0,-2991.3883514092695
10314.362559072662,2835.0,-2726.8191332220686
10366.324083299729,2835.0,-311.9743588619899
0.0,2880.0,2162.0763179973546
51.96152422706631,2880.0,2261.2483652526553
103.92304845413263,2880.0,-2845.7870367714822
155.88457268119893,2880.0,-2726.9154645835115
207.84609690826525,2880.0,-2708.781345291567
259.80762113533154,2880.0,-2906.2125355274065
311.76914536239786,2880.0,-2978.692582943201
363.7306695894642,2880.0,-2857.500145695528
415.6921938165305,2880.0,-2940.9508434239847
467.6537180435968,2880.0,2794.8156037947438
519.6152422706631,2880.0,2490.2432523211737
571.5767664977294,2880.0,2787.392397509642
623.5382907247957,2880.0,2548.7437274067947
675.499814951862,2880.0,2433.2129388185767
727.4613391789284,2880.0,2299.10375200005
779.4228634059947,2880.0,2182.433883518228
831.384387633061,2880.0,2076.032552204275
883.3459118601273,2880.0,1978.756091419968
935.3074360871937,2880.0,1886.9793965512995
987.26896031426,2880.0,1803.1695936168708
1039.2304845413262,2880.0,1725.000808566787
1091.1920087683925,2880.0,1649.3430255529433
1143.1535329954588,2880.0,1580.0426917780383
1195.1150572225251,2880.0,1517.9376266398338
1247.0765814495915,2880.0,1468.791697771886
1299.0381056766578,2880.0,1447.3448181531005
1350.999629903724,2880.0,1490.349243666707
1402.9611541307904,2880.0,1897.5736019909568
1454.9226783578567,2880.0,3006.7687671124863
1506.884202584923,2880.0,1799.4290985242424
1558.8457268119894,2880.0,1407.210000416693
1610.8072510390557,2880.0,1275.180957042909
1662.768775266122,2880.0,1325.9303015630567
1714.7302994931883,2880.0,1681.3433647431198
1766.6918237202547,2880.0,1953.0496655308052
1818.653347947321,2880.0,1981.960122486924
1870.6148721743873,2880.0,1891.1429162715592
1922.5763964014536,2880.0,1788.3372427899535
1974.53792062852,2880.0,1700.5133371273923
2026.4994448555863,2880.0,1631.3518978267202
2078.4609690826524,2880.0,1575.8324255587281
2130.422493309719,2880.0,1525.1931596430932
2182.384017536785,2880.0,1478.0775880866577
2234.3455417638515,2880.0,1434.027551176878
2286.3070659909176,2880.0,1390.7788973767547
2338.268590217984,2880.0,1345.8331477246475
2390.2301144450503,2880.0,1303.2114482973643
2442.191638672117,2880.0,1261.3336034528368
2494.153162899183,2880.0,1221.7602517895925
2546.1146871262495,2880.0,1185.2518905874817
2598.0762113533156,2880.0,1150.8629752766424
2650.037735580382,2880.0,1121.4244333786046
2701.999259807448,2880.0,1096.9597194898283
2753.9607840345147,2880.0,1077.8361130118672
2805.922308261581,2880.0,1062.8164608267045
2857.8838324886474,2880.0,1052.2447345197445
2909.8453567157135,2880.0,1049.0776526410375
2961.80688094278,2880.0,1056.185957559332
3013.768405169846,2880.0,1078.328956229007
3065.7299293969127,2880.0,1118.7611007232351
3117.6914536239788,2880.0,1182.0655638766063
3169.6529778510453,2880.0,1273.328649188862
3221.6145020781114,2880.0,1404.5675987009813
3273.576026305178,2880.0,1592.7418201003325
3325.537550532244,2880.0,1860.1638208189988
3377.49907475931,2880.0,2191.268100157431
3429.4605989863767,2880.0,2937.329530846434
3481.422123213443,2880.0,2947.577401222079
3533.3836474405093,2880.0,-2390.564839055328
3585.3451716675754,2880.0,-6177.263688999872
3637.306695894642,2880.0,-3053.6913417393966
3689.268220121708,2880.0,-3093.459374665341
3741.2297443487746,2880.0,-3110.9103573622865
3793.1912685758407,2880.0,-3090.0410394218534
3845.1527928029072,2880.0,-3108.5885457748645
3897.1143170299733,2880.0,-3154.943511020654
3949.07584125704,2880.0,-3180.6231085520344
4001.037365484106,2880.0,-3117.8794317298843
4052.9988897111725,2880.0,-3046.738354389863
4104.960413938239,2880.0,-3060.424636184647
4156.921938165305,2880.0,-3094.882010608028
4208.883462392371,2880.0,-3084.1576575168356
4260.844986619438,2880.0,-3072.2496537069746
4312.806510846504,2880.0,-3074.6540817717123
4364.76803507357,2880.0,-3077.678317085894
4416.7295593006365,2880.0,-3110.7649249478927
4468.691083527703,2880.0,-3538.017216532581
4520.65260775477,2880.0,-3545.80034838078
4572.614131981835,2880.0,-3536.9318864664438
4624.575656208902,2880.0,-3521.465100012428
4676.537180435968,2880.0,-3531.95466981361
4728.498704663035,2880.0,-3563.520533958267
4780.460228890101,2880.0,-3585.175704159019
4832.421753117167,2880.0,-3607.2437531591813
4884.383277344234,2880.0,-3627.211467637224
4936.3448015713,2880.0,-3640.1671520483205
4988.306325798366,2880.0,-3647.341248753238
5040.267850025432,2880.0,-3653.589849486111
5092.229374252499,2880.0,-3658.846765142271
5144.190898479565,2880.0,-3662.383227436134
5196.152422706631,2880.0,-3662.3444610967967
5248.113946933698,2880.0,-3658.7498063329404
5300.075471160764,2880.0,-3654.8801797552405
5352.03699538783,2880.0,-3646.7824094224593
5403.998519614896,2880.0,-3634.0202254534825
5455.960043841963,2880.0,-3615.7331252836207
5507.9215680690295,2880.0,-3588.8380904362657
5559.883092296095,2880.0,-3560.4396040863376
5611.844616523162,2880.0,-3102.5643353969917
5663.806140750228,2880.0,-4357.297396987682
5715.767664977295,2880.0,-3786.797951401212
5767.72918920436,2880.0,-3432.2853799434843
5819.690713431427,2880.0,-3455.9826815873257
5871.6522376584935,2880.0,-3557.250305055171
5923.61376188556,2880.0,-2455.8611443674376
5975.575286112626,2880.0,-3001.6892400533493
6027.536810339692,2880.0,-3085.1874209610337
6079.498334566759,2880.0,-3190.2797976388315
6131.459858793825,2880.0,-3323.487345390581
6183.421383020891,2880.0,-3481.062304752812
6235.3829072479575,2880.0,-3689.2956066074903
6287.344431475024,2880.0,-4145.597430321133
6339.305955702091,2880.0,-5316.639189829264
6391.267479929156,2880.0,-5427.64995629005
6443.229004156223,2880.0,-1684.372938181347
6495.190528383289,2880.0,2981.4600763259714
6547.152052610356,2880.0,2844.483319162412
6599.1135768374215,2880.0,2734.4769368331627
6651.075101064488,2880.0,2506.9459085430676
6703.036625291555,2880.0,2392.305419782179
6754.99814951862,2880.0,2216.328933736016
6806.959673745687,2880.0,1993.5864240790745
6858.921197972753,2880.0,1761.1683097364116
6910.88272219982,2880.0,1524.33274318405
6962.844246426886,2880.0,1292.715478865624
7014.805770653952,2880.0,1079.0998515965393
7066.767294881019,2880.0,894.1734834661295
7118.728819108085,2880.0,740.6409338403888
7170.690343335151,2880.0,614.2846547597023
7222.651867562217,2880.0,510.45814493071026
7274.613391789284,2880.0,429.0556998218851
7326.5749160163505,2880.0,367.7421846695757
7378.536440243416,2880.0,319.7441604942521
7430.497964470483,2880.0,280.44856787684967
7482.459488697549,2880.0,244.52126398403516
7534.421012924616,2880.0,207.63703388466658
7586.382537151681,2880.0,169.35993268762553
7638.344061378748,2880.0,133.09903189316395
7690.3055856058145,2880.0,97.8960643852389
7742.267109832881,2880.0,69.36159345166399
7794.228634059947,2880.0,41.21142283675815
7846.190158287013,2880.0,22.761808361356724
7898.15168251408,2880.0,-16.009920496056992
7950.113206741146,2880.0,118.87630716923407
8002.074730968212,2880.0,163.25989136077266
8054.0362551952785,2880.0,-2524.283599091807
8105.997779422345,2880.0,-3088.915644908786
8157.959303649412,2880.0,-3714.2152119988987
8209.920827876478,2880.0,-3548.159808047279
8261.882352103545,2880.0,-3053.1421493268413
8313.84387633061,2880.0,-2529.7900806268235
8365.805400557676,2880.0,-2386.139945320779
8417.766924784743,2880.0,-2394.8563435625438
8469.728449011809,2880.0,-2391.962357529829
8521.689973238876,2880.0,-2395.245871917377
8573.651497465942,2880.0,-2411.0984620155227
8625.613021693009,2880.0,-2442.563768410217
8677.574545920073,2880.0,-2490.543638246185
8729.53607014714,2880.0,-2558.608864005042
8781.497594374207,2880.0,-2646.4930350806
8833.459118601273,2880.0,-2749.18319945555
8885.42064282834,2880.0,-2860.352549548609
8937.382167055406,2880.0,-2974.065927298525
8989.343691282473,2880.0,-3081.1471129491038
9041.30521550954,2880.0,-3170.0316908663763
9093.266739736604,2880.0,-3227.0705025296693
9145.22826396367,2880.0,-3249.9585126635657
9197.189788190737,2880.0,-3258.956691722339
9249.151312417804,2880.0,-2873.976175329162
9301.11283664487,2880.0,-2879.594189593466
9353.074360871937,2880.0,-4014.9734162508375
9405.035885099003,2880.0,-3801.120040429043
9456.99740932607,2880.0,-3908.9016430361885
9508.958933553135,2880.0,-4546.158098678694
9560.920457780201,2880.0,-4562.307388164909
9612.881982007268,2880.0,-3291.437462235904
9664.843506234334,2880.0,-4470.138778671106
9716.8050304614,2880.0,-4923.956225493283
9768.766554688467,2880.0,-5293.202353227345
9820.728078915534,2880.0,-6571.9005398141735
9872.6896031426,2880.0,-6874.453108250404
9924.651127369665,2880.0,-6727.626929058362
9976.612651596732,2880.0,-2767.802873581207
10028.574175823798,2880.0,-2699.9277118274913
10080.535700050865,2880.0,-2837.642207181446
10132.497224277931,2880.0,-2851.1918399295782
10184.458748504998,2880.0,-3048.783002221335
10236.420272732064,2880.0,-3256.2962994779346
10288.38179695913,2880.0,-5779.047174971651
10340.343321186196,2880.0,-258.70812493666335
25.980762113533157,2925.0,-2720.309372344267
77.94228634059947,2925.0,-2804.597708116712
129.90381056766577,2925.0,-6904.495024916843
181.8653347947321,2925.0,-6562.985338722125
233.8268590217984,2925.0,-6611.891515925797
285.7883832488647,2925.0,-6510.979526056059
337.749907475931,2925.0,-6488.438262944073
389.71143170299734,2925.0,-6832.181660193623
441.67295593006367,2925.0,-2979.580782652019
493.63448015713,2925.0,-3022.3514345650765
545.5960043841962,2925.0,2546.0329427140323
597.5575286112626,2925.0,2759.3775661784102
649.5190528383289,2925.0,2536.5254697086184
701.4805770653952,2925.0,2430.982891204213
753.4421012924615,2925.0,2313.4455083616144
805.4036255195278,2925.0,2206.3762763342233
857.3651497465942,2925.0,2103.5265320749095
909.3266739736605,2925.0,2005.7171832116849
961.2881982007268,2925.0,1912.660444386744
1013.2497224277931,2925.0,1824.1345227681911
1065.2112466548592,2925.0,1739.6190496248646
1117.1727708819255,2925.0,1657.2882652182366
1169.1342951089919,2925.0,1577.2284421899453
1221.0958193360582,2925.0,1500.9725988819005
1273.0573435631245,2925.0,1430.6370502439925
1325.0188677901908,2925.0,1375.7829378623283
1376.9803920172571,2925.0,1393.8691673424278
1428.9419162443235,2925.0,1752.1307034332142
1480.9034404713898,2925.0,1762.589438216643
1532.864964698456,2925.0,1407.3712289549778
1584.8264889255224,2925.0,1222.975562615982
1636.7880131525887,2925.0,1210.432134061551
1688.749537379655,2925.0,1411.4914445911438
1740.7110616067214,2925.0,1612.7443832391914
1792.6725858337877,2925.0,1717.3326452983624
1844.634110060854,2925.0,1732.236628121961
1896.5956342879203,2925.0,1696.92369064053
1948.5571585149867,2925.0,1645.0035495174116
2000.518682742053,2925.0,1590.945768386373
2052.4802069691195,2925.0,1542.7055291943311
2104.4417311961856,2925.0,1498.688955838311
2156.403255423252,2925.0,1453.5765919468809
2208.3647796503183,2925.0,1411.3124493285682
2260.326303877385,2925.0,1369.8640292874788
2312.287828104451,2925.0,1331.2006302099514
2364.2493523315175,2925.0,1292.1273673564
2416.2108765585835,2925.0,1254.4389836610494
2468.17240078565,2925.0,1218.6374600699937
2520.133925012716,2925.0,1185.6429495877837
2572.0954492397827,2925.0,1154.9220049849341
2624.056973466849,2925.0,1126.6386843026953
2676.0184976939154,2925.0,1102.3067536995054
2727.9800219209815,2925.0,1081.688264954618
2779.941546148048,2925.0,1066.7772268192455
2831.903070375114,2925.0,1055.3132186736332
2883.8645946021807,2925.0,1050.3864751288502
2935.8261188292468,2925.0,1051.2076867468554
2987.7876430563133,2925.0,1060.110043926029
3039.7491672833794,2925.0,1083.4642116399264
3091.710691510446,2925.0,1124.8599830250027
3143.672215737512,2925.0,1187.0379777142741
3195.6337399645786,2925.0,1275.530401471511
3247.5952641916447,2925.0,1402.39110432946
3299.556788418711,2925.0,1590.3553854703468
3351.5183126457773,2925.0,1871.0628615198207
3403.4798368728434,2925.0,2115.8010140444576
3455.44136109991,2925.0,2825.4898561503996
3507.402885326976,2925.0,2876.534178343641
3559.3644095540426,2925.0,-2493.040180260532
3611.3259337811087,2925.0,-4188.082115062254
3663.2874580081752,2925.0,-4148.240417156705
3715.2489822352413,2925.0,-4179.089178097852
3767.210506462308,2925.0,-4248.133091709984
3819.172030689374,2925.0,-4222.205058429758
3871.1335549164405,2925.0,-4187.393544956252
3923.0950791435066,2925.0,-4108.24635383733
3975.056603370573,2925.0,-4089.2239755994806
4027.0181275976392,2925.0,-4155.890949571836
4078.979651824706,2925.0,-4216.884833455014
4130.941176051772,2925.0,-4252.06371624046
4182.902700278838,2925.0,-4231.960139403447
4234.8642245059045,2925.0,-4236.507162457737
4286.825748732971,2925.0,-4158.814682265641
4338.787272960038,2925.0,-4125.502993013295
4390.748797187103,2925.0,-4218.659674094415
4442.71032141417,2925.0,-3103.9006418882973
4494.671845641236,2925.0,-3088.4885029721763
4546.633369868303,2925.0,-3090.0445872080754
4598.5948940953685,2925.0,-2998.904938475069
4650.556418322435,2925.0,-2996.31022230807
4702.517942549502,2925.0,-3509.290052617752
4754.479466776568,2925.0,-3523.454644697112
4806.440991003634,2925.0,-3543.899376722803
4858.4025152307,2925.0,-3582.149059871224
4910.364039457767,2925.0,-3602.9567765290085
4962.3255636848335,2925.0,-3611.8957876500153
5014.287087911899,2925.0,-3627.1626365129196
5066.248612138966,2925.0,-3641.9128455375867
5118.210136366032,2925.0,-3649.5755621501785
5170.171660593098,2925.0,-3653.8373120394454
5222.133184820164,2925.0,-3654.8257868711908
5274.094709047231,2925.0,-3650.8293207343168
5326.0562332742975,2925.0,-3642.3510716833853
5378.017757501363,2925.0,-3624.2674847813423
5429.97928172843,2925.0,-3596.2812594568513
5481.940805955496,2925.0,-3563.3893990315546
5533.902330182563,2925.0,-3538.765696473925
5585.863854409628,2925.0,-3026.492061467357
5637.825378636695,2925.0,-4290.062740799971
5689.7869028637615,2925.0,-3661.7197943187193
5741.748427090828,2925.0,-3399.146896860877
5793.709951317894,2925.0,-3472.870892936222
5845.67147554496,2925.0,-2347.7503698034625
5897.632999772027,2925.0,-2334.7514873289447
5949.594523999093,2925.0,-2956.312636352321
6001.556048226159,2925.0,-3060.412561820297
6053.5175724532255,2925.0,-3159.898867817994
6105.479096680292,2925.0,-3257.486202962228
6157.440620907359,2925.0,-3373.936177044273
6209.402145134424,2925.0,-3515.030509596665
6261.363669361491,2925.0,-3708.253257775522
6313.325193588557,2925.0,-4039.857803508852
6365.286717815624,2925.0,-4458.599656860884
6417.2482420426895,2925.0,-5768.083245581548
6469.209766269756,2925.0,-1745.16832393142
6521.171290496823,2925.0,-1851.817747987071
6573.132814723889,2925.0,2591.5577375209054
6625.094338950955,2925.0,2821.3174247504285
6677.055863178021,2925.0,2751.1803509726647
6729.017387405088,2925.0,2433.013248729598
6780.9789116321535,2925.0,2264.9175011477446
6832.94043585922,2925.0,2014.0416809085216
6884.901960086287,2925.0,1732.8179453672415
6936.863484313353,2925.0,1446.7140958772436
6988.825008540419,2925.0,1178.997940336996
7040.786532767485,2925.0,945.5585352577824
7092.748056994552,2925.0,753.6743890047888
7144.7095812216185,2925.0,600.8383955078612
7196.671105448684,2925.0,479.6963078422888
7248.632629675751,2925.0,380.34105457487584
7300.594153902817,2925.0,304.19035065454386
7352.555678129884,2925.0,257.0925169730367
7404.517202356949,2925.0,226.4594978955863
7456.478726584016,2925.0,199.73208094044105
7508.4402508110825,2925.0,172.87994753139378
7560.401775038149,2925.0,144.22995564215483
7612.363299265215,2925.0,118.81780052274165
7664.324823492281,2925.0,94.38514631636949
7716.286347719348,2925.0,70.06635341430157
7768.247871946414,2925.0,-20.128048337454622
7820.20939617348,2925.0,-2.249356598201256
7872.1709204005465,2925.0,12.24537417387281
7924.132444627613,2925.0,174.90306838496855
7976.09396885468,2925.0,195.04646739141148
8028.055493081745,2925.0,188.04068379246814
8080.017017308812,2925.0,-2487.6693640975336
8131.978541535878,2925.0,-2937.292656220946
8183.940065762945,2925.0,-3224.768456580594
8235.901589990011,2925.0,-2873.678289402347
8287.863114217078,2925.0,95.86431994977033
8339.824638444143,2925.0,-1658.552358293669
8391.78616267121,2925.0,-1670.8402202202974
8443.747686898276,2925.0,-1755.4818898451313
8495.709211125342,2925.0,-1821.6280137654558
8547.670735352409,2925.0,-1882.9907765408288
8599.632259579475,2925.0,-1953.9209956894492
8651.593783806542,2925.0,-2039.1314150954029
8703.555308033607,2925.0,-2141.3278386106062
8755.516832260673,2925.0,-2268.5061006557025
8807.47835648774,2925.0,-2420.431059852085
8859.439880714806,2925.0,-2588.855574913029
8911.401404941873,2925.0,-2762.1778014986203
8963.36292916894,2925.0,-2927.470759371876
9015.324453396006,2925.0,-3066.6608329709807
9067.285977623073,2925.0,-3169.6505112510113
9119.247501850137,2925.0,-3214.2828870656886
9171.209026077204,2925.0,-2950.3138137956407
9223.17055030427,2925.0,-2955.959818171419
9275.132074531337,2925.0,-3998.7402581446195
9327.093598758403,2925.0,-4067.442607220478
9379.05512298547,2925.0,-3768.2695323348216
9431.016647212537,2925.0,-3968.7538337532374
9482.978171439603,2925.0,-4375.299971385075
9534.939695666668,2925.0,-3322.952812596667
9586.901219893734,2925.0,-3260.8437999808916
9638.862744120801,2925.0,-3965.3697604135846
9690.824268347867,2925.0,-4220.064730046335
9742.785792574934,2925.0,-4522.119755714983
9794.747316802,2925.0,-4948.814319024335
9846.708841029067,2925.0,-5337.793291802259
9898.670365256134,2925.0,-5573.216198941482
9950.631889483198,2925.0,-6731.409810269313
10002.593413710265,2925.0,-6848.252729776064
10054.554937937331,2925.0,-6659.568403608202
10106.516462164398,2925.0,-6510.493560763086
10158.477986391465,2925.0,-6376.344430646551
10210.439510618531,2925.0,-5995.199467307499
10262.401034845598,2925.0,-5771.997568696379
10314.362559072662,2925.0,-226.15179686041438
10366.324083299729,2925.0,-216.19048605672697
0.0,2970.0,-6958.302464246372
51.96152422706631,2970.0,-6895.96500833674
103.92304845413263,2970.0,-7061.196279983775
155.88457268119893,2970.0,-5834.546560987836
207.84609690826525,2970.0,-5535.090825018621
259.80762113533154,2970.0,-5506.046696000432
311.76914536239786,2970.0,-5424.668142127225
363.7306695894642,2970.0,-5712.112294876944
415.6921938165305,2970.0,-7037.0765228699875
467.6537180435968,2970.0,-6810.968800854893
519.6152422706631,2970.0,-2990.233269226037
571.5767664977294,2970.0,2771.961718518914
623.5382907247957,2970.0,2677.865178206847
675.499814951862,2970.0,2507.652941011287
727.4613391789284,2970.0,2427.1501831123924
779.4228634059947,2970.0,2328.2064702013804
831.384387633061,2970.0,2227.81268679207
883.3459118601273,2970.0,2126.3453988955853
935.3074360871937,2970.0,2028.829330828105
987.26896031426,2970.0,1933.867556025114
1039.2304845413262,2970.0,1840.7447279234461
1091.1920087683925,2970.0,1747.499974737277
1143.1535329954588,2970.0,1654.0122427166114
1195.1150572225251,2970.0,1556.8082832419966
1247.0765814495915,2970.0,1454.8528490174303
1299.0381056766578,2970.0,1346.4118517135437
1350.999629903724,2970.0,1275.266786081959
1402.9611541307904,2970.0,1358.6383267610781
1454.9226783578567,2970.0,1405.5018090780645
1506.884202584923,2970.0,1251.0863847877706
1558.8457268119894,2970.0,1165.483872499271
1610.8072510390557,2970.0,1150.8577796197303
1662.768775266122,2970.0,1283.260670787054
1714.7302994931883,2970.0,1425.0541494846348
1766.6918237202547,2970.0,1526.0276456635256
1818.653347947321,2970.0,1577.5977245610125
1870.6148721743873,2970.0,1586.389683117292
1922.5763964014536,2970.0,1567.1535790047228
1974.53792062852,2970.0,1534.7675956156183
2026.4994448555863,2970.0,1499.7493288991293
2078.4609690826524,2970.0,1462.235118312873
2130.422493309719,2970.0,1422.873947459806
2182.384017536785,2970.0,1384.6085037251219
2234.3455417638515,2970.0,1347.11404156652
2286.3070659909176,2970.0,1312.1742124817051
2338.268590217984,2970.0,1276.8847886389763
2390.2301144450503,2970.0,1242.4573685786593
2442.191638672117,2970.0,1210.9559621693807
2494.153162899183,2970.0,1180.9827663595377
2546.1146871262495,2970.0,1154.2710018321977
2598.0762113533156,2970.0,1127.8894828778123
2650.037735580382,2970.0,1103.7499530740329
2701.999259807448,2970.0,1083.3596493740138
2753.9607840345147,2970.0,1066.7574836519643
2805.922308261581,2970.0,1054.0183151673893
2857.8838324886474,2970.0,1045.6527883697754
2909.8453567157135,2970.0,1040.9434187651457
2961.80688094278,2970.0,1041.0154949761545
3013.768405169846,2970.0,1050.7714972925717
3065.7299293969127,2970.0,1072.4565283004702
3117.6914536239788,2970.0,1107.4497841287962
3169.6529778510453,2970.0,1157.1344169861995
3221.6145020781114,2970.0,1228.272850735997
3273.576026305178,2970.0,1333.0032521662447
3325.537550532244,2970.0,1495.2185674705229
3377.49907475931,2970.0,1723.2568366298017
3429.4605989863767,2970.0,2351.762125043607
3481.422123213443,2970.0,2678.3521240859973
3533.3836474405093,2970.0,-2635.821629617092
3585.3451716675754,2970.0,-3715.3748043061632
3637.306695894642,2970.0,-3825.5354688204434
3689.268220121708,2970.0,-3853.3949849449846
3741.2297443487746,2970.0,-3880.1158315151442
3793.1912685758407,2970.0,-3802.66204084335
3845.1527928029072,2970.0,-3798.6189953053618
3897.1143170299733,2970.0,-3877.056501764021
3949.07584125704,2970.0,-3934.748663222198
4001.037365484106,2970.0,-3894.717381907358
4052.9988897111725,2970.0,-3789.7107529981035
4104.960413938239,2970.0,-3817.220405868644
4156.921938165305,2970.0,-3910.1051700412363
4208.883462392371,2970.0,-3887.630390410003
4260.844986619438,2970.0,-3836.0567852279455
4312.806510846504,2970.0,-3814.9273800877927
4364.76803507357,2970.0,-3861.5168590345165
4416.7295593006365,2970.0,-4266.411481887492
4468.691083527703,2970.0,-4271.391492091837
4520.65260775477,2970.0,-4259.658649309608
4572.614131981835,2970.0,-4294.190636304432
4624.575656208902,2970.0,-4262.749086211885
4676.537180435968,2970.0,-3124.282566600142
4728.498704663035,2970.0,-3090.4108080561764
4780.460228890101,2970.0,-3018.935921152376
4832.421753117167,2970.0,-3531.8075326557882
4884.383277344234,2970.0,-3558.0710194269823
4936.3448015713,2970.0,-3563.6696035370824
4988.306325798366,2970.0,-3571.018086503408
5040.267850025432,2970.0,-3597.4572150746058
5092.229374252499,2970.0,-3614.2182889932765
5144.190898479565,2970.0,-3623.0271897187145
5196.152422706631,2970.0,-3629.9801574733187
5248.113946933698,2970.0,-3634.8892048110556
5300.075471160764,2970.0,-3629.804614814791
5352.03699538783,2970.0,-3609.304388105683
5403.998519614896,2970.0,-3577.303262846034
5455.960043841963,2970.0,-3551.089208830841
5507.9215680690295,2970.0,-3067.505127770687
5559.883092296095,2970.0,-3006.5038635821747
5611.844616523162,2970.0,-4191.4811923113275
5663.806140750228,2970.0,-3650.6919422863157
5715.767664977295,2970.0,-3341.2728773688923
5767.72918920436,2970.0,-3409.8644750749054
5819.690713431427,2970.0,-2351.0808580342664
5871.6522376584935,2970.0,-2886.032897343365
5923.61376188556,2970.0,-2937.8934184015943
5975.575286112626,2970.0,-3030.2556232803854
6027.536810339692,2970.0,-3123.492555503316
6079.498334566759,2970.0,-3205.4434387751044
6131.459858793825,2970.0,-3296.2682386557053
6183.421383020891,2970.0,-3400.8914471648363
6235.3829072479575,2970.0,-3531.942957477614
6287.344431475024,2970.0,-3700.6416611581717
6339.305955702091,2970.0,-3935.436844059699
6391.267479929156,2970.0,-4555.516131387321
6443.229004156223,2970.0,-6209.078270885666
6495.190528383289,2970.0,-6353.415934386625
6547.152052610356,2970.0,-1890.733620106947
6599.1135768374215,2970.0,2723.323405633385
6651.075101064488,2970.0,2755.4113836429733
6703.036625291555,2970.0,2816.5761205908143
6754.99814951862,2970.0,2464.624737534731
6806.959673745687,2970.0,2303.850585044052
6858.921197972753,2970.0,2021.269782981538
6910.88272219982,2970.0,1654.3690107388984
6962.844246426886,2970.0,1294.4631454742378
7014.805770653952,2970.0,993.480078348587
7066.767294881019,2970.0,756.9153621752193
7118.728819108085,2970.0,571.8548121530623
7170.690343335151,2970.0,431.33319667939395
7222.651867562217,2970.0,323.41622288975407
7274.613391789284,2970.0,242.86205830278033
7326.5749160163505,2970.0,194.6498397618725
7378.536440243416,2970.0,170.78812655695089
7430.497964470483,2970.0,155.78312187426013
7482.459488697549,2970.0,137.6097991323497
7534.421012924616,2970.0,117.56058963487615
7586.382537151681,2970.0,101.77262010430294
7638.344061378748,2970.0,48.14940066551438
7690.3055856058145,2970.0,44.68087313085526
7742.267109832881,2970.0,-24.574257488755745
7794.228634059947,2970.0,-15.843836733267395
7846.190158287013,2970.0,201.500547998434
7898.15168251408,2970.0,234.86707648682076
7950.113206741146,2970.0,256.3537347286929
8002.074730968212,2970.0,-1320.4923264662375
8054.0362551952785,2970.0,-1927.2574746864702
8105.997779422345,2970.0,-2685.9049505096727
8157.959303649412,2970.0,-2983.439309878046
8209.920827876478,2970.0,-2803.850439754703
8261.882352103545,2970.0,-2421.778215740027
8313.84387633061,2970.0,82.34923641858958
8365.805400557676,2970.0,-1122.5783670094766
8417.766924784743,2970.0,-1099.1127814542276
8469.728449011809,2970.0,-1176.7177546073094
8521.689973238876,2970.0,-1286.765398488532
8573.651497465942,2970.0,-1402.262267569938
8625.613021693009,2970.0,-1526.0928891272883
8677.574545920073,2970.0,-1653.7583858078383
8729.53607014714,2970.0,-1809.7895000659769
8781.497594374207,2970.0,-2006.0094827593734
8833.459118601273,2970.0,-2233.371349247782
8885.42064282834,2970.0,-2482.730549505296
8937.382167055406,2970.0,-2730.235031887827
8989.343691282473,2970.0,-2939.1397790523683
9041.30521550954,2970.0,-3084.0621195749154
9093.266739736604,2970.0,-3178.428258670757
9145.22826396367,2970.0,-2933.616205794232
9197.189788190737,2970.0,-4090.2138280865543
9249.151312417804,2970.0,-3952.738333976103
9301.11283664487,2970.0,-3714.6905445927196
9353.074360871937,2970.0,-3829.5459143666435
9405.035885099003,2970.0,-4030.8434459696155
9456.99740932607,2970.0,-4337.954279738148
9508.958933553135,2970.0,-3388.5676695290886
9560.920457780201,2970.0,-3729.691395795255
9612.881982007268,2970.0,-3807.3289222732947
9664.843506234334,2970.0,-3955.3976871777922
9716.8050304614,2970.0,-4149.460354450486
9768.766554688467,2970.0,-4365.505816805439
9820.728078915534,2970.0,-4578.258349551024
9872.6896031426,2970.0,-4767.41336388924
9924.651127369665,2970.0,-5073.275382556276
9976.612651596732,2970.0,-5344.790938022408
10028.574175823798,2970.0,-5319.633818246697
10080.535700050865,2970.0,-5187.943780134336
10132.497224277931,2970.0,-5102.386392877068
10184.458748504998,2970.0,-4895.806852438371
10236.420272732064,2970.0,-4564.534429961248
10288.38179695913,2970.0,-4483.673667182037
10340.343321186196,2970.0,-7036.4825960533135
25.980762113533157,3015.0,-5708.6649050804435
77.94228634059947,3015.0,-5822.140126396805
129.90381056766577,3015.0,-5627.490873339282
181.8653347947321,3015.0,-5272.036235648833
233.8268590217984,3015.0,-5147.400692662741
285.7883832488647,3015.0,-5106.694588941621
337.749907475931,3015.0,-5150.143367292404
389.71143170299734,3015.0,-5416.16563164449
441.67295593006367,3015.0,-5664.9718257714685
493.63448015713,3015.0,-6312.133904824446
545.5960043841962,3015.0,-3088.1609715475715
597.5575286112626,3015.0,2626.464130776759
649.5190528383289,3015.0,2513.77420535178
701.4805770653952,3015.0,2504.826207468509
753.4421012924615,3015.0,2442.2236685246685
805.4036255195278,3015.0,2343.1531535091117
857.3651497465942,3015.0,2243.046803988512
909.3266739736605,3015.0,2141.516488663753
961.2881982007268,3015.0,2040.2614314958655
1013.2497224277931,3015.0,1939.3007187756684
1065.2112466548592,3015.0,1840.3133805911411
1117.1727708819255,3015.0,1737.0961573699474
1169.1342951089919,3015.0,1627.8883702026342
1221.0958193360582,3015.0,1504.8898806804095
1273.0573435631245,3015.0,1361.1737669952959
1325.0188677901908,3015.0,1243.235800094147
1376.9803920172571,3015.0,1312.6462904591056
1428.9419162443235,3015.0,1345.151475634932
1480.9034404713898,3015.0,1297.7449305813889
1532.864964698456,3015.0,1135.0572854233899
1584.8264889255224,3015.0,1112.5101212934114
1636.7880131525887,3015.0,1209.136484156262
1688.749537379655,3015.0,1317.900896154505
1740.7110616067214,3015.0,1401.0407801790122
1792.6725858337877,3015.0,1456.0984301207686
1844.634110060854,3015.0,1483.3112716873056
1896.5956342879203,3015.0,1486.7815478310813
1948.5571585149867,3015.0,1473.4847663345288
2000.518682742053,3015.0,1449.9829114601944
2052.4802069691195,3015.0,1422.0589203502639
2104.4417311961856,3015.0,1391.9588440689795
2156.403255423252,3015.0,1359.4144197587402
2208.3647796503183,3015.0,1325.469050838149
2260.326303877385,3015.0,1291.8505761920524
2312.287828104451,3015.0,1260.4379325808868
2364.2493523315175,3015.0,1230.4943773270095
2416.2108765585835,3015.0,1199.7512448598832
2468.17240078565,3015.0,1172.2395214457513
2520.133925012716,3015.0,1146.2112395678487
2572.0954492397827,3015.0,1124.2918052881423
2624.056973466849,3015.0,1101.6244470785118
2676.0184976939154,3015.0,1081.3102668613496
2727.9800219209815,3015.0,1064.3589988214949
2779.941546148048,3015.0,1050.3991310078136
2831.903070375114,3015.0,1039.3004270193826
2883.8645946021807,3015.0,1030.8462618981966
2935.8261188292468,3015.0,1025.8332716110344
2987.7876430563133,3015.0,1023.3979482899763
3039.7491672833794,3015.0,1027.009828888625
3091.710691510446,3015.0,1038.8976966562095
3143.672215737512,3015.0,1058.3904647378142
3195.6337399645786,3015.0,1084.383857593679
3247.5952641916447,3015.0,1116.9297423741932
3299.556788418711,3015.0,1161.6694134083355
3351.5183126457773,3015.0,1235.749297321876
3403.4798368728434,3015.0,1332.6340188147642
3455.44136109991,3015.0,2454.5366505038546
3507.402885326976,3015.0,107.71785578645637
3559.3644095540426,3015.0,-3862.8219622403653
3611.3259337811087,3015.0,-3924.6991546190075
3663.2874580081752,3015.0,-3966.386993403554
3715.2489822352413,3015.0,-3976.819204802772
3767.210506462308,3015.0,-4004.292086547416
3819.172030689374,3015.0,-3862.6851868304784
3871.1335549164405,3015.0,-3841.912315806874
3923.0950791435066,3015.0,-3822.0562652711055
3975.056603370573,3015.0,-3945.9067295737013
4027.0181275976392,3015.0,-3926.2680056271947
4078.979651824706,3015.0,-3938.3081857044544
4130.941176051772,3015.0,-3966.5686188358886
4182.902700278838,3015.0,-4000.658714711284
4234.8642245059045,3015.0,-3929.5584191104585
4286.825748732971,3015.0,-3835.388381128141
4338.787272960038,3015.0,-3950.4856879106883
4390.748797187103,3015.0,-3945.782465027306
4442.71032141417,3015.0,-3838.6066969607336
4494.671845641236,3015.0,-3746.12232976139
4546.633369868303,3015.0,-3800.923645991137
4598.5948940953685,3015.0,-3832.0001573746385
4650.556418322435,3015.0,-4180.400154203906
4702.517942549502,3015.0,-4172.21307369084
4754.479466776568,3015.0,-4215.6080657155635
4806.440991003634,3015.0,-3090.5783300181465
4858.4025152307,3015.0,-3157.334725668973
4910.364039457767,3015.0,-3129.5786962878515
4962.3255636848335,3015.0,-3061.174778127017
5014.287087911899,3015.0,-3540.805166835522
5066.248612138966,3015.0,-3556.9361750373637
5118.210136366032,3015.0,-3568.9345633384446
5170.171660593098,3015.0,-3582.5654768806608
5222.133184820164,3015.0,-3599.8979976339824
5274.094709047231,3015.0,-3607.093481566104
5326.0562332742975,3015.0,-3590.9912114094027
5378.017757501363,3015.0,-3565.709330998096
5429.97928172843,3015.0,-3100.287381918175
5481.940805955496,3015.0,-3111.693004290122
5533.902330182563,3015.0,-4233.972394188957
5585.863854409628,3015.0,-4169.644467766272
5637.825378636695,3015.0,-3685.2132122404028
5689.7869028637615,3015.0,-3314.0113703458032
5741.748427090828,3015.0,-3431.8303458889486
5793.709951317894,3015.0,-2338.929886213641
5845.67147554496,3015.0,-2896.9221390100247
5897.632999772027,3015.0,-2959.556136572262
5949.594523999093,3015.0,-3028.5676444375717
6001.556048226159,3015.0,-3095.5100068839383
6053.5175724532255,3015.0,-3162.231774777645
6105.479096680292,3015.0,-3232.5267781775947
6157.440620907359,3015.0,-3316.503026259789
6209.402145134424,3015.0,-3414.485848016783
6261.363669361491,3015.0,-3536.3007204235073
6313.325193588557,3015.0,-3695.47553107312
6365.286717815624,3015.0,-3947.519546883713
6417.2482420426895,3015.0,-4455.665418015493
6469.209766269756,3015.0,-4991.213051119979
6521.171290496823,3015.0,-6355.156756955821
6573.132814723889,3015.0,-2033.7466763715724
6625.094338950955,3015.0,-2098.399923254013
6677.055863178021,3015.0,2839.266065296588
6729.017387405088,3015.0,2868.512261663312
6780.9789116321535,3015.0,2899.2410289209065
6832.94043585922,3015.0,2272.132420729543
6884.901960086287,3015.0,1920.3856844027468
6936.863484313353,3015.0,1448.0253049695252
6988.825008540419,3015.0,1021.0681319905093
7040.786532767485,3015.0,730.5396695742656
7092.748056994552,3015.0,521.2410057466852
7144.7095812216185,3015.0,380.83892923262886
7196.671105448684,3015.0,284.41003386338946
7248.632629675751,3015.0,217.3764549748934
7300.594153902817,3015.0,18.052471227361053
7352.555678129884,3015.0,-1.5863905245803807
7404.517202356949,3015.0,61.86728279247235
7456.478726584016,3015.0,39.93790119200945
7508.4402508110825,3015.0,46.28843457170386
7560.401775038149,3015.0,10.999263124137446
7612.363299265215,3015.0,14.074679533587242
7664.324823492281,3015.0,-35.47654161871145
7716.286347719348,3015.0,-43.588365618324204
7768.247871946414,3015.0,-16.591752184531288
7820.20939617348,3015.0,161.79969341875994
7872.1709204005465,3015.0,192.23294120878796
7924.132444627613,3015.0,207.10229819753326
7976.09396885468,3015.0,-1215.627467793628
8028.055493081745,3015.0,-1873.9194207659962
8080.017017308812,3015.0,-2619.1181526884493
8131.978541535878,3015.0,-3108.47195294594
8183.940065762945,3015.0,-3105.2096117451133
8235.901589990011,3015.0,153.5825250752938
8287.863114217078,3015.0,65.75669584343807
8339.824638444143,3015.0,173.04965630076626
8391.78616267121,3015.0,178.99082216478854
8443.747686898276,3015.0,-737.5307394208169
8495.709211125342,3015.0,-799.2475341491488
8547.670735352409,3015.0,-868.4003023970881
8599.632259579475,3015.0,-974.9464985734008
8651.593783806542,3015.0,-1112.6477458296067
8703.555308033607,3015.0,-1269.2505215916713
8755.516832260673,3015.0,-1491.9531334816884
8807.47835648774,3015.0,-1770.7194299329535
8859.439880714806,3015.0,-2091.6806766318123
8911.401404941873,3015.0,-2450.718102204465
8963.36292916894,3015.0,-2762.0470836891836
9015.324453396006,3015.0,-2969.0862634210316
9067.285977623073,3015.0,-2876.199768315284
9119.247501850137,3015.0,-2933.1212567704215
9171.209026077204,3015.0,-4161.340363012971
9223.17055030427,3015.0,-3790.6609758591417
9275.132074531337,3015.0,-3777.6930896051185
9327.093598758403,3015.0,-3950.0659421864784
9379.05512298547,3015.0,-4086.835172512015
9431.016647212537,3015.0,-4364.724191069311
9482.978171439603,3015.0,-3289.823572763466
9534.939695666668,3015.0,-3673.808180786354
9586.901219893734,3015.0,-3728.3975351678573
9638.862744120801,3015.0,-3804.3738803779515
9690.824268347867,3015.0,-3914.348279294643
9742.785792574934,3015.0,-4047.211569515497
9794.747316802,3015.0,-4193.9511285386
9846.708841029067,3015.0,-4338.63688153443
9898.670365256134,3015.0,-4482.966928916705
9950.631889483198,3015.0,-4603.5020833430735
10002.593413710265,3015.0,-4646.5158420139815
10054.554937937331,3015.0,-4610.195544637997
10106.516462164398,3015.0,-4532.042878484333
10158.477986391465,3015.0,-4410.253840285473
10210.439510618531,3015.0,-4231.674971731304
10262.401034845598,3015.0,-4053.8470891112593
10314.362559072662,3015.0,-4292.662350972436
10366.324083299729,3015.0,-4783.4032918429375
0.0,3060.0,-4947.339267418049
51.96152422706631,3060.0,-5348.610848069102
103.92304845413263,3060.0,-5295.966689456996
155.88457268119893,3060.0,-5182.345916340176
207.84609690826525,3060.0,-5073.466120037557
259.80762113533154,3060.0,-5017.569133391833
311.76914536239786,3060.0,-5009.192895947795
363.7306695894642,3060.0,-5050.744940943037
415.6921938165305,3060.0,-5104.821546590645
467.6537180435968,3060.0,-5296.071659581696
519.6152422706631,3060.0,-5964.381952943228
571.5767664977294,3060.0,-3131.1890319828817
623.5382907247957,3060.0,2656.1094376209385
675.499814951862,3060.0,2682.5243982193656
727.4613391789284,3060.0,2534.177826437014
779.4228634059947,3060.0,2462.203362416749
831.384387633061,3060.0,2359.341181703984
883.3459118601273,3060.0,2257.1232305654776
935.3074360871937,3060.0,2152.06460615948
987.26896031426,3060.0,2047.7670493903336
1039.2304845413262,3060.0,1944.3021524773792
1091.1920087683925,3060.0,1839.1632296937219
1143.1535329954588,3060.0,1725.816184432816
1195.1150572225251,3060.0,1597.431222625615
1247.0765814495915,3060.0,1441.2163799756897
1299.0381056766578,3060.0,1289.772163399086
1350.999629903724,3060.0,1319.7533509966113
1402.9611541307904,3060.0,1319.2488123291075
1454.9226783578567,3060.0,1168.6387123322324
1506.884202584923,3060.0,1111.5327625637237
1558.8457268119894,3060.0,1086.3072807097296
1610.8072510390557,3060.0,1166.12828804378
1662.768775266122,3060.0,1251.9036474697316
1714.7302994931883,3060.0,1320.533442791859
1766.6918237202547,3060.0,1370.3397302042144
1818.653347947321,3060.0,1401.4697365579154
1870.6148721743873,3060.0,1415.4146908750272
1922.5763964014536,3060.0,1413.146287676063
1974.53792062852,3060.0,1398.9452048442072
2026.4994448555863,3060.0,1379.3576820836565
2078.4609690826524,3060.0,1355.0690075654086
2130.422493309719,3060.0,1328.2780341560288
2182.384017536785,3060.0,1298.9480724749553
2234.3455417638515,3060.0,1270.6184318923902
2286.3070659909176,3060.0,1241.4595941569355
2338.268590217984,3060.0,1215.1104897226476
2390.2301144450503,3060.0,1188.900968607546
2442.191638672117,3060.0,1163.2878980862188
2494.153162899183,3060.0,1139.2704080357055
2546.1146871262495,3060.0,1117.7870505575002
2598.0762113533156,3060.0,1097.3512992773744
2650.037735580382,3060.0,1079.0421932620106
2701.999259807448,3060.0,1061.325444809509
2753.9607840345147,3060.0,1046.3700066503193
2805.922308261581,3060.0,1033.1678927724706
2857.8838324886474,3060.0,1021.0806725261164
2909.8453567157135,3060.0,1010.6065034239232
2961.80688094278,3060.0,1002.1926954529242
3013.768405169846,3060.0,994.6298849071297
3065.7299293969127,3060.0,990.2759513574501
3117.6914536239788,3060.0,987.9776798771013
3169.6529778510453,3060.0,982.7291221496106
3221.6145020781114,3060.0,969.1794347797925
3273.576026305178,3060.0,936.778181121684
3325.537550532244,3060.0,867.9917977367973
3377.49907475931,3060.0,853.4482674776776
3429.4605989863767,3060.0,197.90909657512552
3481.422123213443,3060.0,85.53932441080975
3533.3836474405093,3060.0,-129.74330484913446
3585.3451716675754,3060.0,-3990.780251039883
3637.306695894642,3060.0,-4378.246440151779
3689.268220121708,3060.0,-4417.144413817955
3741.2297443487746,3060.0,-4442.7427484308155
3793.1912685758407,3060.0,-4424.061795177928
3845.1527928029072,3060.0,-4370.3757772049485
3897.1143170299733,3060.0,-4368.3890855384
3949.07584125704,3060.0,-4345.842450935436
4001.037365484106,3060.0,-4286.717831836368
4052.9988897111725,3060.0,-4274.507767491531
4104.960413938239,3060.0,-4329.914339885505
4156.921938165305,3060.0,-4365.64589541926
4208.883462392371,3060.0,-4312.339827532294
4260.844986619438,3060.0,-3812.0903405613944
4312.806510846504,3060.0,-3793.7331041672314
4364.76803507357,3060.0,-3949.4895249816836
4416.7295593006365,3060.0,-3917.582428183152
4468.691083527703,3060.0,-3864.7183479593286
4520.65260775477,3060.0,-3850.4575395526285
4572.614131981835,3060.0,-3859.252505066498
4624.575656208902,3060.0,-3831.2082131034795
4676.537180435968,3060.0,-3806.73927419792
4728.498704663035,3060.0,-3778.2622449640508
4780.460228890101,3060.0,-4302.818842143548
4832.421753117167,3060.0,-4300.96016021578
4884.383277344234,3060.0,-4270.693223504564
4936.3448015713,3060.0,-4307.43216165655
4988.306325798366,3060.0,-3022.911642345507
5040.267850025432,3060.0,-2993.8892735261506
5092.229374252499,3060.0,-2997.1003658146956
5144.190898479565,3060.0,-3035.1915806754287
5196.152422706631,3060.0,-3117.5930635327295
5248.113946933698,3060.0,-3231.232945980653
5300.075471160764,3060.0,-3248.0989961669775
5352.03699538783,3060.0,-3175.8644256363787
5403.998519614896,3060.0,-3104.188490073165
5455.960043841963,3060.0,-4262.150909868165
5507.9215680690295,3060.0,-4251.732991331301
5559.883092296095,3060.0,-3813.9405946937395
5611.844616523162,3060.0,-3726.9538718826234
5663.806140750228,3060.0,-3347.0218947084804
5715.767664977295,3060.0,-3543.887617412674
5767.72918920436,3060.0,-2383.774261635739
5819.690713431427,3060.0,-2909.1706463813052
5871.6522376584935,3060.0,-2967.669135595558
5923.61376188556,3060.0,-3026.58436612233
5975.575286112626,3060.0,-3074.749124953646
6027.536810339692,3060.0,-3124.293277781732
6079.498334566759,3060.0,-3179.801914446413
6131.459858793825,3060.0,-3243.958126933991
6183.421383020891,3060.0,-3321.67761322388
6235.3829072479575,3060.0,-3413.2843200967036
6287.344431475024,3060.0,-3525.4364264608266
6339.305955702091,3060.0,-3675.6748189042355
6391.267479929156,3060.0,-3879.253938049753
6443.229004156223,3060.0,-4131.632342398856
6495.190528383289,3060.0,-4721.711546076489
6547.152052610356,3060.0,-6155.364168505914
6599.1135768374215,3060.0,-5890.765361608284
6651.075101064488,3060.0,-2069.8695486433517
6703.036625291555,3060.0,2971.465930102192
6754.99814951862,3060.0,2997.0103169037375
6806.959673745687,3060.0,2988.3884334101053
6858.921197972753,3060.0,2625.771766206512
6910.88272219982,3060.0,1588.048569034999
6962.844246426886,3060.0,1086.305052429964
7014.805770653952,3060.0,700.2185930355477
7066.767294881019,3060.0,473.94798795510087
7118.728819108085,3060.0,347.84016886785594
7170.690343335151,3060.0,99.632425934339
7222.651867562217,3060.0,79.79241722411334
7274.613391789284,3060.0,70.48334640447744
7326.5749160163505,3060.0,15.175895085275396
7378.536440243416,3060.0,-44.241040215161576
7430.497964470483,3060.0,-39.4023643127569
7482.459488697549,3060.0,42.592312810074404
7534.421012924616,3060.0,34.8884693764188
7586.382537151681,3060.0,-37.79088870740813
7638.344061378748,3060.0,-39.93694749079903
7690.3055856058145,3060.0,195.7473281546848
7742.267109832881,3060.0,206.83617180035156
7794.228634059947,3060.0,212.64736505376064
7846.190158287013,3060.0,220.15789346361055
7898.15168251408,3060.0,-781.9442291388689
7950.113206741146,3060.0,-1212.4779367186102
8002.074730968212,3060.0,-1884.4634967197778
8054.0362551952785,3060.0,-2741.508413236462
8105.997779422345,3060.0,-4047.8566361134535
8157.959303649412,3060.0,-6469.592553704092
8209.920827876478,3060.0,-2170.12347511204
8261.882352103545,3060.0,133.60753252828758
8313.84387633061,3060.0,151.0524732391225
8365.805400557676,3060.0,168.8888178736469
8417.766924784743,3060.0,166.47212872787713
8469.728449011809,3060.0,103.9817575164094
8521.689973238876,3060.0,90.3194367679956
8573.651497465942,3060.0,-607.7990822474192
8625.613021693009,3060.0,-677.0168128130263
8677.574545920073,3060.0,-798.6514204317709
8729.53607014714,3060.0,-941.0681371807239
8781.497594374207,3060.0,-1181.7741674663775
8833.459118601273,3060.0,-1522.5618810359833
8885.42064282834,3060.0,-1961.7144724978434
8937.382167055406,3060.0,-2404.7980545608843
8989.343691282473,3060.0,-2907.056478623991
9041.30521550954,3060.0,-2840.7034223649607
9093.266739736604,3060.0,-4095.3751730614413
9145.22826396367,3060.0,-4094.3936458202743
9197.189788190737,3060.0,-3848.951661532148
9249.151312417804,3060.0,-4025.88636814691
9301.11283664487,3060.0,-4040.1086406255226
9353.074360871937,3060.0,-4387.133810142119
9405.035885099003,3060.0,-4385.606122377078
9456.99740932607,3060.0,-3194.517046448751
9508.958933553135,3060.0,-3588.7463419118267
9560.920457780201,3060.0,-3636.9334098007143
9612.881982007268,3060.0,-3681.266018564794
9664.843506234334,3060.0,-3740.506650318739
9716.8050304614,3060.0,-3822.2054920910496
9768.766554688467,3060.0,-3919.9708193913193
9820.728078915534,3060.0,-4024.651029157473
9872.6896031426,3060.0,-4126.673116084389
9924.651127369665,3060.0,-4213.453753451071
9976.612651596732,3060.0,-4268.0725317130955
10028.574175823798,3060.0,-4274.551042983116
10080.535700050865,3060.0,-4238.17051604873
10132.497224277931,3060.0,-4165.510652675766
10184.458748504998,3060.0,-4058.281256024258
10236.420272732064,3060.0,-3933.779115940793
10288.38179695913,3060.0,-3849.029949021154
10340.343321186196,3060.0,-3916.018159257043
25.980762113533157,3105.0,-4997.67760907483
77.94228634059947,3105.0,-5118.110574512671
129.90381056766577,3105.0,-5073.526964096785
181.8653347947321,3105.0,-5015.942469828723
233.8268590217984,3105.0,-4972.736473092169
285.7883832488647,3105.0,-4951.133932677023
337.749907475931,3105.0,-4954.964269456754
389.71143170299734,3105.0,-4978.3135574859825
441.67295593006367,3105.0,-5025.3358002094665
493.63448015713,3105.0,-5240.0802419803185
545.5960043841962,3105.0,-6138.60522061124
597.5575286112626,3105.0,-3059.926276482718
649.5190528383289,3105.0,2624.2469878821976
701.4805770653952,3105.0,2678.155410919377
753.4421012924615,3105.0,2552.371319739669
805.4036255195278,3105.0,2473.3499008675512
857.3651497465942,3105.0,2366.350271767101
909.3266739736605,3105.0,2261.8038467329907
961.2881982007268,3105.0,2157.050795977966
1013.2497224277931,3105.0,2052.232273333192
1065.2112466548592,3105.0,1945.2379962092923
1117.1727708819255,3105.0,1837.303958140938
1169.1342951089919,3105.0,1719.1709876182724
1221.0958193360582,3105.0,1573.6428760355848
1273.0573435631245,3105.0,1391.8243927623473
1325.0188677901908,3105.0,1348.9084617221065
1376.9803920172571,3105.0,1338.1918425574254
1428.9419162443235,3105.0,1137.0947711006133
1480.9034404713898,3105.0,1071.7241480921925
1532.864964698456,3105.0,1067.226673172772
1584.8264889255224,3105.0,1135.751302548586
1636.7880131525887,3105.0,1207.0090718312954
1688.749537379655,3105.0,1264.1818439018227
1740.7110616067214,3105.0,1308.4217046603444
1792.6725858337877,3105.0,1338.8683445588895
1844.634110060854,3105.0,1354.2487638515613
1896.5956342879203,3105.0,1357.9452743796
1948.5571585149867,3105.0,1351.7136906022697
2000.518682742053,3105.0,1336.8225318866425
2052.4802069691195,3105.0,1317.8032015691763
2104.4417311961856,3105.0,1296.4179882376634
2156.403255423252,3105.0,1273.3543473914638
2208.3647796503183,3105.0,1247.727575420194
2260.326303877385,3105.0,1223.2542168282446
2312.287828104451,3105.0,1197.1571221335792
2364.2493523315175,3105.0,1173.049976360801
2416.2108765585835,3105.0,1151.3097958051494
2468.17240078565,3105.0,1129.7648916147148
2520.133925012716,3105.0,1109.4894497183009
2572.0954492397827,3105.0,1090.695766636037
2624.056973466849,3105.0,1073.2924751383587
2676.0184976939154,3105.0,1056.8674685572114
2727.9800219209815,3105.0,1040.7977096557104
2779.941546148048,3105.0,1027.3791372671644
2831.903070375114,3105.0,1013.6465481638381
2883.8645946021807,3105.0,1000.0522582429478
2935.8261188292468,3105.0,986.8147076916247
2987.7876430563133,3105.0,973.7458802331628
3039.7491672833794,3105.0,957.8086645665139
3091.710691510446,3105.0,940.3252242393403
3143.672215737512,3105.0,917.5952871103698
3195.6337399645786,3105.0,881.2263482595183
3247.5952641916447,3105.0,817.9270573532691
3299.556788418711,3105.0,702.0893784450957
3351.5183126457773,3105.0,584.8969124861183
3403.4798368728434,3105.0,104.178068810017
3455.44136109991,3105.0,74.48417991886785
3507.402885326976,3105.0,-125.39284343615526
3559.3644095540426,3105.0,-161.42558621812523
3611.3259337811087,3105.0,-4345.93514086335
3663.2874580081752,3105.0,-3095.273100467718
3715.2489822352413,3105.0,-3159.5570701152346
3767.210506462308,3105.0,-3299.4056149823773
3819.172030689374,3105.0,-3237.6831040187526
3871.1335549164405,3105.0,-3142.8378105214683
3923.0950791435066,3105.0,-3212.190837664318
3975.056603370573,3105.0,-3288.360147757138
4027.0181275976392,3105.0,-3256.925946047019
4078.979651824706,3105.0,-3252.736418918481
4130.941176051772,3105.0,-3265.422728451883
4182.902700278838,3105.0,-3173.64573835834
4234.8642245059045,3105.0,-4269.399093256183
4286.825748732971,3105.0,-4257.4273254110385
4338.787272960038,3105.0,-4231.385638909687
4390.748797187103,3105.0,-4251.2178292166745
4442.71032141417,3105.0,-4341.095736224812
4494.671845641236,3105.0,-4378.154278201977
4546.633369868303,3105.0,-4321.112862333493
4598.5948940953685,3105.0,-3838.928282894122
4650.556418322435,3105.0,-3864.9620574600813
4702.517942549502,3105.0,-3910.4190681047867
4754.479466776568,3105.0,-3824.7718990830854
4806.440991003634,3105.0,-3770.9302428142646
4858.4025152307,3105.0,-3846.2094739148606
4910.364039457767,3105.0,-3938.984556611499
4962.3255636848335,3105.0,-4315.943935941895
5014.287087911899,3105.0,-4352.894790055229
5066.248612138966,3105.0,-4376.377788155154
5118.210136366032,3105.0,-4315.552766936838
5170.171660593098,3105.0,-4243.662779638565
5222.133184820164,3105.0,-4142.4720711020145
5274.094709047231,3105.0,-4235.294792170417
5326.0562332742975,3105.0,-4086.8548105802183
5378.017757501363,3105.0,-4035.755575268383
5429.97928172843,3105.0,-4190.696343996109
5481.940805955496,3105.0,-3672.898963002208
5533.902330182563,3105.0,-3649.967230121323
5585.863854409628,3105.0,-3427.302516240914
5637.825378636695,3105.0,-3341.2886683672114
5689.7869028637615,3105.0,-3582.4923107781506
5741.748427090828,3105.0,-2452.732885475316
5793.709951317894,3105.0,-2927.791076072658
5845.67147554496,3105.0,-2974.0963197163683
5897.632999772027,3105.0,-3017.2179661929144
5949.594523999093,3105.0,-3051.8443852926816
6001.556048226159,3105.0,-3090.9205334387284
6053.5175724532255,3105.0,-3134.155809358116
6105.479096680292,3105.0,-3184.046598270327
6157.440620907359,3105.0,-3242.0877845407013
6209.402145134424,3105.0,-3313.9379304864624
6261.363669361491,3105.0,-3399.1535167229486
6313.325193588557,3105.0,-3499.7425107428594
6365.286717815624,3105.0,-3625.279590170636
6417.2482420426895,3105.0,-3780.3073320585363
6469.209766269756,3105.0,-3989.501881018178
6521.171290496823,3105.0,-4351.137047813888
6573.132814723889,3105.0,-4710.619964430585
6625.094338950955,3105.0,-5673.3384875686825
6677.055863178021,3105.0,-2037.369888304317
6729.017387405088,3105.0,-1986.076258358044
6780.9789116321535,3105.0,2767.7338767108977
6832.94043585922,3105.0,2456.5338664778674
6884.901960086287,3105.0,2589.1220115528877
6936.863484313353,3105.0,375.29354085161043
6988.825008540419,3105.0,153.41617502580493
7040.786532767485,3105.0,75.25212199176902
7092.748056994552,3105.0,59.75858795468549
7144.7095812216185,3105.0,-18.703457120142474
7196.671105448684,3105.0,60.03779384776362
7248.632629675751,3105.0,55.67107789902451
7300.594153902817,3105.0,8.495358587537815
7352.555678129884,3105.0,218.64298908466554
7404.517202356949,3105.0,223.73630356738676
7456.478726584016,3105.0,204.53712286030378
7508.4402508110825,3105.0,222.0013601216362
7560.401775038149,3105.0,245.18648103857453
7612.363299265215,3105.0,260.33609255063936
7664.324823492281,3105.0,216.75701697683309
7716.286347719348,3105.0,196.9982485154335
7768.247871946414,3105.0,185.45265113121349
7820.20939617348,3105.0,247.83957719748156
7872.1709204005465,3105.0,-839.9576883795669
7924.132444627613,3105.0,-1298.133211529574
7976.09396885468,3105.0,-1970.656855787357
8028.055493081745,3105.0,-2740.9976402290004
8080.017017308812,3105.0,-3798.681167891899
8131.978541535878,3105.0,-6142.323103100218
8183.940065762945,3105.0,-2374.9845735200784
8235.901589990011,3105.0,3141.887058530326
8287.863114217078,3105.0,111.98340372237328
8339.824638444143,3105.0,113.74339302934598
8391.78616267121,3105.0,157.3049119288503
8443.747686898276,3105.0,149.35200510850672
8495.709211125342,3105.0,121.9008212644635
8547.670735352409,3105.0,150.4607051542583
8599.632259579475,3105.0,150.5334152775613
8651.593783806542,3105.0,103.5016220657904
8703.555308033607,3105.0,109.72138711676862
8755.516832260673,3105.0,-747.6231886085154
8807.47835648774,3105.0,-955.9438931967841
8859.439880714806,3105.0,-1341.4083560183344
8911.401404941873,3105.0,-1847.7364739562122
8963.36292916894,3105.0,-2974.604227907293
9015.324453396006,3105.0,-3983.211618731156
9067.285977623073,3105.0,-4086.5833921926105
9119.247501850137,3105.0,-3708.8787146758414
9171.209026077204,3105.0,-3800.236814450245
9223.17055030427,3105.0,-4068.518104193879
9275.132074531337,3105.0,-4535.621641338486
9327.093598758403,3105.0,-4396.087200081485
9379.05512298547,3105.0,-3218.983596683549
9431.016647212537,3105.0,-3211.952675559065
9482.978171439603,3105.0,-3509.249186317601
9534.939695666668,3105.0,-3535.9613352582237
9586.901219893734,3105.0,-3556.7705912201045
9638.862744120801,3105.0,-3586.8282211597693
9690.824268347867,3105.0,-3633.868364021586
9742.785792574934,3105.0,-3695.6480888999763
9794.747316802,3105.0,-3768.5729198047784
9846.708841029067,3105.0,-3844.1088762882046
9898.670365256134,3105.0,-3913.4902553787338
9950.631889483198,3105.0,-3964.88503134953
10002.593413710265,3105.0,-3992.184990070532
10054.554937937331,3105.0,-3987.2119422059086
10106.516462164398,3105.0,-3952.244571470328
10158.477986391465,3105.0,-3889.5813340746818
10210.439510618531,3105.0,-3807.285968242988
10262.401034845598,3105.0,-3717.5756812617815
10314.362559072662,3105.0,-3626.3568210750273
10366.324083299729,3105.0,-3947.1290393824556
0.0,3150.0,-4600.388059741319
51.96152422706631,3150.0,-5004.634838350408
103.92304845413263,3150.0,-4987.947504563415
155.88457268119893,3150.0,-4961.827592211695
207.84609690826525,3150.0,-4936.659965451619
259.80762113533154,3150.0,-4918.9417162033205
311.76914536239786,3150.0,-4916.677818823535
363.7306695894642,3150.0,-4929.448671256974
415.6921938165305,3150.0,-4965.826263350025
467.6537180435968,3150.0,-5059.818189617057
519.6152422706631,3150.0,-5437.951117271852
571.5767664977294,3150.0,-6560.423982121835
623.5382907247957,3150.0,-3121.9780137465423
675.499814951862,3150.0,2747.0424070853524
727.4613391789284,3150.0,2749.588445466584
779.4228634059947,3150.0,2555.87468757427
831.384387633061,3150.0,2471.0062379460724
883.3459118601273,3150.0,2365.834272417723
935.3074360871937,3150.0,2263.1690642343597
987.26896031426,3150.0,2159.4745329888524
1039.2304845413262,3150.0,2053.4632837111567
1091.1920087683925,3150.0,1947.498684759778
1143.1535329954588,3150.0,1846.7556686475803
1195.1150572225251,3150.0,1754.3879112377683
1247.0765814495915,3150.0,1595.164616320948
1299.0381056766578,3150.0,1415.03144869375
1350.999629903724,3150.0,1432.5039097409262
1402.9611541307904,3150.0,1186.168861995891
1454.9226783578567,3150.0,1064.840319652025
1506.884202584923,3150.0,1082.1128499977087
1558.8457268119894,3150.0,1125.4240515415831
1610.8072510390557,3150.0,1179.162339272512
1662.768775266122,3150.0,1225.3814135746402
1714.7302994931883,3150.0,1263.4596080745364
1766.6918237202547,3150.0,1290.523055412903
1818.653347947321,3150.0,1305.1701622535495
1870.6148721743873,3150.0,1310.7301210658648
1922.5763964014536,3150.0,1306.8032029731369
1974.53792062852,3150.0,1297.2500849715716
2026.4994448555863,3150.0,1281.3470268574902
2078.4609690826524,3150.0,1264.0840745669454
2130.422493309719,3150.0,1245.0392618602527
2182.384017536785,3150.0,1223.4661037276396
2234.3455417638515,3150.0,1202.273587117984
2286.3070659909176,3150.0,1179.9838019416343
2338.268590217984,3150.0,1158.8553216030823
2390.2301144450503,3150.0,1140.0080232471687
2442.191638672117,3150.0,1120.1431635110644
2494.153162899183,3150.0,1100.8580227646262
2546.1146871262495,3150.0,1083.7646442476896
2598.0762113533156,3150.0,1067.4353172752624
2650.037735580382,3150.0,1051.252092830041
2701.999259807448,3150.0,1036.269331472321
2753.9607840345147,3150.0,1022.0172352511338
2805.922308261581,3150.0,1008.711846585127
2857.8838324886474,3150.0,993.974223869369
2909.8453567157135,3150.0,979.126918033732
2961.80688094278,3150.0,963.2391978183905
3013.768405169846,3150.0,942.5141477839445
3065.7299293969127,3150.0,918.1069317379546
3117.6914536239788,3150.0,887.441637969258
3169.6529778510453,3150.0,841.1301575741172
3221.6145020781114,3150.0,769.950544723532
3273.576026305178,3150.0,658.0591419803152
3325.537550532244,3150.0,504.56251975066016
3377.49907475931,3150.0,158.01743853461846
3429.4605989863767,3150.0,78.40934843970085
3481.422123213443,3150.0,-132.74550245517094
3533.3836474405093,3150.0,-107.85121952664963
3585.3451716675754,3150.0,-3170.6064586703696
3637.306695894642,3150.0,-3149.639209646567
3689.268220121708,3150.0,-3232.600487761466
3741.2297443487746,3150.0,-3425.7506077849166
3793.1912685758407,3150.0,-3559.674399434708
3845.1527928029072,3150.0,-3622.784419712386
3897.1143170299733,3150.0,-3666.5894194972925
3949.07584125704,3150.0,-3706.2609318322893
4001.037365484106,3150.0,-3729.5964425497586
4052.9988897111725,3150.0,-3737.3667908692555
4104.960413938239,3150.0,-3736.839943685005
4156.921938165305,3150.0,-3717.465044992048
4208.883462392371,3150.0,-3176.282458159251
4260.844986619438,3150.0,-3229.6676314367423
4312.806510846504,3150.0,-3170.750023387467
4364.76803507357,3150.0,-3170.3920302545857
4416.7295593006365,3150.0,-3225.7183052638293
4468.691083527703,3150.0,-3209.6791754101278
4520.65260775477,3150.0,-3224.228774940225
4572.614131981835,3150.0,-4303.995625015875
4624.575656208902,3150.0,-4327.049075918032
4676.537180435968,3150.0,-4397.989124904789
4728.498704663035,3150.0,-3881.259939045827
4780.460228890101,3150.0,-3842.280297282452
4832.421753117167,3150.0,-3819.3486826149624
4884.383277344234,3150.0,-3887.294784102969
4936.3448015713,3150.0,-3919.1756248410065
4988.306325798366,3150.0,-3866.385657070796
5040.267850025432,3150.0,-3851.8205694017684
5092.229374252499,3150.0,-3900.3677726474357
5144.190898479565,3150.0,-3857.7416407883766
5196.152422706631,3150.0,-4217.7333557263355
5248.113946933698,3150.0,-4255.435123775479
5300.075471160764,3150.0,-3869.78264991637
5352.03699538783,3150.0,-3859.3270803656815
5403.998519614896,3150.0,-3871.4525463981654
5455.960043841963,3150.0,-3716.2286962449707
5507.9215680690295,3150.0,-3391.7989124446367
5559.883092296095,3150.0,-3297.02720251437
5611.844616523162,3150.0,-3610.560772482633
5663.806140750228,3150.0,-3599.506571400972
5715.767664977295,3150.0,-2495.746247644164
5767.72918920436,3150.0,-2954.9339969955363
5819.690713431427,3150.0,-2980.031830905831
5871.6522376584935,3150.0,-3005.883019317574
5923.61376188556,3150.0,-3025.7816287740698
5975.575286112626,3150.0,-3051.8883709226793
6027.536810339692,3150.0,-3086.987751608717
6079.498334566759,3150.0,-3128.0970121603414
6131.459858793825,3150.0,-3176.298334898893
6183.421383020891,3150.0,-3232.0639616549834
6235.3829072479575,3150.0,-3296.855276665531
6287.344431475024,3150.0,-3371.0891649172463
6339.305955702091,3150.0,-3457.208593345392
6391.267479929156,3150.0,-3558.431785483398
6443.229004156223,3150.0,-3676.9758089485076
6495.190528383289,3150.0,-3819.8191933101684
6547.152052610356,3150.0,-3975.2501263486856
6599.1135768374215,3150.0,-4351.118486918801
6651.075101064488,3150.0,-5509.092030481392
6703.036625291555,3150.0,-5490.798024831989
6754.99814951862,3150.0,-2073.079343577855
6806.959673745687,3150.0,-2156.6014482865994
6858.921197972753,3150.0,2544.8323824997087
6910.88272219982,3150.0,2849.5882930714715
6962.844246426886,3150.0,-28.132400521664465
7014.805770653952,3150.0,-25.30256539634145
7066.767294881019,3150.0,1.3316536325217925
7118.728819108085,3150.0,-4.693106762008412
7170.690343335151,3150.0,-7.579771717322103
7222.651867562217,3150.0,265.9644453185498
7274.613391789284,3150.0,259.4672695167028
7326.5749160163505,3150.0,219.42159188064755
7378.536440243416,3150.0,239.57328105802995
7430.497964470483,3150.0,235.94276700251095
7482.459488697549,3150.0,186.29681060371018
7534.421012924616,3150.0,213.06043163121217
7586.382537151681,3150.0,220.05968578812764
7638.344061378748,3150.0,244.00550523886824
7690.3055856058145,3150.0,201.8330277468662
7742.267109832881,3150.0,-520.5837056639477
7794.228634059947,3150.0,-696.1750315076681
7846.190158287013,3150.0,-991.201173066606
7898.15168251408,3150.0,-1462.4443544271523
7950.113206741146,3150.0,-2090.6023320105123
8002.074730968212,3150.0,-2760.618214537314
8054.0362551952785,3150.0,-3501.12913700249
8105.997779422345,3150.0,-4573.222828005007
8157.959303649412,3150.0,-5858.401146641067
8209.920827876478,3150.0,-2591.8935140140006
8261.882352103545,3150.0,3060.4836009809496
8313.84387633061,3150.0,100.83734232627477
8365.805400557676,3150.0,69.94195869071046
8417.766924784743,3150.0,66.31045067597873
8469.728449011809,3150.0,150.8853618200632
8521.689973238876,3150.0,143.58551151876486
8573.651497465942,3150.0,162.68053836626842
8625.613021693009,3150.0,86.60806613452837
8677.574545920073,3150.0,89.13032400056291
8729.53607014714,3150.0,126.69232234833771
8781.497594374207,3150.0,196.53537136343272
8833.459118601273,3150.0,140.63400035575557
8885.42064282834,3150.0,121.30431446295677
8937.382167055406,3150.0,152.03339470795254
8989.343691282473,3150.0,-3923.833989062609
9041.30521550954,3150.0,-3789.5825541353697
9093.266739736604,3150.0,-3806.3227216724963
9145.22826396367,3150.0,-4019.971321390279
9197.189788190737,3150.0,-4057.351990356584
9249.151312417804,3150.0,-4632.301646869175
9301.11283664487,3150.0,-3358.5187492190735
9353.074360871937,3150.0,-3270.367234961898
9405.035885099003,3150.0,-3428.1827926232468
9456.99740932607,3150.0,-3431.5109188715805
9508.958933553135,3150.0,-3431.952113051966
9560.920457780201,3150.0,-3429.700359827202
9612.881982007268,3150.0,-3439.592161019051
9664.843506234334,3150.0,-3462.401588999642
9716.8050304614,3150.0,-3500.049626670432
9768.766554688467,3150.0,-3549.2630671869665
9820.728078915534,3150.0,-3604.703887721954
9872.6896031426,3150.0,-3659.533247359078
9924.651127369665,3150.0,-3705.0493153251127
9976.612651596732,3150.0,-3737.739421760816
10028.574175823798,3150.0,-3749.2987587941097
10080.535700050865,3150.0,-3739.4907260974946
10132.497224277931,3150.0,-3707.728647783818
10184.458748504998,3150.0,-3656.397748822583
10236.420272732064,3150.0,-3592.3947321785336
10288.38179695913,3150.0,-3519.0951511440207
10340.343321186196,3150.0,-3575.5726734380805
25.980762113533157,3195.0,-4791.242024877086
77.94228634059947,3195.0,-4927.052153480742
129.90381056766577,3195.0,-4914.99755082796
181.8653347947321,3195.0,-4902.564302552482
233.8268590217984,3195.0,-4893.222026712674
285.7883832488647,3195.0,-4891.333096932416
337.749907475931,3195.0,-4902.968286909265
389.71143170299734,3195.0,-4934.591926164673
441.67295593006367,3195.0,-5009.166972944009
493.63448015713,3195.0,-5186.85243043732
545.5960043841962,3195.0,-5793.3057446616185
597.5575286112626,3195.0,-6819.718655681274
649.5190528383289,3195.0,-3044.487033385558
701.4805770653952,3195.0,2593.183221840435
753.4421012924615,3195.0,2636.7802670952815
805.4036255195278,3195.0,2543.2434784866837
857.3651497465942,3195.0,2459.7312592729522
909.3266739736605,3195.0,2364.7709765101317
961.2881982007268,3195.0,2268.271440829505
1013.2497224277931,3195.0,2167.0478731312073
1065.2112466548592,3195.0,2059.6877457403466
1117.1727708819255,3195.0,1956.4899475382895
1169.1342951089919,3195.0,1906.0697500867286
1221.0958193360582,3195.0,2078.856179082678
1273.0573435631245,3195.0,1877.5533496540124
1325.0188677901908,3195.0,1628.4553689761367
1376.9803920172571,3195.0,1474.9718097094078
1428.9419162443235,3195.0,1111.7523916916161
1480.9034404713898,3195.0,1060.1945624053728
1532.864964698456,3195.0,1117.6984433536704
1584.8264889255224,3195.0,1164.557128684944
1636.7880131525887,3195.0,1203.141692532505
1688.749537379655,3195.0,1232.7486632385962
1740.7110616067214,3195.0,1255.2639420897651
1792.6725858337877,3195.0,1268.762886722569
1844.634110060854,3195.0,1274.304411438131
1896.5956342879203,3195.0,1273.4637728892656
1948.5571585149867,3195.0,1264.5800563061325
2000.518682742053,3195.0,1252.5754642026022
2052.4802069691195,3195.0,1236.657828839156
2104.4417311961856,3195.0,1219.843338193519
2156.403255423252,3195.0,1202.1546844208383
2208.3647796503183,3195.0,1183.2072287555652
2260.326303877385,3195.0,1164.119190971181
2312.287828104451,3195.0,1144.5898316749342
2364.2493523315175,3195.0,1126.3228858921566
2416.2108765585835,3195.0,1108.789295009616
2468.17240078565,3195.0,1090.5772948594176
2520.133925012716,3195.0,1074.5625719610384
2572.0954492397827,3195.0,1059.3381885081867
2624.056973466849,3195.0,1044.5007792147103
2676.0184976939154,3195.0,1030.6450968601248
2727.9800219209815,3195.0,1017.5290001492688
2779.941546148048,3195.0,1005.9007752037971
2831.903070375114,3195.0,993.3937516154397
2883.8645946021807,3195.0,978.2860951996399
2935.8261188292468,3195.0,960.6676052338655
2987.7876430563133,3195.0,941.8004065856067
3039.7491672833794,3195.0,915.3464279814776
3091.710691510446,3195.0,879.0976057053392
3143.672215737512,3195.0,832.2800989159672
3195.6337399645786,3195.0,763.5318814725186
3247.5952641916447,3195.0,660.5289468920821
3299.556788418711,3195.0,515.1376941322287
3351.5183126457773,3195.0,399.2155025785657
3403.4798368728434,3195.0,102.89364566758857
3455.44136109991,3195.0,101.30974625524385
3507.402885326976,3195.0,-105.49118735783617
3559.3644095540426,3195.0,-22.672138037963656
3611.3259337811087,3195.0,-2361.852201692378
3663.2874580081752,3195.0,-2938.173465409734
3715.2489822352413,3195.0,-3298.374445787917
3767.210506462308,3195.0,-3516.2008215322076
3819.172030689374,3195.0,-3641.6100472297408
3871.1335549164405,3195.0,-3714.5370170179467
3923.0950791435066,3195.0,-3763.772497931007
3975.056603370573,3195.0,-3795.8035893735596
4027.0181275976392,3195.0,-3811.626827512253
4078.979651824706,3195.0,-3815.4440930403466
4130.941176051772,3195.0,-3799.687069623173
4182.902700278838,3195.0,-3767.183902357716
4234.8642245059045,3195.0,-3754.7685383781663
4286.825748732971,3195.0,-3748.3083516890856
4338.787272960038,3195.0,-3749.831950619971
4390.748797187103,3195.0,-3761.805661486099
4442.71032141417,3195.0,-3768.9692549447036
4494.671845641236,3195.0,-3763.8863969104177
4546.633369868303,3195.0,-3223.610643588642
4598.5948940953685,3195.0,-3149.961907756755
4650.556418322435,3195.0,-3127.903385475983
4702.517942549502,3195.0,-4448.033260908211
4754.479466776568,3195.0,-4397.905308088336
4806.440991003634,3195.0,-4342.571426251257
4858.4025152307,3195.0,-4300.917284625597
4910.364039457767,3195.0,-3989.0455050222563
4962.3255636848335,3195.0,-3930.4118479201156
5014.287087911899,3195.0,-3930.4241602738075
5066.248612138966,3195.0,-3995.753830753963
5118.210136366032,3195.0,-3938.2413388492814
5170.171660593098,3195.0,-3829.417154469604
5222.133184820164,3195.0,-3857.652685626232
5274.094709047231,3195.0,-3819.5618252554987
5326.0562332742975,3195.0,-3854.4097539173486
5378.017757501363,3195.0,-3876.6466728026617
5429.97928172843,3195.0,-3855.448436932034
5481.940805955496,3195.0,-3217.8288746899602
5533.902330182563,3195.0,-3198.330744234062
5585.863854409628,3195.0,-3185.1540114133804
5637.825378636695,3195.0,-3169.791759449544
5689.7869028637615,3195.0,-3096.3133034406683
5741.748427090828,3195.0,-2982.5695323114915
5793.709951317894,3195.0,-2988.595631739954
5845.67147554496,3195.0,-3000.167106173013
5897.632999772027,3195.0,-2996.712876143645
5949.594523999093,3195.0,-3001.025626040797
6001.556048226159,3195.0,-3029.8051726369613
6053.5175724532255,3195.0,-3073.6246095188917
6105.479096680292,3195.0,-3119.054984233806
6157.440620907359,3195.0,-3165.9603601306135
6209.402145134424,3195.0,-3216.497526431892
6261.363669361491,3195.0,-3272.0196603437225
6313.325193588557,3195.0,-3333.192704999543
6365.286717815624,3195.0,-3401.2593722112815
6417.2482420426895,3195.0,-3478.08330185694
6469.209766269756,3195.0,-3561.9935330929675
6521.171290496823,3195.0,-3655.850647625106
6573.132814723889,3195.0,-3777.855291934189
6625.094338950955,3195.0,-4007.111033002152
6677.055863178021,3195.0,-4337.0798434190365
6729.017387405088,3195.0,-5494.353559501524
6780.9789116321535,3195.0,-5690.984201950754
6832.94043585922,3195.0,-2030.9258576293926
6884.901960086287,3195.0,2731.373572778087
6936.863484313353,3195.0,-8.366083651869985
6988.825008540419,3195.0,259.2352721024413
7040.786532767485,3195.0,228.67533519503604
7092.748056994552,3195.0,155.84223536745645
7144.7095812216185,3195.0,204.04071176211966
7196.671105448684,3195.0,269.99892316909154
7248.632629675751,3195.0,288.65367911074384
7300.594153902817,3195.0,256.85557511742206
7352.555678129884,3195.0,265.9318838576764
7404.517202356949,3195.0,-313.57411269547515
7456.478726584016,3195.0,-357.738883654216
7508.4402508110825,3195.0,-401.15546015984955
7560.401775038149,3195.0,-432.1329203136727
7612.363299265215,3195.0,-476.2969268160937
7664.324823492281,3195.0,-566.5194201269921
7716.286347719348,3195.0,-701.6530078447724
7768.247871946414,3195.0,-923.6162551611624
7820.20939617348,3195.0,-1253.162620817035
7872.1709204005465,3195.0,-1694.3520110540549
7924.132444627613,3195.0,-2244.9788821955153
7976.09396885468,3195.0,-2859.8691091992923
8028.055493081745,3195.0,-3537.37834028593
8080.017017308812,3195.0,-4524.021765644478
8131.978541535878,3195.0,-6197.640459101992
8183.940065762945,3195.0,-2547.9195349100255
8235.901589990011,3195.0,3167.1511993327294
8287.863114217078,3195.0,2942.3183291137407
8339.824638444143,3195.0,217.38251395254525
8391.78616267121,3195.0,226.0300436770791
8443.747686898276,3195.0,114.94912133383694
8495.709211125342,3195.0,98.83941394879412
8547.670735352409,3195.0,37.50164506559071
8599.632259579475,3195.0,43.78484363891347
8651.593783806542,3195.0,-3.722417479018553
8703.555308033607,3195.0,130.95545681809477
8755.516832260673,3195.0,169.54320849957926
8807.47835648774,3195.0,123.95348708137408
8859.439880714806,3195.0,124.60142730064302
8911.401404941873,3195.0,169.40890172277045
8963.36292916894,3195.0,-3822.768852804914
9015.324453396006,3195.0,-3802.4907092161015
9067.285977623073,3195.0,-4014.9854890525417
9119.247501850137,3195.0,-4095.3934296450198
9171.209026077204,3195.0,-4501.5469316887265
9223.17055030427,3195.0,-4587.745817836201
9275.132074531337,3195.0,-3418.95459167397
9327.093598758403,3195.0,-3367.220422354258
9379.05512298547,3195.0,-3348.4677119806756
9431.016647212537,3195.0,-3323.269918812276
9482.978171439603,3195.0,-3295.65822255861
9534.939695666668,3195.0,-3279.9649944016555
9586.901219893734,3195.0,-3278.5688693895772
9638.862744120801,3195.0,-3289.414438699082
9690.824268347867,3195.0,-3310.4564721405914
9742.785792574934,3195.0,-3345.110840094736
9794.747316802,3195.0,-3386.203413977253
9846.708841029067,3195.0,-3428.4403443646033
9898.670365256134,3195.0,-3467.149754302056
9950.631889483198,3195.0,-3498.2113011020783
10002.593413710265,3195.0,-3518.517382153688
10054.554937937331,3195.0,-3524.1229646826077
10106.516462164398,3195.0,-3515.316691711121
10158.477986391465,3195.0,-3488.834406861015
10210.439510618531,3195.0,-3446.998878332256
10262.401034845598,3195.0,-3395.8044336731764
10314.362559072662,3195.0,-3338.1584416125434
10366.324083299729,3195.0,-3705.3003874215474
0.0,3240.0,-4441.278461719505
51.96152422706631,3240.0,-4881.7049603646665
103.92304845413263,3240.0,-4879.312774838969
155.88457268119893,3240.0,-4874.381688270774
207.84609690826525,3240.0,-4871.014919270061
259.80762113533154,3240.0,-4872.449306469523
311.76914536239786,3240.0,-4882.504414960169
363.7306695894642,3240.0,-4906.495450850359
415.6921938165305,3240.0,-4961.707199607207
467.6537180435968,3240.0,-5093.110519796988
519.6152422706631,3240.0,-5524.621340510348
571.5767664977294,3240.0,-6742.119142003744
623.5382907247957,3240.0,-2887.9679556824867
675.499814951862,3240.0,2662.533683222888
727.4613391789284,3240.0,2629.759109167422
779.4228634059947,3240.0,2583.070982270923
831.384387633061,3240.0,2537.473730886496
883.3459118601273,3240.0,2460.0601950992377
935.3074360871937,3240.0,2377.680574682273
987.26896031426,3240.0,2288.2198122622967
1039.2304845413262,3240.0,2187.7008669641036
1091.1920087683925,3240.0,2072.110818680818
1143.1535329954588,3240.0,1954.8240077351516
1195.1150572225251,3240.0,2149.0457834219046
1247.0765814495915,3240.0,3045.420918096504
1299.0381056766578,3240.0,2059.4338334526938
1350.999629903724,3240.0,1636.1584789097283
1402.9611541307904,3240.0,1170.9814939655814
1454.9226783578567,3240.0,1055.7736685118734
1506.884202584923,3240.0,1108.6912756379872
1558.8457268119894,3240.0,1156.0604189555356
1610.8072510390557,3240.0,1188.7871801584508
1662.768775266122,3240.0,1212.079526188842
1714.7302994931883,3240.0,1228.3928862292714
1766.6918237202547,3240.0,1237.1827804963364
1818.653347947321,3240.0,1241.9189199408995
1870.6148721743873,3240.0,1239.8473952610507
1922.5763964014536,3240.0,1232.655245860606
1974.53792062852,3240.0,1221.6674567360337
2026.4994448555863,3240.0,1208.6893536020184
2078.4609690826524,3240.0,1196.250253287291
2130.422493309719,3240.0,1181.0745493349343
2182.384017536785,3240.0,1164.962719306544
2234.3455417638515,3240.0,1148.2655526294743
2286.3070659909176,3240.0,1131.7474397199849
2338.268590217984,3240.0,1115.5053592848055
2390.2301144450503,3240.0,1098.1590672623083
2442.191638672117,3240.0,1081.4639692282399
2494.153162899183,3240.0,1066.0662052730006
2546.1146871262495,3240.0,1051.5162369074915
2598.0762113533156,3240.0,1039.2882234720728
2650.037735580382,3240.0,1026.497627931781
2701.999259807448,3240.0,1014.8550273063354
2753.9607840345147,3240.0,1003.5007618628524
2805.922308261581,3240.0,991.7971722763147
2857.8838324886474,3240.0,978.7504737464524
2909.8453567157135,3240.0,963.3712245374445
2961.80688094278,3240.0,946.1944890963114
3013.768405169846,3240.0,924.0691281646077
3065.7299293969127,3240.0,893.3192576010322
3117.6914536239788,3240.0,851.981294573709
3169.6529778510453,3240.0,792.3829887642381
3221.6145020781114,3240.0,699.2714453447227
3273.576026305178,3240.0,556.6138411166739
3325.537550532244,3240.0,418.1895399520264
3377.49907475931,3240.0,154.97664302940646
3429.4605989863767,3240.0,58.49632246611834
3481.422123213443,3240.0,-76.22119443447787
3533.3836474405093,3240.0,-39.40827274897799
3585.3451716675754,3240.0,-2036.323794300204
3637.306695894642,3240.0,-2661.396855591821
3689.268220121708,3240.0,-3183.3839724927184
3741.2297443487746,3240.0,-3487.7730092246993
3793.1912685758407,3240.0,-3670.3887292043037
3845.1527928029072,3240.0,-3778.8147762734584
3897.1143170299733,3240.0,-3843.3427907214354
3949.07584125704,3240.0,-3880.736795008081
4001.037365484106,3240.0,-3900.125912588648
4052.9988897111725,3240.0,-3907.32882351242
4104.960413938239,3240.0,-3903.267857600651
4156.921938165305,3240.0,-3885.170771866092
4208.883462392371,3240.0,-3863.4874827617205
4260.844986619438,3240.0,-3854.8040776704493
4312.806510846504,3240.0,-3853.3574148328735
4364.76803507357,3240.0,-3857.9582090259537
4416.7295593006365,3240.0,-3865.4856017407137
4468.691083527703,3240.0,-3855.260986657513
4520.65260775477,3240.0,-3827.4097728422544
4572.614131981835,3240.0,-3797.4004676960103
4624.575656208902,3240.0,-3771.5373474825974
4676.537180435968,3240.0,-3187.7780999856905
4728.498704663035,3240.0,-3236.5317584256923
4780.460228890101,3240.0,-3150.1378185537847
4832.421753117167,3240.0,-3088.4419406990164
4884.383277344234,3240.0,-4319.60504222479
4936.3448015713,3240.0,-4296.407184974821
4988.306325798366,3240.0,-4151.958720315306
5040.267850025432,3240.0,-4111.790870559771
5092.229374252499,3240.0,-4236.167531047431
5144.190898479565,3240.0,-3890.530377665593
5196.152422706631,3240.0,-3886.8864420079835
5248.113946933698,3240.0,-3911.6406469201675
5300.075471160764,3240.0,-3844.4878221078716
5352.03699538783,3240.0,-6128.813034356126
5403.998519614896,3240.0,-2306.350586614339
5455.960043841963,3240.0,-3815.8501666027355
5507.9215680690295,3240.0,-3319.754090574924
5559.883092296095,3240.0,-3237.8339648038655
5611.844616523162,3240.0,-3224.146357184626
5663.806140750228,3240.0,-3161.4130203901814
5715.767664977295,3240.0,-3081.209706331933
5767.72918920436,3240.0,-3055.6732615334854
5819.690713431427,3240.0,-3040.9686431959317
5871.6522376584935,3240.0,-2976.9505053701123
5923.61376188556,3240.0,-2949.919027471218
5975.575286112626,3240.0,-2954.6784008272953
6027.536810339692,3240.0,-3007.83463017592
6079.498334566759,3240.0,-3064.076366237972
6131.459858793825,3240.0,-3108.561455290196
6183.421383020891,3240.0,-3151.2488253028205
6235.3829072479575,3240.0,-3195.776494488533
6287.344431475024,3240.0,-3241.334376222264
6339.305955702091,3240.0,-3289.9677295881283
6391.267479929156,3240.0,-3341.84295892332
6443.229004156223,3240.0,-3395.010724256825
6495.190528383289,3240.0,-3449.7880816950274
6547.152052610356,3240.0,-3506.605471564978
6599.1135768374215,3240.0,-3574.608733423932
6651.075101064488,3240.0,-3646.590375456065
6703.036625291555,3240.0,-3797.717555254264
6754.99814951862,3240.0,-4293.334053477624
6806.959673745687,3240.0,-5870.83005458844
6858.921197972753,3240.0,-1915.7396111499938
6910.88272219982,3240.0,-3320.996160530308
6962.844246426886,3240.0,284.4827917738372
7014.805770653952,3240.0,250.40266177926668
7066.767294881019,3240.0,212.4339174222926
7118.728819108085,3240.0,217.03690920854774
7170.690343335151,3240.0,237.02814739670868
7222.651867562217,3240.0,258.77383467566494
7274.613391789284,3240.0,-460.8304989226889
7326.5749160163505,3240.0,-482.9680718977244
7378.536440243416,3240.0,-520.0836439505854
7430.497964470483,3240.0,-591.5357062605012
7482.459488697549,3240.0,-665.6187637664705
7534.421012924616,3240.0,-715.7998597484171
7586.382537151681,3240.0,-772.2426819039342
7638.344061378748,3240.0,-858.2295577196182
7690.3055856058145,3240.0,-1008.622717454597
7742.267109832881,3240.0,-1243.8981088937398
7794.228634059947,3240.0,-1554.1380543895611
7846.190158287013,3240.0,-1938.2031405158882
7898.15168251408,3240.0,-2411.8070638926933
7950.113206741146,3240.0,-2974.852248228602
8002.074730968212,3240.0,-3633.09119527445
8054.0362551952785,3240.0,-4596.549168993422
8105.997779422345,3240.0,-6472.345703808696
8157.959303649412,3240.0,-2534.7510666088265
8209.920827876478,3240.0,-2560.444813922659
8261.882352103545,3240.0,3122.4236284459776
8313.84387633061,3240.0,2666.58835947468
8365.805400557676,3240.0,1331.3152870456415
8417.766924784743,3240.0,929.9625301691733
8469.728449011809,3240.0,201.285312431854
8521.689973238876,3240.0,158.94649578977118
8573.651497465942,3240.0,110.6842257323302
8625.613021693009,3240.0,123.95563027639358
8677.574545920073,3240.0,22.39593890900221
8729.53607014714,3240.0,-22.15736278455404
8781.497594374207,3240.0,154.0743707963647
8833.459118601273,3240.0,129.917361292221
8885.42064282834,3240.0,104.62918033965161
8937.382167055406,3240.0,75.39213123485504
8989.343691282473,3240.0,-3998.735065672063
9041.30521550954,3240.0,-4014.2025682190797
9093.266739736604,3240.0,-4401.613883615362
9145.22826396367,3240.0,-4427.3038242052235
9197.189788190737,3240.0,-3418.115847816929
9249.151312417804,3240.0,-3435.674926999331
9301.11283664487,3240.0,-3193.62046220002
9353.074360871937,3240.0,-3179.2895651024864
9405.035885099003,3240.0,-3135.8555565894703
9456.99740932607,3240.0,-3112.3946590641226
9508.958933553135,3240.0,-3098.289662406786
9560.920457780201,3240.0,-3096.734750340385
9612.881982007268,3240.0,-3103.1805173413686
9664.843506234334,3240.0,-3119.03757584664
9716.8050304614,3240.0,-3143.9412443424226
9768.766554688467,3240.0,-3176.4794992572897
9820.728078915534,3240.0,-3210.119001806389
9872.6896031426,3240.0,-3243.3669386616198
9924.651127369665,3240.0,-3273.6619964701613
9976.612651596732,3240.0,-3297.0732397305565
10028.574175823798,3240.0,-3310.7582873436504
10080.535700050865,3240.0,-3314.4847050736807
10132.497224277931,3240.0,-3304.7498259341346
10184.458748504998,3240.0,-3282.3665726078943
10236.420272732064,3240.0,-3250.164275031987
10288.38179695913,3240.0,-3210.855105301871
10340.343321186196,3240.0,-3315.165942959852
25.980762113533157,3285.0,-4693.65050137475
77.94228634059947,3285.0,-4850.510177497506
129.90381056766577,3285.0,-4851.394719470582
181.8653347947321,3285.0,-4850.603992308332
233.8268590217984,3285.0,-4854.552908643543
285.7883832488647,3285.0,-4864.342811298535
337.749907475931,3285.0,-4882.030387651801
389.71143170299734,3285.0,-4917.359391905404
441.67295593006367,3285.0,-4986.056217198797
493.63448015713,3285.0,-5125.883108679633
545.5960043841962,3285.0,-5491.365087697201
597.5575286112626,3285.0,-6441.975259922245
649.5190528383289,3285.0,-2853.64047404152
701.4805770653952,3285.0,2790.571649012907
753.4421012924615,3285.0,2685.4992665734494
805.4036255195278,3285.0,2594.185829042084
857.3651497465942,3285.0,2550.935355111238
909.3266739736605,3285.0,2485.4367716272927
961.2881982007268,3285.0,2415.961062865619
1013.2497224277931,3285.0,2341.785315149843
1065.2112466548592,3285.0,2251.2697364123496
1117.1727708819255,3285.0,2105.521618652851
1169.1342951089919,3285.0,1894.5148109695488
1221.0958193360582,3285.0,2095.4888970624834
1273.0573435631245,3285.0,2079.502188666054
1325.0188677901908,3285.0,1683.7225057370483
1376.9803920172571,3285.0,1203.1069553152963
1428.9419162443235,3285.0,1060.3609658368998
1480.9034404713898,3285.0,1109.208974981023
1532.864964698456,3285.0,1155.2332627763776
1584.8264889255224,3285.0,1182.3797083017978
1636.7880131525887,3285.0,1198.7449576348574
1688.749537379655,3285.0,1209.5875414802595
1740.7110616067214,3285.0,1215.7323903907438
1792.6725858337877,3285.0,1214.9623485354755
1844.634110060854,3285.0,1213.071691078591
1896.5956342879203,3285.0,1207.1441482353164
1948.5571585149867,3285.0,1198.1839918484984
2000.518682742053,3285.0,1185.9754974515206
2052.4802069691195,3285.0,1173.7718056640524
2104.4417311961856,3285.0,1161.4544577798465
2156.403255423252,3285.0,1147.653320417468
2208.3647796503183,3285.0,1133.358101302299
2260.326303877385,3285.0,1117.861634508104
2312.287828104451,3285.0,1102.8084415264734
2364.2493523315175,3285.0,1088.923572588069
2416.2108765585835,3285.0,1072.4235369962407
2468.17240078565,3285.0,1056.6115061951507
2520.133925012716,3285.0,1042.4761212052317
2572.0954492397827,3285.0,1030.0419981776813
2624.056973466849,3285.0,1020.6901538591117
2676.0184976939154,3285.0,1009.7104683271261
2727.9800219209815,3285.0,1000.6323718736248
2779.941546148048,3285.0,991.592346781363
2831.903070375114,3285.0,982.2754807084023
2883.8645946021807,3285.0,971.0212204321122
2935.8261188292468,3285.0,958.2050374915157
2987.7876430563133,3285.0,941.6437713870356
3039.7491672833794,3285.0,919.5611844288155
3091.710691510446,3285.0,889.7963434361823
3143.672215737512,3285.0,846.1967175617672
3195.6337399645786,3285.0,778.8358012273475
3247.5952641916447,3285.0,653.9396714740913
3299.556788418711,3285.0,491.93797806918974
3351.5183126457773,3285.0,83.91331915146078
3403.4798368728434,3285.0,23.58419224865365
3455.44136109991,3285.0,-115.5489623172947
3507.402885326976,3285.0,-81.11162482805207
3559.3644095540426,3285.0,-2017.88467245232
3611.3259337811087,3285.0,-2625.9416699174017
3663.2874580081752,3285.0,-3208.352100634862
3715.2489822352413,3285.0,-3557.798877886713
3767.210506462308,3285.0,-3765.2087816988787
3819.172030689374,3285.0,-3885.049079588367
3871.1335549164405,3285.0,-3953.0449331407963
3923.0950791435066,3285.0,-3988.8322348906568
3975.056603370573,3285.0,-4003.022150275903
4027.0181275976392,3285.0,-4004.538552600692
4078.979651824706,3285.0,-4000.1155455844882
4130.941176051772,3285.0,-3990.016717089572
4182.902700278838,3285.0,-3976.8585923669625
4234.8642245059045,3285.0,-3966.6817648687747
4286.825748732971,3285.0,-3964.08787061058
4338.787272960038,3285.0,-3965.5658234393695
4390.748797187103,3285.0,-3969.1545846051877
4442.71032141417,3285.0,-3968.473486042875
4494.671845641236,3285.0,-3954.611201778447
4546.633369868303,3285.0,-3928.4101302324834
4598.5948940953685,3285.0,-3895.3705824621143
4650.556418322435,3285.0,-3867.4318098922263
4702.517942549502,3285.0,-3874.424030672827
4754.479466776568,3285.0,-3868.7808753416466
4806.440991003634,3285.0,-3860.222623711934
4858.4025152307,3285.0,-3159.0524561289362
4910.364039457767,3285.0,-3182.97036668271
4962.3255636848335,3285.0,-3194.579839129038
5014.287087911899,3285.0,-3250.577560981723
5066.248612138966,3285.0,-3288.0573247346783
5118.210136366032,3285.0,-4390.874321174221
5170.171660593098,3285.0,-4509.53206383044
5222.133184820164,3285.0,-4559.139228108132
5274.094709047231,3285.0,-6342.378994992925
5326.0562332742975,3285.0,-6150.607805833739
5378.017757501363,3285.0,-2474.2546220882423
5429.97928172843,3285.0,-2309.1571366356848
5481.940805955496,3285.0,-3375.959970649992
5533.902330182563,3285.0,-3433.131180938857
5585.863854409628,3285.0,-3471.8837332452285
5637.825378636695,3285.0,-3461.595701965383
5689.7869028637615,3285.0,-3233.1934176776667
5741.748427090828,3285.0,-3184.915452240044
5793.709951317894,3285.0,-3131.397133588806
5845.67147554496,3285.0,-3066.524162597553
5897.632999772027,3285.0,-3016.463147711832
5949.594523999093,3285.0,-2508.3335811250486
6001.556048226159,3285.0,-2947.1921249625975
6053.5175724532255,3285.0,-3008.9012678683307
6105.479096680292,3285.0,-3062.759388471034
6157.440620907359,3285.0,-3101.3399580224504
6209.402145134424,3285.0,-3136.8415097757975
6261.363669361491,3285.0,-3172.6427677517486
6313.325193588557,3285.0,-3207.5583534961766
6365.286717815624,3285.0,-3242.9824842497783
6417.2482420426895,3285.0,-3276.70220062314
6469.209766269756,3285.0,-3307.1330068956972
6521.171290496823,3285.0,-3333.597134365884
6573.132814723889,3285.0,-3351.2338720523176
6625.094338950955,3285.0,-3355.3274688307133
6677.055863178021,3285.0,-3328.7164541687735
6729.017387405088,3285.0,-3333.566450070396
6780.9789116321535,3285.0,-2337.8200559573047
6832.94043585922,3285.0,-3614.9718298097196
6884.901960086287,3285.0,-3341.698302124234
6936.863484313353,3285.0,-3492.2215330041536
6988.825008540419,3285.0,-3828.013097037414
7040.786532767485,3285.0,-2931.9654432782518
7092.748056994552,3285.0,-1520.7803633083313
7144.7095812216185,3285.0,-1115.1461594927391
7196.671105448684,3285.0,-903.5335123429486
7248.632629675751,3285.0,-794.5300842823729
7300.594153902817,3285.0,-801.1249704521049
7352.555678129884,3285.0,-857.8764304219433
7404.517202356949,3285.0,-928.3185071150336
7456.478726584016,3285.0,-1000.7154330216796
7508.4402508110825,3285.0,-1064.4240011165953
7560.401775038149,3285.0,-1133.5010149673408
7612.363299265215,3285.0,-1226.8600839411947
7664.324823492281,3285.0,-1361.3334046503103
7716.286347719348,3285.0,-1555.6585520080732
7768.247871946414,3285.0,-1818.6975620865824
7820.20939617348,3285.0,-2152.4305610452175
7872.1709204005465,3285.0,-2561.8892070392117
7924.132444627613,3285.0,-3061.859329326786
7976.09396885468,3285.0,-3694.301672866399
8028.055493081745,3285.0,-4693.464904122524
8080.017017308812,3285.0,-6522.1422861993
8131.978541535878,3285.0,-2486.8234542017467
8183.940065762945,3285.0,2911.8354358257784
8235.901589990011,3285.0,2811.138129936111
8287.863114217078,3285.0,2806.777475578137
8339.824638444143,3285.0,1854.531418951386
8391.78616267121,3285.0,1333.017011473164
8443.747686898276,3285.0,902.3005482143765
8495.709211125342,3285.0,644.6730576205191
8547.670735352409,3285.0,479.88115237768136
8599.632259579475,3285.0,387.71197988042275
8651.593783806542,3285.0,195.9233671321275
8703.555308033607,3285.0,9.391560399800653
8755.516832260673,3285.0,36.20295668159616
8807.47835648774,3285.0,70.06277360062481
8859.439880714806,3285.0,106.51381829463733
8911.401404941873,3285.0,75.23262400755709
8963.36292916894,3285.0,-234.91080535112678
9015.324453396006,3285.0,-231.2751354930718
9067.285977623073,3285.0,-207.4582282965984
9119.247501850137,3285.0,-3398.1134893956687
9171.209026077204,3285.0,-3405.531497242535
9223.17055030427,3285.0,-2605.4760493351905
9275.132074531337,3285.0,-2813.5570886365535
9327.093598758403,3285.0,-2860.796689381239
9379.05512298547,3285.0,-2858.049414249621
9431.016647212537,3285.0,-2862.4903447100796
9482.978171439603,3285.0,-2870.8323927868905
9534.939695666668,3285.0,-2880.2135990936995
9586.901219893734,3285.0,-2894.6392468965596
9638.862744120801,3285.0,-2913.7622398578187
9690.824268347867,3285.0,-2936.615028320364
9742.785792574934,3285.0,-2962.328457804626
9794.747316802,3285.0,-2993.4824147465188
9846.708841029067,3285.0,-3023.9358627592637
9898.670365256134,3285.0,-3052.286628687878
9950.631889483198,3285.0,-3077.590311470225
10002.593413710265,3285.0,-3096.604698058163
10054.554937937331,3285.0,-3106.7535384759854
10106.516462164398,3285.0,-3110.668810006996
10158.477986391465,3285.0,-3104.3405838922554
10210.439510618531,3285.0,-3089.2188731307556
10262.401034845598,3285.0,-3065.8298864261137
10314.362559072662,3285.0,-3037.317345420424
10366.324083299729,3285.0,-3480.539785302278
0.0,3330.0,-4329.544580864966
51.96152422706631,3330.0,-4830.188573777589
103.92304845413263,3330.0,-4834.220787259606
155.88457268119893,3330.0,-4836.989305649287
207.84609690826525,3330.0,-4840.693943006448
259.80762113533154,3330.0,-4848.606583255418
311.76914536239786,3330.0,-4861.760218745996
363.7306695894642,3330.0,-4885.107281841481
415.6921938165305,3330.0,-4922.435889151946
467.6537180435968,3330.0,-4985.375075074339
519.6152422706631,3330.0,-5089.957192115399
571.5767664977294,3330.0,-5407.283084985438
623.5382907247957,3330.0,-6399.441017140916
675.499814951862,3330.0,-2853.94116286162
727.4613391789284,3330.0,2769.9839656540603
779.4228634059947,3330.0,2632.67963663536
831.384387633061,3330.0,2618.607976634911
883.3459118601273,3330.0,2584.6400503506147
935.3074360871937,3330.0,2535.3070962906004
987.26896031426,3330.0,2492.004410706194
1039.2304845413262,3330.0,2459.9679099412233
1091.1920087683925,3330.0,2425.17376650014
1143.1535329954588,3330.0,2269.6593461403218
1195.1150572225251,3330.0,2016.0057481957617
1247.0765814495915,3330.0,1968.8481491618695
1299.0381056766578,3330.0,1462.0629393550066
1350.999629903724,3330.0,1184.9688963722188
1402.9611541307904,3330.0,1081.506642108874
1454.9226783578567,3330.0,1130.8558159243978
1506.884202584923,3330.0,1171.0958556050957
1558.8457268119894,3330.0,1189.889008810724
1610.8072510390557,3330.0,1199.3232082983127
1662.768775266122,3330.0,1201.519436736679
1714.7302994931883,3330.0,1200.4465769470612
1766.6918237202547,3330.0,1195.5236401130026
1818.653347947321,3330.0,1190.7661223376945
1870.6148721743873,3330.0,1184.5557065452288
1922.5763964014536,3330.0,1175.890336618798
1974.53792062852,3330.0,1164.1955151464103
2026.4994448555863,3330.0,1152.1272969438996
2078.4609690826524,3330.0,1140.5394315469507
2130.422493309719,3330.0,1129.0437276941489
2182.384017536785,3330.0,1117.48775570752
2234.3455417638515,3330.0,1104.5290582127288
2286.3070659909176,3330.0,1091.183846066408
2338.268590217984,3330.0,1077.6345200856683
2390.2301144450503,3330.0,1063.06988868408
2442.191638672117,3330.0,1049.1959646131058
2494.153162899183,3330.0,1036.2824206868283
2546.1146871262495,3330.0,1024.5354669007058
2598.0762113533156,3330.0,1015.5843865832956
2650.037735580382,3330.0,1007.1658854719792
2701.999259807448,3330.0,1001.1983904853616
2753.9607840345147,3330.0,994.6409883919716
2805.922308261581,3330.0,988.926623901896
2857.8838324886474,3330.0,983.097941277575
2909.8453567157135,3330.0,976.5774818042782
2961.80688094278,3330.0,968.3987966972022
3013.768405169846,3330.0,955.8223261108053
3065.7299293969127,3330.0,938.1320878098719
3117.6914536239788,3330.0,918.6182041145087
3169.6529778510453,3330.0,893.2158700158877
3221.6145020781114,3330.0,869.5489636356083
3273.576026305178,3330.0,806.3297285548786
3325.537550532244,3330.0,131.53435167017324
3377.49907475931,3330.0,-14.567069197122137
3429.4605989863767,3330.0,-82.96465947533018
3481.422123213443,3330.0,-86.88137122547391
3533.3836474405093,3330.0,-2310.915141963301
3585.3451716675754,3330.0,-2885.4793422153252
3637.306695894642,3330.0,-3467.0974061793722
3689.268220121708,3330.0,-3797.455987674067
3741.2297443487746,3330.0,-3982.4721355108686
3793.1912685758407,3330.0,-4083.4320042486224
3845.1527928029072,3330.0,-4133.765262857405
3897.1143170299733,3330.0,-4149.935691548277
3949.07584125704,3330.0,-4144.511954518644
4001.037365484106,3330.0,-4128.0912968959965
4052.9988897111725,3330.0,-4109.389613761753
4104.960413938239,3330.0,-4092.181264992467
4156.921938165305,3330.0,-4075.6455159420875
4208.883462392371,3330.0,-4064.7622180683093
4260.844986619438,3330.0,-4059.855891078486
4312.806510846504,3330.0,-4059.79849590645
4364.76803507357,3330.0,-4063.205251774926
4416.7295593006365,3330.0,-4065.428226543281
4468.691083527703,3330.0,-4065.8218634211507
4520.65260775477,3330.0,-4059.7503594559216
4572.614131981835,3330.0,-4049.1960137331967
4624.575656208902,3330.0,-4034.0419828003905
4676.537180435968,3330.0,-4024.7099754521773
4728.498704663035,3330.0,-4025.9009150470015
4780.460228890101,3330.0,-4018.3993415926734
4832.421753117167,3330.0,-4009.2729250278644
4884.383277344234,3330.0,-4043.3669635604206
4936.3448015713,3330.0,-4095.7335699155474
4988.306325798366,3330.0,-4185.024529798715
5040.267850025432,3330.0,-4309.201846885307
5092.229374252499,3330.0,-3292.240143305542
5144.190898479565,3330.0,-3287.2827372770466
5196.152422706631,3330.0,-6287.980147213316
5248.113946933698,3330.0,-6602.398543939791
5300.075471160764,3330.0,-6422.964702708809
5352.03699538783,3330.0,-2135.3766998465926
5403.998519614896,3330.0,-2115.9071860040563
5455.960043841963,3330.0,-3989.7400176621272
5507.9215680690295,3330.0,-3488.3680986843224
5559.883092296095,3330.0,-3541.6012419253534
5611.844616523162,3330.0,-3580.0699657708465
5663.806140750228,3330.0,-3570.4631523046155
5715.767664977295,3330.0,-3548.9983947242927
5767.72918920436,3330.0,-3520.198075321157
5819.690713431427,3330.0,-3285.821143859369
5871.6522376584935,3330.0,-3160.649698143736
5923.61376188556,3330.0,-3498.8929266544083
5975.575286112626,3330.0,-2528.9616434745685
6027.536810339692,3330.0,-2947.957741852462
6079.498334566759,3330.0,-3002.1662761799325
6131.459858793825,3330.0,-3050.8137168040957
6183.421383020891,3330.0,-3085.55220549293
6235.3829072479575,3330.0,-3115.68161324811
6287.344431475024,3330.0,-3141.828871238514
6339.305955702091,3330.0,-3167.724415837818
6391.267479929156,3330.0,-3190.388763096204
6443.229004156223,3330.0,-3208.3009944805126
6495.190528383289,3330.0,-3219.332651161405
6547.152052610356,3330.0,-3218.973400208152
6599.1135768374215,3330.0,-3198.569412863799
6651.075101064488,3330.0,-3137.4115463347566
6703.036625291555,3330.0,-3070.374746142069
6754.99814951862,3330.0,-2332.707987662584
6806.959673745687,3330.0,-3594.7443789622794
6858.921197972753,3330.0,-3274.2598057902887
6910.88272219982,3330.0,-3559.9700812339925
6962.844246426886,3330.0,-3871.9669671144147
7014.805770653952,3330.0,-2941.7522938002267
7066.767294881019,3330.0,-2245.7305885025507
7118.728819108085,3330.0,-1817.1638402063213
7170.690343335151,3330.0,-1496.2431100938736
7222.651867562217,3330.0,-1332.5182330688617
7274.613391789284,3330.0,-1279.7888500601175
7326.5749160163505,3330.0,-1279.9226611818463
7378.536440243416,3330.0,-1299.266954164481
7430.497964470483,3330.0,-1338.5461966747243
7482.459488697549,3330.0,-1390.6335449083285
7534.421012924616,3330.0,-1458.2722536133915
7586.382537151681,3330.0,-1547.1689410950469
7638.344061378748,3330.0,-1668.267440660667
7690.3055856058145,3330.0,-1834.942332476087
7742.267109832881,3330.0,-2057.1819941271065
7794.228634059947,3330.0,-2338.636059905075
7846.190158287013,3330.0,-2684.0994573372354
7898.15168251408,3330.0,-3103.8187703063313
7950.113206741146,3330.0,-3641.4329393921626
8002.074730968212,3330.0,-4491.804925968546
8054.0362551952785,3330.0,-6566.93915342213
8105.997779422345,3330.0,-2607.7668372883
8157.959303649412,3330.0,3150.5199229799514
8209.920827876478,3330.0,2976.8312327491667
8261.882352103545,3330.0,2985.1533738231037
8313.84387633061,3330.0,2220.5936993706227
8365.805400557676,3330.0,1796.8522924713711
8417.766924784743,3330.0,1326.3836323187065
8469.728449011809,3330.0,968.5171819993683
8521.689973238876,3330.0,725.5488240908817
8573.651497465942,3330.0,548.3881466830661
8625.613021693009,3330.0,413.69252576569784
8677.574545920073,3330.0,316.8919062002145
8729.53607014714,3330.0,78.8238489241351
8781.497594374207,3330.0,60.29917380837245
8833.459118601273,3330.0,57.87145657578113
8885.42064282834,3330.0,90.53299759774077
8937.382167055406,3330.0,34.391378093040714
8989.343691282473,3330.0,42.865976710585485
9041.30521550954,3330.0,-251.4231501547381
9093.266739736604,3330.0,-264.5360078533335
9145.22826396367,3330.0,-256.227691830593
9197.189788190737,3330.0,-1999.5476896275482
9249.151312417804,3330.0,-2194.5502031047504
9301.11283664487,3330.0,-2373.053310060611
9353.074360871937,3330.0,-2474.118005572922
9405.035885099003,3330.0,-2541.3462813772558
9456.99740932607,3330.0,-2590.417461988787
9508.958933553135,3330.0,-2627.2105696847852
9560.920457780201,3330.0,-2659.261097899748
9612.881982007268,3330.0,-2690.166987063789
9664.843506234334,3330.0,-2718.7279591517713
9716.8050304614,3330.0,-2747.6754170563627
9768.766554688467,3330.0,-2778.3986835181367
9820.728078915534,3330.0,-2807.4749009010575
9872.6896031426,3330.0,-2836.0204295585795
9924.651127369665,3330.0,-2862.8646637110223
9976.612651596732,3330.0,-2883.8907055937198
10028.574175823798,3330.0,-2898.3086351838965
10080.535700050865,3330.0,-2910.277022313216
10132.497224277931,3330.0,-2914.4954359719004
10184.458748504998,3330.0,-2912.655000157517
10236.420272732064,3330.0,-2902.365218291472
10288.38179695913,3330.0,-2888.1949584997037
10340.343321186196,3330.0,-3039.887831569389
25.980762113533157,3375.0,-4641.101285642129
77.94228634059947,3375.0,-4820.373132718336
129.90381056766577,3375.0,-4823.773045750573
181.8653347947321,3375.0,-4828.724428216716
233.8268590217984,3375.0,-4835.698170719482
285.7883832488647,3375.0,-4845.404909850069
337.749907475931,3375.0,-4862.62803134356
389.71143170299734,3375.0,-4888.996283597411
441.67295593006367,3375.0,-4928.2032223581045
493.63448015713,3375.0,-4992.0602201175225
545.5960043841962,3375.0,-5119.397801900786
597.5575286112626,3375.0,-5587.563386071408
649.5190528383289,3375.0,-6432.369463450174
701.4805770653952,3375.0,-2915.8243259437545
753.4421012924615,3375.0,2588.03096486871
805.4036255195278,3375.0,2739.011248140178
857.3651497465942,3375.0,2646.1253676124306
909.3266739736605,3375.0,2622.6424974812967
961.2881982007268,3375.0,2595.718644917616
1013.2497224277931,3375.0,2592.524504399299
1065.2112466548592,3375.0,2671.582791798436
1117.1727708819255,3375.0,2869.040531661267
1169.1342951089919,3375.0,2786.6574419367334
1221.0958193360582,3375.0,2519.61208715494
1273.0573435631245,3375.0,2045.05333151181
1325.0188677901908,3375.0,1281.922359754323
1376.9803920172571,3375.0,1131.6985710775398
1428.9419162443235,3375.0,1188.9219757454316
1480.9034404713898,3375.0,1218.852744196372
1532.864964698456,3375.0,1221.538062767052
1584.8264889255224,3375.0,1213.8870423624671
1636.7880131525887,3375.0,1206.1083914909973
1688.749537379655,3375.0,1196.303307558056
1740.7110616067214,3375.0,1186.1422252163409
1792.6725858337877,3375.0,1176.4019461861312
1844.634110060854,3375.0,1167.8810505005854
1896.5956342879203,3375.0,1158.6905340298215
1948.5571585149867,3375.0,1148.2908319136939
2000.518682742053,3375.0,1136.2219106839489
2052.4802069691195,3375.0,1124.699364359833
2104.4417311961856,3375.0,1112.8006871483117
2156.403255423252,3375.0,1101.3937617487647
2208.3647796503183,3375.0,1090.6779492340845
2260.326303877385,3375.0,1078.9134502020624
2312.287828104451,3375.0,1065.2804169012961
2364.2493523315175,3375.0,1052.7418168896347
2416.2108765585835,3375.0,1041.640549670521
2468.17240078565,3375.0,1030.5579728450011
2520.133925012716,3375.0,1019.3940787428464
2572.0954492397827,3375.0,1010.0546600057457
2624.056973466849,3375.0,1004.2767688184078
2676.0184976939154,3375.0,1000.648403435387
2727.9800219209815,3375.0,999.4530526129506
2779.941546148048,3375.0,997.5344830495856
2831.903070375114,3375.0,998.5700368456422
2883.8645946021807,3375.0,1001.1607431764621
2935.8261188292468,3375.0,1005.8344614396015
2987.7876430563133,3375.0,1010.122781899476
3039.7491672833794,3375.0,1003.2524071037028
3091.710691510446,3375.0,996.280149370153
3143.672215737512,3375.0,1058.8017224675796
3195.6337399645786,3375.0,1147.1770757812374
3247.5952641916447,3375.0,1267.9761834922792
3299.556788418711,3375.0,1219.8057406441717
3351.5183126457773,3375.0,64.703731372379
3403.4798368728434,3375.0,61.848547221859576
3455.44136109991,3375.0,-106.65789090039021
3507.402885326976,3375.0,-128.5077574233825
3559.3644095540426,3375.0,-3677.3166773235153
3611.3259337811087,3375.0,-3935.1419185179166
3663.2874580081752,3375.0,-4261.771966776367
3715.2489822352413,3375.0,-4359.019617490476
3767.210506462308,3375.0,-4393.440691837055
3819.172030689374,3375.0,-4404.071101378417
3871.1335549164405,3375.0,-4382.232029747178
3923.0950791435066,3375.0,-4340.485894772657
3975.056603370573,3375.0,-4289.674006054809
4027.0181275976392,3375.0,-4239.146919635437
4078.979651824706,3375.0,-4199.453525516997
4130.941176051772,3375.0,-4172.006588887158
4182.902700278838,3375.0,-4153.017345144568
4234.8642245059045,3375.0,-4145.257292019498
4286.825748732971,3375.0,-4144.404622777693
4338.787272960038,3375.0,-4148.438468568579
4390.748797187103,3375.0,-4155.1547665774015
4442.71032141417,3375.0,-4161.879680262517
4494.671845641236,3375.0,-4168.348298852832
4546.633369868303,3375.0,-4172.879664988028
4598.5948940953685,3375.0,-4177.435329358954
4650.556418322435,3375.0,-4183.369771448922
4702.517942549502,3375.0,-4198.152560775494
4754.479466776568,3375.0,-4215.948295017784
4806.440991003634,3375.0,-4231.680782022791
4858.4025152307,3375.0,-4257.107966045038
4910.364039457767,3375.0,-4318.95207412017
4962.3255636848335,3375.0,-4423.291791815967
5014.287087911899,3375.0,-4568.58023337757
5066.248612138966,3375.0,-4829.020432456783
5118.210136366032,3375.0,-5578.981161852109
5170.171660593098,3375.0,-6503.2850434312695
5222.133184820164,3375.0,-6698.506482430435
5274.094709047231,3375.0,-6542.790952410733
5326.0562332742975,3375.0,-2091.8173925247
5378.017757501363,3375.0,-1647.1819388177958
5429.97928172843,3375.0,-3969.652453620658
5481.940805955496,3375.0,-3876.36792637334
5533.902330182563,3375.0,-3553.6725602880515
5585.863854409628,3375.0,-3494.3473885713665
5637.825378636695,3375.0,-3591.8605400160045
5689.7869028637615,3375.0,-3627.796386902397
5741.748427090828,3375.0,-3659.359990465853
5793.709951317894,3375.0,-3644.726674105551
5845.67147554496,3375.0,-3583.7375263637127
5897.632999772027,3375.0,-3285.9313049388898
5949.594523999093,3375.0,-3549.197804309436
6001.556048226159,3375.0,-2489.673183792076
6053.5175724532255,3375.0,-2943.4724790395153
6105.479096680292,3375.0,-2996.6800286881407
6157.440620907359,3375.0,-3039.767676904261
6209.402145134424,3375.0,-3067.726411046132
6261.363669361491,3375.0,-3089.9857721889102
6313.325193588557,3375.0,-3109.171489915666
6365.286717815624,3375.0,-3124.8158246291814
6417.2482420426895,3375.0,-3136.379567823186
6469.209766269756,3375.0,-3142.1334973748235
6521.171290496823,3375.0,-3134.350418310384
6573.132814723889,3375.0,-3110.028883735248
6625.094338950955,3375.0,-3051.0953364695843
6677.055863178021,3375.0,-2973.1953720953306
6729.017387405088,3375.0,-2349.3361443182403
6780.9789116321535,3375.0,-3570.1528015645163
6832.94043585922,3375.0,-3282.942395047262
6884.901960086287,3375.0,-3491.7427778142837
6936.863484313353,3375.0,-3897.306355144531
6988.825008540419,3375.0,-2907.860984990153
7040.786532767485,3375.0,-2830.719908306053
7092.748056994552,3375.0,-2523.372887440293
7144.7095812216185,3375.0,-2199.1437691404317
7196.671105448684,3375.0,-1956.610471431215
7248.632629675751,3375.0,-1803.434930111039
7300.594153902817,3375.0,-1720.4439155079806
7352.555678129884,3375.0,-1684.3522673898897
7404.517202356949,3375.0,-1680.887643577052
7456.478726584016,3375.0,-1706.6383900073442
7508.4402508110825,3375.0,-1757.7389196691845
7560.401775038149,3375.0,-1836.4320355935192
7612.363299265215,3375.0,-1943.6644833648688
7664.324823492281,3375.0,-2085.437672792566
7716.286347719348,3375.0,-2271.6883699999894
7768.247871946414,3375.0,-2507.8603312189443
7820.20939617348,3375.0,-2795.053693333979
7872.1709204005465,3375.0,-3137.545548540491
7924.132444627613,3375.0,-3553.403991202271
7976.09396885468,3375.0,-4096.327771035682
8028.055493081745,3375.0,-5066.510529301273
8080.017017308812,3375.0,-6464.632172286527
8131.978541535878,3375.0,-2790.7968673666765
8183.940065762945,3375.0,2981.4676942333817
8235.901589990011,3375.0,2911.184687310585
8287.863114217078,3375.0,2403.4263230805655
8339.824638444143,3375.0,2081.26687433572
8391.78616267121,3375.0,1679.4497280076234
8443.747686898276,3375.0,1326.0120725411211
8495.709211125342,3375.0,1036.6255359100046
8547.670735352409,3375.0,808.2382546507706
8599.632259579475,3375.0,621.1381916912768
8651.593783806542,3375.0,459.94755685025495
8703.555308033607,3375.0,345.82019722875657
8755.516832260673,3375.0,278.3461637154603
8807.47835648774,3375.0,232.28148040817575
8859.439880714806,3375.0,211.28309495614255
8911.401404941873,3375.0,140.61267771527469
8963.36292916894,3375.0,50.1708750388012
9015.324453396006,3375.0,91.71206976476559
9067.285977623073,3375.0,-327.02122708828415
9119.247501850137,3375.0,-306.08461535185114
9171.209026077204,3375.0,-295.7998737327703
9223.17055030427,3375.0,-1516.2353459136448
9275.132074531337,3375.0,-1734.8427615762707
9327.093598758403,3375.0,-1985.0810296156603
9379.05512298547,3375.0,-2145.6072492489966
9431.016647212537,3375.0,-2256.264111025966
9482.978171439603,3375.0,-2336.411330652922
9534.939695666668,3375.0,-2396.950761005228
9586.901219893734,3375.0,-2445.531455777239
9638.862744120801,3375.0,-2487.55001868839
9690.824268347867,3375.0,-2524.240962405015
9742.785792574934,3375.0,-2558.441583661958
9794.747316802,3375.0,-2589.0932989991607
9846.708841029067,3375.0,-2616.307833757084
9898.670365256134,3375.0,-2643.8679279663584
9950.631889483198,3375.0,-2668.222474635803
10002.593413710265,3375.0,-2689.1925987120203
10054.554937937331,3375.0,-2704.181834305654
10106.516462164398,3375.0,-2716.915199360742
10158.477986391465,3375.0,-2725.6112035692695
10210.439510618531,3375.0,-2729.32790613598
10262.401034845598,3375.0,-2727.898314548529
10314.362559072662,3375.0,-2724.2443584893435
10366.324083299729,3375.0,-3254.242783797499
0.0,3420.0,-4245.896854790092
51.96152422706631,3420.0,-4815.169638002883
103.92304845413263,3420.0,-4817.154615100891
155.88457268119893,3420.0,-4821.504334755273
207.84609690826525,3420.0,-4828.012417411722
259.80762113533154,3420.0,-4835.041004074335
311.76914536239786,3420.0,-4848.004149008519
363.7306695894642,3420.0,-4867.68194945333
415.6921938165305,3420.0,-4897.067292671667
467.6537180435968,3420.0,-4944.931456511562
519.6152422706631,3420.0,-5043.393664101271
571.5767664977294,3420.0,-5361.2074679768675
623.5382907247957,3420.0,-6498.976463560906
675.499814951862,3420.0,-2918.2341999718237
727.4613391789284,3420.0,2729.6572883668323
779.4228634059947,3420.0,2618.2902348528014
831.384387633061,3420.0,2615.549257950731
883.3459118601273,3420.0,2682.1253034107713
935.3074360871937,3420.0,2689.7210652201356
987.26896031426,3420.0,2671.111320141754
1039.2304845413262,3420.0,2718.277166798285
1091.1920087683925,3420.0,3172.6390158664353
1143.1535329954588,3420.0,4014.0029784220205
1195.1150572225251,3420.0,4065.0901675424216
1247.0765814495915,3420.0,2748.6845450882674
1299.0381056766578,3420.0,1590.6755785160772
1350.999629903724,3420.0,1258.7314501964524
1402.9611541307904,3420.0,1302.993767361426
1454.9226783578567,3420.0,1300.860906138786
1506.884202584923,3420.0,1273.2465957124618
1558.8457268119894,3420.0,1242.277903369963
1610.8072510390557,3420.0,1216.0167144586394
1662.768775266122,3420.0,1196.1327796369678
1714.7302994931883,3420.0,1180.0370085253871
1766.6918237202547,3420.0,1166.1929168625916
1818.653347947321,3420.0,1154.544571798589
1870.6148721743873,3420.0,1142.4606933648538
1922.5763964014536,3420.0,1131.144993694073
1974.53792062852,3420.0,1119.2118515797724
2026.4994448555863,3420.0,1108.6456201071765
2078.4609690826524,3420.0,1098.2461706934896
2130.422493309719,3420.0,1087.7768364867043
2182.384017536785,3420.0,1077.9020878888045
2234.3455417638515,3420.0,1067.8089665590328
2286.3070659909176,3420.0,1055.8218892231305
2338.268590217984,3420.0,1045.0663788130746
2390.2301144450503,3420.0,1036.2309979008473
2442.191638672117,3420.0,1026.2448838230564
2494.153162899183,3420.0,1016.4063252421894
2546.1146871262495,3420.0,1008.2230744859179
2598.0762113533156,3420.0,1003.4879626058749
2650.037735580382,3420.0,1001.7904480469001
2701.999259807448,3420.0,1003.9647526912643
2753.9607840345147,3420.0,1009.5250296777932
2805.922308261581,3420.0,1021.9177147516721
2857.8838324886474,3420.0,1037.38280082142
2909.8453567157135,3420.0,1053.2394956818127
2961.80688094278,3420.0,1121.4076522978967
3013.768405169846,3420.0,1179.4728908782674
3065.7299293969127,3420.0,1168.3486106081477
3117.6914536239788,3420.0,1224.47061224012
3169.6529778510453,3420.0,1511.5966262002657
3221.6145020781114,3420.0,1586.0157660331556
3273.576026305178,3420.0,277.38006578470134
3325.537550532244,3420.0,44.45437567207263
3377.49907475931,3420.0,33.165396359195086
3429.4605989863767,3420.0,16.466743886548215
3481.422123213443,3420.0,-6458.976272514359
3533.3836474405093,3420.0,-6466.753431988971
3585.3451716675754,3420.0,-4113.489700911252
3637.306695894642,3420.0,-5088.272991043881
3689.268220121708,3420.0,-4912.491944387126
3741.2297443487746,3420.0,-4679.175921304137
3793.1912685758407,3420.0,-4759.561146309848
3845.1527928029072,3420.0,-4689.514163845193
3897.1143170299733,3420.0,-4596.488570416164
3949.07584125704,3420.0,-4501.029645392409
4001.037365484106,3420.0,-4399.742746755013
4052.9988897111725,3420.0,-4319.353487806647
4104.960413938239,3420.0,-4265.58538844688
4156.921938165305,3420.0,-4232.153905861111
4208.883462392371,3420.0,-4217.568004229612
4260.844986619438,3420.0,-4216.804101857612
4312.806510846504,3420.0,-4224.000337987833
4364.76803507357,3420.0,-4235.322819813607
4416.7295593006365,3420.0,-4249.06468826042
4468.691083527703,3420.0,-4264.10614815786
4520.65260775477,3420.0,-4279.598019439069
4572.614131981835,3420.0,-4298.0708313150735
4624.575656208902,3420.0,-4319.596979152916
4676.537180435968,3420.0,-4348.1356250198
4728.498704663035,3420.0,-4383.279326728618
4780.460228890101,3420.0,-4426.851746476709
4832.421753117167,3420.0,-4482.480272735441
4884.383277344234,3420.0,-4564.614776236465
4936.3448015713,3420.0,-4687.964607290767
4988.306325798366,3420.0,-4871.148254839694
5040.267850025432,3420.0,-5151.297333630864
5092.229374252499,3420.0,-5727.901245615954
5144.190898479565,3420.0,-6830.286776931038
5196.152422706631,3420.0,-6362.126864583379
5248.113946933698,3420.0,-1713.907553732073
5300.075471160764,3420.0,-1875.1373140671508
5352.03699538783,3420.0,-1836.987036028202
5403.998519614896,3420.0,-4010.3219414259465
5455.960043841963,3420.0,-3830.3033825659622
5507.9215680690295,3420.0,-3562.307952449947
5559.883092296095,3420.0,-3480.0890111058798
5611.844616523162,3420.0,-3506.598971249735
5663.806140750228,3420.0,-3550.8467115188505
5715.767664977295,3420.0,-3579.028343545483
5767.72918920436,3420.0,-3655.063755176287
5819.690713431427,3420.0,-4158.409739008877
5871.6522376584935,3420.0,-3664.7274396252624
5923.61376188556,3420.0,-3385.058419946842
5975.575286112626,3420.0,-3629.8667447385706
6027.536810339692,3420.0,-2428.0008326046186
6079.498334566759,3420.0,-2955.04809455638
6131.459858793825,3420.0,-2997.619085913815
6183.421383020891,3420.0,-3026.918841635409
6235.3829072479575,3420.0,-3049.6381682644687
6287.344431475024,3420.0,-3066.9715814719966
6339.305955702091,3420.0,-3078.0579913336123
6391.267479929156,3420.0,-3085.7744516720077
6443.229004156223,3420.0,-3090.209839411553
6495.190528383289,3420.0,-3082.6609179673023
6547.152052610356,3420.0,-3061.9204283684285
6599.1135768374215,3420.0,-3019.7359057555987
6651.075101064488,3420.0,-2948.0188350901935
6703.036625291555,3420.0,-2368.0533990094273
6754.99814951862,3420.0,-3564.1884855071858
6806.959673745687,3420.0,-3252.4526764964603
6858.921197972753,3420.0,-3422.0227345008834
6910.88272219982,3420.0,-3881.172737622487
6962.844246426886,3420.0,-2798.40345541503
7014.805770653952,3420.0,-3316.903305687458
7066.767294881019,3420.0,-3086.1500666043657
7118.728819108085,3420.0,-2806.515219752273
7170.690343335151,3420.0,-2536.4517403729074
7222.651867562217,3420.0,-2322.7442364797216
7274.613391789284,3420.0,-2171.5090741826725
7326.5749160163505,3420.0,-2076.0916451875896
7378.536440243416,3420.0,-2028.0783417663092
7430.497964470483,3420.0,-2019.499125864439
7482.459488697549,3420.0,-2045.5346582500001
7534.421012924616,3420.0,-2101.315825053487
7586.382537151681,3420.0,-2189.031386701712
7638.344061378748,3420.0,-2308.1898816425855
7690.3055856058145,3420.0,-2465.1644007613354
7742.267109832881,3420.0,-2664.037381742226
7794.228634059947,3420.0,-2901.9027850165776
7846.190158287013,3420.0,-3180.378145090571
7898.15168251408,3420.0,-3506.3913826517746
7950.113206741146,3420.0,-3909.613302625885
8002.074730968212,3420.0,-4561.984237618912
8054.0362551952785,3420.0,-6330.194128187974
8105.997779422345,3420.0,-2689.831791038546
8157.959303649412,3420.0,2712.385067470075
8209.920827876478,3420.0,2806.4123758305805
8261.882352103545,3420.0,2474.6544646444636
8313.84387633061,3420.0,2260.0901497112145
8365.805400557676,3420.0,1924.8364519991164
8417.766924784743,3420.0,1602.965288415222
8469.728449011809,3420.0,1310.872897300978
8521.689973238876,3420.0,1061.6720015472167
8573.651497465942,3420.0,852.6349720580507
8625.613021693009,3420.0,675.6938632482331
8677.574545920073,3420.0,528.8925188717196
8729.53607014714,3420.0,417.08154964115306
8781.497594374207,3420.0,338.37466044789016
8833.459118601273,3420.0,280.6018230748675
8885.42064282834,3420.0,231.30680119947672
8937.382167055406,3420.0,180.566080564637
8989.343691282473,3420.0,38.84228187457416
9041.30521550954,3420.0,78.73116638603638
9093.266739736604,3420.0,63.64205490086076
9145.22826396367,3420.0,-264.5073330682136
9197.189788190737,3420.0,-308.3749386488735
9249.151312417804,3420.0,-1200.7110280240681
9301.11283664487,3420.0,-1441.9511121355772
9353.074360871937,3420.0,-1704.4567528736538
9405.035885099003,3420.0,-1884.0537319115006
9456.99740932607,3420.0,-2012.4149681954532
9508.958933553135,3420.0,-2108.6647109258215
9560.920457780201,3420.0,-2183.133075374965
9612.881982007268,3420.0,-2243.3541109014127
9664.843506234334,3420.0,-2293.0265812828447
9716.8050304614,3420.0,-2334.320570956749
9768.766554688467,3420.0,-2369.3124464628827
9820.728078915534,3420.0,-2399.977528062568
9872.6896031426,3420.0,-2428.8479383100125
9924.651127369665,3420.0,-2454.368914820461
9976.612651596732,3420.0,-2478.387781770447
10028.574175823798,3420.0,-2499.3796423897566
10080.535700050865,3420.0,-2518.316733482297
10132.497224277931,3420.0,-2535.437366159278
10184.458748504998,3420.0,-2548.3263422447144
10236.420272732064,3420.0,-2558.900617032004
10288.38179695913,3420.0,-2567.3996994277404
10340.343321186196,3420.0,-2763.6950736325252
25.980762113533157,3465.0,-4615.33486104794
77.94228634059947,3465.0,-4816.857990087907
129.90381056766577,3465.0,-4818.038185750775
181.8653347947321,3465.0,-4822.310669291135
233.8268590217984,3465.0,-4828.902695501367
285.7883832488647,3465.0,-4838.409602713558
337.749907475931,3465.0,-4853.1558925983045
389.71143170299734,3465.0,-4875.684914336942
441.67295593006367,3465.0,-4912.296290203805
493.63448015713,3465.0,-4973.55127444861
545.5960043841962,3465.0,-5101.642955197685
597.5575286112626,3465.0,-5503.805626311465
649.5190528383289,3465.0,-6682.272201546117
701.4805770653952,3465.0,-2918.574815622579
753.4421012924615,3465.0,-2944.139723648344
805.4036255195278,3465.0,2697.971447394039
857.3651497465942,3465.0,2626.2035940552505
909.3266739736605,3465.0,2798.2460116644475
961.2881982007268,3465.0,2790.9115601223184
1013.2497224277931,3465.0,2648.5347970428234
1065.2112466548592,3465.0,2788.1439164455214
1117.1727708819255,3465.0,3938.925048866982
1169.1342951089919,3465.0,4454.670881286169
1221.0958193360582,3465.0,4254.0547280903775
1273.0573435631245,3465.0,2478.786258343551
1325.0188677901908,3465.0,1771.7423374506454
1376.9803920172571,3465.0,1566.853899616617
1428.9419162443235,3465.0,1452.546750189223
1480.9034404713898,3465.0,1354.4460251590203
1532.864964698456,3465.0,1286.188735142196
1584.8264889255224,3465.0,1236.2054607029686
1636.7880131525887,3465.0,1200.1106144504902
1688.749537379655,3465.0,1175.715907633916
1740.7110616067214,3465.0,1159.5460185513448
1792.6725858337877,3465.0,1145.9993266923948
1844.634110060854,3465.0,1132.4570302281074
1896.5956342879203,3465.0,1119.732785494089
1948.5571585149867,3465.0,1107.2638122130838
2000.518682742053,3465.0,1095.6464840660549
2052.4802069691195,3465.0,1085.7879150992721
2104.4417311961856,3465.0,1077.910285700212
2156.403255423252,3465.0,1067.8062554764704
2208.3647796503183,3465.0,1056.6929664054135
2260.326303877385,3465.0,1046.3794268314568
2312.287828104451,3465.0,1036.468553838206
2364.2493523315175,3465.0,1027.1793790725346
2416.2108765585835,3465.0,1019.9221494470806
2468.17240078565,3465.0,1012.7370131039809
2520.133925012716,3465.0,1005.3110924743014
2572.0954492397827,3465.0,999.3482017493177
2624.056973466849,3465.0,999.9812502164395
2676.0184976939154,3465.0,1007.3844106268652
2727.9800219209815,3465.0,1023.7318476557045
2779.941546148048,3465.0,1050.716949529943
2831.903070375114,3465.0,1122.562040691474
2883.8645946021807,3465.0,1197.2004329068072
2935.8261188292468,3465.0,1257.6443276794325
2987.7876430563133,3465.0,1481.2730213056518
3039.7491672833794,3465.0,1523.8763747237547
3091.710691510446,3465.0,1499.2359478214216
3143.672215737512,3465.0,1576.6345019210034
3195.6337399645786,3465.0,221.03629111949158
3247.5952641916447,3465.0,256.125670142344
3299.556788418711,3465.0,861.3851038757455
3351.5183126457773,3465.0,25.29666789588049
3403.4798368728434,3465.0,192.44863016268673
3455.44136109991,3465.0,-6598.778163422348
3507.402885326976,3465.0,-6600.468511202862
3559.3644095540426,3465.0,-6401.2301556075345
3611.3259337811087,3465.0,-6749.762594947102
3663.2874580081752,3465.0,-6646.603531003218
3715.2489822352413,3465.0,-4444.9708269894145
3767.210506462308,3465.0,-5172.669479416666
3819.172030689374,3465.0,-5045.250965294808
3871.1335549164405,3465.0,-4788.367057008083
3923.0950791435066,3465.0,-4769.421038287164
3975.056603370573,3465.0,-4591.615237249705
4027.0181275976392,3465.0,-4434.948036061818
4078.979651824706,3465.0,-4341.456693303843
4130.941176051772,3465.0,-4288.946969397618
4182.902700278838,3465.0,-4267.663063350847
4234.8642245059045,3465.0,-4268.0357291428245
4286.825748732971,3465.0,-4281.689389786194
4338.787272960038,3465.0,-4301.4053847338255
4390.748797187103,3465.0,-4325.145898065915
4442.71032141417,3465.0,-4349.755213078884
4494.671845641236,3465.0,-4375.185381955919
4546.633369868303,3465.0,-4403.3723781879235
4598.5948940953685,3465.0,-4435.742270882269
4650.556418322435,3465.0,-4474.477040379985
4702.517942549502,3465.0,-4523.497984414782
4754.479466776568,3465.0,-4584.070934805242
4806.440991003634,3465.0,-4658.8242258938135
4858.4025152307,3465.0,-4756.764710012897
4910.364039457767,3465.0,-4891.321225070124
4962.3255636848335,3465.0,-5078.5360628480175
5014.287087911899,3465.0,-5351.690250434314
5066.248612138966,3465.0,-5839.346289264635
5118.210136366032,3465.0,-6703.393111664499
5170.171660593098,3465.0,-6492.606255645524
5222.133184820164,3465.0,-1730.9036661617317
5274.094709047231,3465.0,-1830.2473241540274
5326.0562332742975,3465.0,-1924.505505816277
5378.017757501363,3465.0,-4018.8960756057304
5429.97928172843,3465.0,-3923.899914549389
5481.940805955496,3465.0,-3570.9442313870873
5533.902330182563,3465.0,-3467.738533595748
5585.863854409628,3465.0,-3478.202970504479
5637.825378636695,3465.0,-3515.3360250321452
5689.7869028637615,3465.0,-3554.309165028593
5741.748427090828,3465.0,-3565.8533005078198
5793.709951317894,3465.0,-3183.779001667005
5845.67147554496,3465.0,-4174.709248539793
5897.632999772027,3465.0,-3758.626398803363
5949.594523999093,3465.0,-3406.351265348425
6001.556048226159,3465.0,-3663.993572741426
6053.5175724532255,3465.0,-3061.428139361532
6105.479096680292,3465.0,-2979.97919409676
6157.440620907359,3465.0,-3002.343872120193
6209.402145134424,3465.0,-3020.727087903255
6261.363669361491,3465.0,-3036.4182836590003
6313.325193588557,3465.0,-3047.0369663422534
6365.286717815624,3465.0,-3051.6475302333984
6417.2482420426895,3465.0,-3053.376879901989
6469.209766269756,3465.0,-3048.6126151591247
6521.171290496823,3465.0,-3033.315647901068
6573.132814723889,3465.0,-3006.7823488452955
6625.094338950955,3465.0,-2966.66762030653
6677.055863178021,3465.0,-2945.424474169129
6729.017387405088,3465.0,-2973.8448332783373
6780.9789116321535,3465.0,-3044.2381553509904
6832.94043585922,3465.0,-3436.906188670614
6884.901960086287,3465.0,-3745.1679686767084
6936.863484313353,3465.0,-2731.19305364682
6988.825008540419,3465.0,-4189.719131866713
7040.786532767485,3465.0,-3722.6726452542744
7092.748056994552,3465.0,-3405.155054055974
7144.7095812216185,3465.0,-3091.702838106983
7196.671105448684,3465.0,-2822.2808754307007
7248.632629675751,3465.0,-2612.959040262469
7300.594153902817,3465.0,-2463.713281517269
7352.555678129884,3465.0,-2369.409923664476
7404.517202356949,3465.0,-2321.7262159374736
7456.478726584016,3465.0,-2316.117365793455
7508.4402508110825,3465.0,-2348.1925957074864
7560.401775038149,3465.0,-2412.8631074384098
7612.363299265215,3465.0,-2511.163945126352
7664.324823492281,3465.0,-2643.8376560450533
7716.286347719348,3465.0,-2810.4893105807455
7768.247871946414,3465.0,-3011.221498976859
7820.20939617348,3465.0,-3244.7474903755046
7872.1709204005465,3465.0,-3507.4191705456224
7924.132444627613,3465.0,-3805.628653281715
7976.09396885468,3465.0,-4176.591796453517
8028.055493081745,3465.0,-4916.7557922372725
8080.017017308812,3465.0,-6132.287990383979
8131.978541535878,3465.0,-2673.8693240657276
8183.940065762945,3465.0,2593.981429809383
8235.901589990011,3465.0,2786.1572972240983
8287.863114217078,3465.0,2373.777027953557
8339.824638444143,3465.0,2108.6114972469904
8391.78616267121,3465.0,1819.024869008903
8443.747686898276,3465.0,1544.9347580007384
8495.709211125342,3465.0,1292.2191162210258
8547.670735352409,3465.0,1070.4099475040225
8599.632259579475,3465.0,880.5290378323688
8651.593783806542,3465.0,718.963061780054
8703.555308033607,3465.0,586.350847370594
8755.516832260673,3465.0,480.61809856231577
8807.47835648774,3465.0,394.6001003239967
8859.439880714806,3465.0,319.3130979122096
8911.401404941873,3465.0,242.26579554187236
8963.36292916894,3465.0,176.52860811615744
9015.324453396006,3465.0,14.762839955973043
9067.285977623073,3465.0,76.47261559343275
9119.247501850137,3465.0,41.004944965800135
9171.209026077204,3465.0,-325.4233546412013
9223.17055030427,3465.0,-309.35744567852004
9275.132074531337,3465.0,-1026.4111683224912
9327.093598758403,3465.0,-1257.8712363498748
9379.05512298547,3465.0,-1500.8163757188868
9431.016647212537,3465.0,-1672.5196535609439
9482.978171439603,3465.0,-1801.920919006173
9534.939695666668,3465.0,-1904.9015278378151
9586.901219893734,3465.0,-1987.643355581637
9638.862744120801,3465.0,-2053.346532391246
9690.824268347867,3465.0,-2105.3513668553464
9742.785792574934,3465.0,-2146.8752882357817
9794.747316802,3465.0,-2181.516788588664
9846.708841029067,3465.0,-2211.905939925386
9898.670365256134,3465.0,-2239.8281941488235
9950.631889483198,3465.0,-2264.8471923063844
10002.593413710265,3465.0,-2290.1747416720445
10054.554937937331,3465.0,-2315.0997373773234
10106.516462164398,3465.0,-2339.489032155262
10158.477986391465,3465.0,-2363.1299127844113
10210.439510618531,3465.0,-2384.8455181642266
10262.401034845598,3465.0,-2406.768544019824
10314.362559072662,3465.0,-2426.5175098329
10366.324083299729,3465.0,-3044.2444466390016
0.0,3510.0,-4187.461610579566
51.96152422706631,3510.0,-4825.434092698311
103.92304845413263,3510.0,-4825.861410806703
155.88457268119893,3510.0,-4827.186689942693
207.84609690826525,3510.0,-4829.054051967253
259.80762113533154,3510.0,-4834.07063630661
311.76914536239786,3510.0,-4844.575775761463
363.7306695894642,3510.0,-4860.311286896421
415.6921938165305,3510.0,-4887.3850497821095
467.6537180435968,3510.0,-4930.604319890739
519.6152422706631,3510.0,-5002.984555048206
571.5767664977294,3510.0,-5133.3182686720775
623.5382907247957,3510.0,-5555.496570808971
675.499814951862,3510.0,-6789.366487647032
727.4613391789284,3510.0,-3211.603374637879
779.4228634059947,3510.0,2849.416484277496
831.384387633061,3510.0,2783.161870973414
883.3459118601273,3510.0,2777.292672917175
935.3074360871937,3510.0,3239.040359031407
987.26896031426,3510.0,2939.1559596130537
1039.2304845413262,3510.0,2471.713824312795
1091.1920087683925,3510.0,2838.090025456311
1143.1535329954588,3510.0,3240.9071251062574
1195.1150572225251,3510.0,4350.30928719456
1247.0765814495915,3510.0,4152.048223259353
1299.0381056766578,3510.0,3632.0874490570104
1350.999629903724,3510.0,2142.762464904693
1402.9611541307904,3510.0,1639.85166014283
1454.9226783578567,3510.0,1430.4441026073846
1506.884202584923,3510.0,1313.9936252256016
1558.8457268119894,3510.0,1240.224209410803
1610.8072510390557,3510.0,1191.5685099558332
1662.768775266122,3510.0,1161.0206497798413
1714.7302994931883,3510.0,1145.1081569002567
1766.6918237202547,3510.0,1134.120247608609
1818.653347947321,3510.0,1120.5141861309294
1870.6148721743873,3510.0,1106.1908907630245
1922.5763964014536,3510.0,1092.1968053092448
1974.53792062852,3510.0,1080.0942628318983
2026.4994448555863,3510.0,1072.3306266281784
2078.4609690826524,3510.0,1064.8681258524032
2130.422493309719,3510.0,1055.5069286279343
2182.384017536785,3510.0,1046.505140862762
2234.3455417638515,3510.0,1037.5100797236757
2286.3070659909176,3510.0,1029.8020722645706
2338.268590217984,3510.0,1022.7097824533826
2390.2301144450503,3510.0,1015.8305985258868
2442.191638672117,3510.0,1009.6422504434937
2494.153162899183,3510.0,1003.4759934276394
2546.1146871262495,3510.0,996.4804971734362
2598.0762113533156,3510.0,996.0159569828725
2650.037735580382,3510.0,1004.2532952777797
2701.999259807448,3510.0,1029.9930997546776
2753.9607840345147,3510.0,1107.7275124045127
2805.922308261581,3510.0,1227.1927872448762
2857.8838324886474,3510.0,1458.472488383849
2909.8453567157135,3510.0,1561.39389168389
2961.80688094278,3510.0,1564.4302052910646
3013.768405169846,3510.0,211.73524653571982
3065.7299293969127,3510.0,308.94117182529624
3117.6914536239788,3510.0,296.50473878890364
3169.6529778510453,3510.0,237.11893138609418
3221.6145020781114,3510.0,787.3977357210299
3273.576026305178,3510.0,866.9148892045498
3325.537550532244,3510.0,970.8629652690202
3377.49907475931,3510.0,184.86795004085758
3429.4605989863767,3510.0,207.86598826546418
3481.422123213443,3510.0,-1833.9151679833485
3533.3836474405093,3510.0,-1607.1616485541008
3585.3451716675754,3510.0,-6735.597544884075
3637.306695894642,3510.0,-6636.518259086211
3689.268220121708,3510.0,-6091.642129853479
3741.2297443487746,3510.0,-6239.930331845509
3793.1912685758407,3510.0,-6489.545197718731
3845.1527928029072,3510.0,-4487.44306267104
3897.1143170299733,3510.0,-5154.691150028413
3949.07584125704,3510.0,-4971.270213911719
4001.037365484106,3510.0,-4531.832734565154
4052.9988897111725,3510.0,-4385.244177299677
4104.960413938239,3510.0,-4305.439589998481
4156.921938165305,3510.0,-4282.015282521927
4208.883462392371,3510.0,-4287.724293162371
4260.844986619438,3510.0,-4313.554064540443
4312.806510846504,3510.0,-4348.0685653689825
4364.76803507357,3510.0,-4386.263849104968
4416.7295593006365,3510.0,-4423.7718698648105
4468.691083527703,3510.0,-4459.692545488898
4520.65260775477,3510.0,-4496.791725479741
4572.614131981835,3510.0,-4539.169396146943
4624.575656208902,3510.0,-4588.5317306143215
4676.537180435968,3510.0,-4647.070910374535
4728.498704663035,3510.0,-4718.565268477754
4780.460228890101,3510.0,-4803.434172200641
4832.421753117167,3510.0,-4910.5412336018635
4884.383277344234,3510.0,-5051.134203072792
4936.3448015713,3510.0,-5236.445313140752
4988.306325798366,3510.0,-5479.554242365337
5040.267850025432,3510.0,-5830.969672783236
5092.229374252499,3510.0,-6382.443993302215
5144.190898479565,3510.0,-6163.106365704825
5196.152422706631,3510.0,-1967.467621712733
5248.113946933698,3510.0,-1989.9318191068264
5300.075471160764,3510.0,-3941.0178781344785
5352.03699538783,3510.0,-3903.3845594046225
5403.998519614896,3510.0,-3894.5754364340755
5455.960043841963,3510.0,-3591.354362616039
5507.9215680690295,3510.0,-3465.347785305162
5559.883092296095,3510.0,-3460.495091277533
5611.844616523162,3510.0,-3488.5143307552535
5663.806140750228,3510.0,-3522.843333339139
5715.767664977295,3510.0,-3547.9499083865803
5767.72918920436,3510.0,-3543.0403527028093
5819.690713431427,3510.0,-3179.813857676473
5871.6522376584935,3510.0,-4257.255284042882
5923.61376188556,3510.0,-3804.305386317173
5975.575286112626,3510.0,-3310.734078504627
6027.536810339692,3510.0,-3198.7405209901
6079.498334566759,3510.0,-3092.847354757939
6131.459858793825,3510.0,-3062.2028208341
6183.421383020891,3510.0,-3021.450883636915
6235.3829072479575,3510.0,-3030.080516219088
6287.344431475024,3510.0,-3032.0125775877673
6339.305955702091,3510.0,-3027.8611959879745
6391.267479929156,3510.0,-3030.1625645959357
6443.229004156223,3510.0,-3028.1478913496485
6495.190528383289,3510.0,-3016.737787701705
6547.152052610356,3510.0,-2995.948630981484
6599.1135768374215,3510.0,-2974.9313633408756
6651.075101064488,3510.0,-2977.129027374437
6703.036625291555,3510.0,-3041.1761628844906
6754.99814951862,3510.0,-2878.5752127937476
6806.959673745687,3510.0,-2937.6894385831993
6858.921197972753,3510.0,-6040.411850715425
6910.88272219982,3510.0,-6213.242252937484
6962.844246426886,3510.0,-6142.044280751132
7014.805770653952,3510.0,-4757.14715304946
7066.767294881019,3510.0,-4099.333757071356
7118.728819108085,3510.0,-3655.313468848237
7170.690343335151,3510.0,-3304.0852583166466
7222.651867562217,3510.0,-3032.7837845240415
7274.613391789284,3510.0,-2831.1844054959565
7326.5749160163505,3510.0,-2693.9951678902034
7378.536440243416,3510.0,-2610.951187624155
7430.497964470483,3510.0,-2573.0481912967575
7482.459488697549,3510.0,-2576.7805473921917
7534.421012924616,3510.0,-2618.796843097367
7586.382537151681,3510.0,-2694.091498895793
7638.344061378748,3510.0,-2803.2885120305255
7690.3055856058145,3510.0,-2944.470904734527
7742.267109832881,3510.0,-3115.783064738212
7794.228634059947,3510.0,-3317.7292292015973
7846.190158287013,3510.0,-3545.8894464058985
7898.15168251408,3510.0,-3797.097698696638
7950.113206741146,3510.0,-4084.9771277613036
8002.074730968212,3510.0,-4598.785297993396
8054.0362551952785,3510.0,-5859.636750843956
8105.997779422345,3510.0,-2697.07688027724
8157.959303649412,3510.0,2509.270690059503
8209.920827876478,3510.0,2465.275885043651
8261.882352103545,3510.0,2387.631599959408
8313.84387633061,3510.0,2228.9675087512787
8365.805400557676,3510.0,1984.6237657057293
8417.766924784743,3510.0,1734.3326457334497
8469.728449011809,3510.0,1491.6359522821592
8521.689973238876,3510.0,1268.9525093681254
8573.651497465942,3510.0,1070.9522140971715
8625.613021693009,3510.0,897.3814912549014
8677.574545920073,3510.0,749.1120699957526
8729.53607014714,3510.0,623.326570676445
8781.497594374207,3510.0,516.212263484186
8833.459118601273,3510.0,423.17261516827716
8885.42064282834,3510.0,336.28884164128135
8937.382167055406,3510.0,249.92862671895267
8989.343691282473,3510.0,188.05204545052243
9041.30521550954,3510.0,111.31058855664944
9093.266739736604,3510.0,119.19046342155903
9145.22826396367,3510.0,59.00495473695091
9197.189788190737,3510.0,-252.85970406811398
9249.151312417804,3510.0,-298.8125919075116
9301.11283664487,3510.0,-909.8576180560119
9353.074360871937,3510.0,-1143.7253890015654
9405.035885099003,3510.0,-1341.1052513563832
9456.99740932607,3510.0,-1495.2627450714413
9508.958933553135,3510.0,-1622.2777569391365
9560.920457780201,3510.0,-1725.5281741595172
9612.881982007268,3510.0,-1808.8500289374033
9664.843506234334,3510.0,-1873.2246215983173
9716.8050304614,3510.0,-1924.9608225156155
9768.766554688467,3510.0,-1966.6635234714731
9820.728078915534,3510.0,-2001.5558760427268
9872.6896031426,3510.0,-2031.0260492377224
9924.651127369665,3510.0,-2057.16933013884
9976.612651596732,3510.0,-2084.495281903994
10028.574175823798,3510.0,-2112.091456003076
10080.535700050865,3510.0,-2141.1883240018105
10132.497224277931,3510.0,-2172.728285824673
10184.458748504998,3510.0,-2204.745860581906
10236.420272732064,3510.0,-2239.8853127891657
10288.38179695913,3510.0,-2273.7705921377074
10340.343321186196,3510.0,-2517.1486567101833
25.980762113533157,3555.0,-4618.033873718756
77.94228634059947,3555.0,-4839.614038853392
129.90381056766577,3555.0,-4837.353377596617
181.8653347947321,3555.0,-4835.168344871803
233.8268590217984,3555.0,-4835.796526491738
285.7883832488647,3555.0,-4840.39452341186
337.749907475931,3555.0,-4852.343329220883
389.71143170299734,3555.0,-4872.506974025759
441.67295593006367,3555.0,-4905.612790668643
493.63448015713,3555.0,-4960.945525899551
545.5960043841962,3555.0,-5050.877861359933
597.5575286112626,3555.0,-5212.370536303184
649.5190528383289,3555.0,-5700.225782915204
701.4805770653952,3555.0,-6649.928984002418
753.4421012924615,3555.0,-3126.8666774756593
805.4036255195278,3555.0,-3027.8494936450816
857.3651497465942,3555.0,2737.679327966236
909.3266739736605,3555.0,3999.5265058224995
961.2881982007268,3555.0,3985.0179890454456
1013.2497224277931,3555.0,2991.5396714760336
1065.2112466548592,3555.0,2769.4779427798003
1117.1727708819255,3555.0,2669.404948979429
1169.1342951089919,3555.0,2613.719011682547
1221.0958193360582,3555.0,3790.6024845222455
1273.0573435631245,3555.0,3426.223364201462
1325.0188677901908,3555.0,2453.9240020749157
1376.9803920172571,3555.0,1762.4459371944436
1428.9419162443235,3555.0,1469.9544872868564
1480.9034404713898,3555.0,1318.988810013117
1532.864964698456,3555.0,1231.2065234636898
1584.8264889255224,3555.0,1175.23908853074
1636.7880131525887,3555.0,1141.8773598110365
1688.749537379655,3555.0,1129.969993307052
1740.7110616067214,3555.0,1133.4741708631843
1792.6725858337877,3555.0,1130.4156160201533
1844.634110060854,3555.0,1111.0425281424264
1896.5956342879203,3555.0,1088.5627586534322
1948.5571585149867,3555.0,1072.7671371047425
2000.518682742053,3555.0,1060.885616599273
2052.4802069691195,3555.0,1052.8872068356457
2104.4417311961856,3555.0,1045.5572131778213
2156.403255423252,3555.0,1038.041244439545
2208.3647796503183,3555.0,1030.6608899202308
2260.326303877385,3555.0,1024.1504278190068
2312.287828104451,3555.0,1017.1574547560707
2364.2493523315175,3555.0,1010.0951425781168
2416.2108765585835,3555.0,1003.1000761604896
2468.17240078565,3555.0,997.713666796372
2520.133925012716,3555.0,992.9962443099258
2572.0954492397827,3555.0,991.1055884098599
2624.056973466849,3555.0,996.6004546727443
2676.0184976939154,3555.0,1023.88045353494
2727.9800219209815,3555.0,1142.2686025562095
2779.941546148048,3555.0,1392.3514837973362
2831.903070375114,3555.0,1520.9891935263613
2883.8645946021807,3555.0,258.0386387196676
2935.8261188292468,3555.0,195.4828679270945
2987.7876430563133,3555.0,155.84543351358536
3039.7491672833794,3555.0,851.1995339033599
3091.710691510446,3555.0,815.7707672044736
3143.672215737512,3555.0,842.302446571787
3195.6337399645786,3555.0,892.0123575749321
3247.5952641916447,3555.0,922.1189472377886
3299.556788418711,3555.0,968.3007968474319
3351.5183126457773,3555.0,265.87639692788525
3403.4798368728434,3555.0,216.78778034017438
3455.44136109991,3555.0,-1731.167422984409
3507.402885326976,3555.0,-1894.3984872104465
3559.3644095540426,3555.0,-1765.226874000134
3611.3259337811087,3555.0,-1661.8137725380084
3663.2874580081752,3555.0,-1424.345672808242
3715.2489822352413,3555.0,-6717.3060054834095
3767.210506462308,3555.0,-6756.237785120626
3819.172030689374,3555.0,-6505.127534312054
3871.1335549164405,3555.0,-6272.543714947033
3923.0950791435066,3555.0,-6341.2633829484885
3975.056603370573,3555.0,-4664.283858782706
4027.0181275976392,3555.0,-4420.594435495773
4078.979651824706,3555.0,-4290.265408314833
4130.941176051772,3555.0,-4247.743794509315
4182.902700278838,3555.0,-4264.303455958925
4234.8642245059045,3555.0,-4309.7989118551695
4286.825748732971,3555.0,-4368.129761023252
4338.787272960038,3555.0,-4429.716866011066
4390.748797187103,3555.0,-4487.014628733714
4442.71032141417,3555.0,-4535.537344941813
4494.671845641236,3555.0,-4581.730352245462
4546.633369868303,3555.0,-4630.987395013196
4598.5948940953685,3555.0,-4687.790929466003
4650.556418322435,3555.0,-4753.6076515261475
4702.517942549502,3555.0,-4832.53916096156
4754.479466776568,3555.0,-4928.091267005484
4806.440991003634,3555.0,-5040.870686742714
4858.4025152307,3555.0,-5182.228872738986
4910.364039457767,3555.0,-5365.165661530661
4962.3255636848335,3555.0,-5598.551840479855
5014.287087911899,3555.0,-5891.219934608196
5066.248612138966,3555.0,-6153.494913980443
5118.210136366032,3555.0,-5981.944725924358
5170.171660593098,3555.0,-2288.641132078794
5222.133184820164,3555.0,-2245.347160939338
5274.094709047231,3555.0,-3940.3122137327173
5326.0562332742975,3555.0,-3858.783855214193
5378.017757501363,3555.0,-3840.9964835512133
5429.97928172843,3555.0,-3586.0321142041976
5481.940805955496,3555.0,-3461.5527031152433
5533.902330182563,3555.0,-3448.2711573079087
5585.863854409628,3555.0,-3467.8729169400513
5637.825378636695,3555.0,-3501.146420966208
5689.7869028637615,3555.0,-3531.246094541906
5741.748427090828,3555.0,-3547.8973004255613
5793.709951317894,3555.0,-3539.1092424689978
5845.67147554496,3555.0,-3181.052689425111
5897.632999772027,3555.0,-4325.64849811873
5949.594523999093,3555.0,-3951.2033835544
6001.556048226159,3555.0,-3553.8833847965025
6053.5175724532255,3555.0,-3271.4117286653272
6105.479096680292,3555.0,-3158.346335785066
6157.440620907359,3555.0,-3097.8011738377672
6209.402145134424,3555.0,-3087.5644376726086
6261.363669361491,3555.0,-3070.928509376028
6313.325193588557,3555.0,-3009.6002962659068
6365.286717815624,3555.0,-3008.3111075758097
6417.2482420426895,3555.0,-3014.3059343847326
6469.209766269756,3555.0,-3003.202788198118
6521.171290496823,3555.0,-2976.898021999102
6573.132814723889,3555.0,-2954.2710926737313
6625.094338950955,3555.0,-2960.7846474445782
6677.055863178021,3555.0,-3079.923258526638
6729.017387405088,3555.0,-3188.171218246655
6780.9789116321535,3555.0,-1256.8331019262678
6832.94043585922,3555.0,-1367.7321780951438
6884.901960086287,3555.0,-6020.937448697184
6936.863484313353,3555.0,-5811.233915914764
6988.825008540419,3555.0,-6083.549088267869
7040.786532767485,3555.0,-4982.762947546328
7092.748056994552,3555.0,-4257.121914850577
7144.7095812216185,3555.0,-3769.848879131893
7196.671105448684,3555.0,-3420.6082148085793
7248.632629675751,3555.0,-3167.424949655422
7300.594153902817,3555.0,-2988.4766251461247
7352.555678129884,3555.0,-2870.967073997923
7404.517202356949,3555.0,-2806.9294843729754
7456.478726584016,3555.0,-2785.763413428489
7508.4402508110825,3555.0,-2803.789799759781
7560.401775038149,3555.0,-2858.8999574610725
7612.363299265215,3555.0,-2948.5146016778567
7664.324823492281,3555.0,-3069.1909788873495
7716.286347719348,3555.0,-3218.3156322642167
7768.247871946414,3555.0,-3395.706011644249
7820.20939617348,3555.0,-3602.736096840903
7872.1709204005465,3555.0,-3842.3949078951555
7924.132444627613,3555.0,-4125.346638471985
7976.09396885468,3555.0,-4617.011644954304
8028.055493081745,3555.0,-5770.822689080349
8080.017017308812,3555.0,-2364.963632821976
8131.978541535878,3555.0,2652.2496159946277
8183.940065762945,3555.0,2554.5240019703383
8235.901589990011,3555.0,2397.4143599199874
8287.863114217078,3555.0,2299.9253715023106
8339.824638444143,3555.0,2111.0422397472057
8391.78616267121,3555.0,1892.0124322101155
8443.747686898276,3555.0,1666.1239636492778
8495.709211125342,3555.0,1446.8523752517233
8547.670735352409,3555.0,1244.5399501452662
8599.632259579475,3555.0,1063.0485391543393
8651.593783806542,3555.0,902.5460181408794
8703.555308033607,3555.0,762.8552471192074
8755.516832260673,3555.0,640.2093830881784
8807.47835648774,3555.0,532.1412612547911
8859.439880714806,3555.0,433.3788230304223
8911.401404941873,3555.0,342.59644677455816
8963.36292916894,3555.0,257.11008617874427
9015.324453396006,3555.0,197.33137086526168
9067.285977623073,3555.0,106.73459014681994
9119.247501850137,3555.0,117.13411744816477
9171.209026077204,3555.0,-262.55431762971347
9223.17055030427,3555.0,-259.44835690015225
9275.132074531337,3555.0,-702.5576725837922
9327.093598758403,3555.0,-839.3018159718195
9379.05512298547,3555.0,-1025.8094271855707
9431.016647212537,3555.0,-1193.050418477892
9482.978171439603,3555.0,-1338.2438197652746
9534.939695666668,3555.0,-1461.4148947480794
9586.901219893734,3555.0,-1563.3700219791333
9638.862744120801,3555.0,-1644.111185706857
9690.824268347867,3555.0,-1705.8042379750352
9742.785792574934,3555.0,-1752.6594639084606
9794.747316802,3555.0,-1791.9121914592674
9846.708841029067,3555.0,-1823.2464566586027
9898.670365256134,3555.0,-1849.866159993492
9950.631889483198,3555.0,-1876.2835204132166
10002.593413710265,3555.0,-1905.898214272504
10054.554937937331,3555.0,-1938.6772694644792
10106.516462164398,3555.0,-1977.4893828436548
10158.477986391465,3555.0,-2021.507547901195
10210.439510618531,3555.0,-2070.601193557361
10262.401034845598,3555.0,-2122.0990758762864
10314.362559072662,3555.0,-2172.3272045773538
10366.324083299729,3555.0,-2877.911261281594
0.0,3600.0,-4174.788669227591
51.96152422706631,3600.0,-4865.394696927553
103.92304845413263,3600.0,-4858.6666584413615
155.88457268119893,3600.0,-4850.624566112958
207.84609690826525,3600.0,-4844.800226079282
259.80762113533154,3600.0,-4844.021676423537
311.76914536239786,3600.0,-4849.745567823273
363.7306695894642,3600.0,-4862.738995606243
415.6921938165305,3600.0,-4888.3175199075085
467.6537180435968,3600.0,-4933.946350177654
519.6152422706631,3600.0,-5013.8420910950335
571.5767664977294,3600.0,-5162.764069930325
623.5382907247957,3600.0,-5531.755108128764
675.499814951862,3600.0,-6429.948754680096
727.4613391789284,3600.0,-6613.45335455356
779.4228634059947,3600.0,-2916.563867978776
831.384387633061,3600.0,3942.1436160544795
883.3459118601273,3600.0,4211.182968453499
935.3074360871937,3600.0,4195.571169389794
987.26896031426,3600.0,3997.156692882536
1039.2304845413262,3600.0,3204.6419339139284
1091.1920087683925,3600.0,2693.5716578174197
1143.1535329954588,3600.0,1935.4757322463488
1195.1150572225251,3600.0,2010.6377214265644
1247.0765814495915,3600.0,2226.7483754685945
1299.0381056766578,3600.0,2019.890740832423
1350.999629903724,3600.0,1646.5604208173638
1402.9611541307904,3600.0,1411.6908043858907
1454.9226783578567,3600.0,1279.5059092547203
1506.884202584923,3600.0,1197.4016478794733
1558.8457268119894,3600.0,1140.106653733796
1610.8072510390557,3600.0,1104.7558627288988
1662.768775266122,3600.0,1098.2974335917079
1714.7302994931883,3600.0,1160.7950547555442
1766.6918237202547,3600.0,1228.7841144351755
1818.653347947321,3600.0,1186.7498658302088
1870.6148721743873,3600.0,1104.132549311646
1922.5763964014536,3600.0,1071.7708867549436
1974.53792062852,3600.0,1054.4227227334277
2026.4994448555863,3600.0,1044.0014338050523
2078.4609690826524,3600.0,1037.9293280801642
2130.422493309719,3600.0,1032.599406754021
2182.384017536785,3600.0,1026.489998070872
2234.3455417638515,3600.0,1022.8546174910949
2286.3070659909176,3600.0,1017.5122757325935
2338.268590217984,3600.0,1010.784093149598
2390.2301144450503,3600.0,1003.2297437301195
2442.191638672117,3600.0,997.1217251630999
2494.153162899183,3600.0,991.7615761451058
2546.1146871262495,3600.0,989.4828202921262
2598.0762113533156,3600.0,993.0195786533241
2650.037735580382,3600.0,1014.103666170547
2701.999259807448,3600.0,1124.6011299517531
2753.9607840345147,3600.0,1378.7133186827207
2805.922308261581,3600.0,429.43116991629597
2857.8838324886474,3600.0,374.5242204183205
2909.8453567157135,3600.0,807.3374732630218
2961.80688094278,3600.0,814.4428878319809
3013.768405169846,3600.0,843.4388680644104
3065.7299293969127,3600.0,917.2877928709953
3117.6914536239788,3600.0,945.4633892813681
3169.6529778510453,3600.0,997.8424362823816
3221.6145020781114,3600.0,1034.489276100011
3273.576026305178,3600.0,477.5027014793533
3325.537550532244,3600.0,247.0448224135745
3377.49907475931,3600.0,201.7769510849742
3429.4605989863767,3600.0,165.2543846194709
3481.422123213443,3600.0,-3569.9546805813843
3533.3836474405093,3600.0,-2018.6607411990972
3585.3451716675754,3600.0,-2075.816523784193
3637.306695894642,3600.0,-1534.7172709863462
3689.268220121708,3600.0,-1495.806322673308
3741.2297443487746,3600.0,-1521.3696536897712
3793.1912685758407,3600.0,-1621.6721485750925
3845.1527928029072,3600.0,-6242.626865159909
3897.1143170299733,3600.0,-6249.7032556130525
3949.07584125704,3600.0,-6494.336953033375
4001.037365484106,3600.0,-4634.861134464306
4052.9988897111725,3600.0,-4380.367420862504
4104.960413938239,3600.0,-4210.4336909048825
4156.921938165305,3600.0,-4202.571233801422
4208.883462392371,3600.0,-4257.076219614314
4260.844986619438,3600.0,-4346.988116580349
4312.806510846504,3600.0,-4450.556203072523
4364.76803507357,3600.0,-4539.689899703193
4416.7295593006365,3600.0,-4606.0884279468155
4468.691083527703,3600.0,-4660.243128528316
4520.65260775477,3600.0,-4713.140846738068
4572.614131981835,3600.0,-4775.230132739732
4624.575656208902,3600.0,-4849.518418434382
4676.537180435968,3600.0,-4935.96915247391
4728.498704663035,3600.0,-5037.8336333197185
4780.460228890101,3600.0,-5153.940819729842
4832.421753117167,3600.0,-5291.874771364444
4884.383277344234,3600.0,-5467.397180128904
4936.3448015713,3600.0,-5699.318956584033
4988.306325798366,3600.0,-6037.494451388731
5040.267850025432,3600.0,-6450.219456718472
5092.229374252499,3600.0,-6059.720926397969
5144.190898479565,3600.0,-2372.8034492629504
5196.152422706631,3600.0,-2415.788658842061
5248.113946933698,3600.0,-3965.819276682674
5300.075471160764,3600.0,-3945.0652955278347
5352.03699538783,3600.0,-3630.863850263445
5403.998519614896,3600.0,-3526.1913200988656
5455.960043841963,3600.0,-3453.1306469800465
5507.9215680690295,3600.0,-3442.2745956774716
5559.883092296095,3600.0,-3457.2342523704747
5611.844616523162,3600.0,-3485.0070851744613
5663.806140750228,3600.0,-3515.6903478507056
5715.767664977295,3600.0,-3542.825870759383
5767.72918920436,3600.0,-3554.428482587962
5819.690713431427,3600.0,-3547.6595075032074
5871.6522376584935,3600.0,-3185.180026465702
5923.61376188556,3600.0,-3680.441543005143
5975.575286112626,3600.0,-3701.0733518589996
6027.536810339692,3600.0,-3645.8741399956416
6079.498334566759,3600.0,-3544.0558901310596
6131.459858793825,3600.0,-3262.7576524095
6183.421383020891,3600.0,-3210.920394302564
6235.3829072479575,3600.0,-3157.096899089902
6287.344431475024,3600.0,-3093.6263323379867
6339.305955702091,3600.0,-3075.979913533617
6391.267479929156,3600.0,-3064.099249435582
6443.229004156223,3600.0,-3011.9391476089845
6495.190528383289,3600.0,-2972.758891096403
6547.152052610356,3600.0,-2930.891289018594
6599.1135768374215,3600.0,-2918.780235272943
6651.075101064488,3600.0,-3001.308758591539
6703.036625291555,3600.0,-3248.756451934586
6754.99814951862,3600.0,-3199.305125559581
6806.959673745687,3600.0,-1360.461270635653
6858.921197972753,3600.0,-1260.3078574095239
6910.88272219982,3600.0,-1151.928784579577
6962.844246426886,3600.0,-6266.800166975129
7014.805770653952,3600.0,-6273.700618615139
7066.767294881019,3600.0,-4979.804678394814
7118.728819108085,3600.0,-4187.219293292652
7170.690343335151,3600.0,-3747.494928872775
7222.651867562217,3600.0,-3450.4191763456593
7274.613391789284,3600.0,-3242.786599584073
7326.5749160163505,3600.0,-3101.2184484042305
7378.536440243416,3600.0,-3015.043743703076
7430.497964470483,3600.0,-2973.1680143189233
7482.459488697549,3600.0,-2971.365692751295
7534.421012924616,3600.0,-3007.0953496323186
7586.382537151681,3600.0,-3078.098716726503
7638.344061378748,3600.0,-3180.0732236632393
7690.3055856058145,3600.0,-3309.945305572024
7742.267109832881,3600.0,-3468.2506307069025
7794.228634059947,3600.0,-3660.014300072362
7846.190158287013,3600.0,-3895.1181855837212
7898.15168251408,3600.0,-4208.722508835215
7950.113206741146,3600.0,-4837.48866957025
8002.074730968212,3600.0,-6136.648938185819
8054.0362551952785,3600.0,-2563.9519163014966
8105.997779422345,3600.0,-2252.019275584116
8157.959303649412,3600.0,2752.721275620055
8209.920827876478,3600.0,2427.3493454272866
8261.882352103545,3600.0,2369.265720452707
8313.84387633061,3600.0,2218.1571910424
8365.805400557676,3600.0,2022.7435808138084
8417.766924784743,3600.0,1813.585169714313
8469.728449011809,3600.0,1603.005160612696
8521.689973238876,3600.0,1401.9537104385317
8573.651497465942,3600.0,1216.4096771652826
8625.613021693009,3600.0,1048.2041740246145
8677.574545920073,3600.0,897.346957653959
8729.53607014714,3600.0,761.8864703732224
8781.497594374207,3600.0,641.3365169462361
8833.459118601273,3600.0,532.5373500082169
8885.42064282834,3600.0,433.4764933714676
8937.382167055406,3600.0,341.6922360030118
8989.343691282473,3600.0,257.09991403091806
9041.30521550954,3600.0,193.84222472880356
9093.266739736604,3600.0,68.6608376491332
9145.22826396367,3600.0,104.22389068332251
9197.189788190737,3600.0,-314.25720149520254
9249.151312417804,3600.0,-354.49614360935925
9301.11283664487,3600.0,-662.2480408514393
9353.074360871937,3600.0,-751.0847260553483
9405.035885099003,3600.0,-894.3975824184118
9456.99740932607,3600.0,-1061.1269503565904
9508.958933553135,3600.0,-1205.2804644824364
9560.920457780201,3600.0,-1327.157947195459
9612.881982007268,3600.0,-1422.3285962179827
9664.843506234334,3600.0,-1494.196922236341
9716.8050304614,3600.0,-1549.097841264952
9768.766554688467,3600.0,-1591.6993373003768
9820.728078915534,3600.0,-1622.109040270087
9872.6896031426,3600.0,-1648.9642307500992
9924.651127369665,3600.0,-1675.5506900057462
9976.612651596732,3600.0,-1703.8773671043846
10028.574175823798,3600.0,-1737.6913344347613
10080.535700050865,3600.0,-1780.5411661463904
10132.497224277931,3600.0,-1833.040217358574
10184.458748504998,3600.0,-1897.6625813182109
10236.420272732064,3600.0,-1969.9618299935942
10288.38179695913,3600.0,-2043.0927986483107
10340.343321186196,3600.0,-2341.3452646547257
25.980762113533157,3645.0,-4671.615111820549
77.94228634059947,3645.0,-4898.596870195376
129.90381056766577,3645.0,-4883.652368299853
181.8653347947321,3645.0,-4867.229511740206
233.8268590217984,3645.0,-4855.454577117024
285.7883832488647,3645.0,-4854.420597828902
337.749907475931,3645.0,-4860.3505170123935
389.71143170299734,3645.0,-4876.148182273266
441.67295593006367,3645.0,-4912.816965401578
493.63448015713,3645.0,-4982.666070622255
545.5960043841962,3645.0,-5122.723467384287
597.5575286112626,3645.0,-5541.66632534581
649.5190528383289,3645.0,-6541.458104155758
701.4805770653952,3645.0,-6549.890243827689
753.4421012924615,3645.0,-3040.923281744668
805.4036255195278,3645.0,3378.789171178484
857.3651497465942,3645.0,4209.0881322767955
909.3266739736605,3645.0,4222.609260236112
961.2881982007268,3645.0,4062.2097841563623
1013.2497224277931,3645.0,4005.2559310631705
1065.2112466548592,3645.0,2989.6649874644986
1117.1727708819255,3645.0,1792.7434876094198
1169.1342951089919,3645.0,1622.561856023478
1221.0958193360582,3645.0,1638.129228700148
1273.0573435631245,3645.0,1552.5106289663822
1325.0188677901908,3645.0,1418.6893449209274
1376.9803920172571,3645.0,1294.7323089888257
1428.9419162443235,3645.0,1218.7686943336375
1480.9034404713898,3645.0,1165.924496053613
1532.864964698456,3645.0,1116.0277098320153
1584.8264889255224,3645.0,1079.5288833309705
1636.7880131525887,3645.0,1067.1316347757233
1688.749537379655,3645.0,1111.2896160963883
1740.7110616067214,3645.0,1382.0202558978235
1792.6725858337877,3645.0,1462.8780100972763
1844.634110060854,3645.0,1217.1439591932267
1896.5956342879203,3645.0,1093.5061510976607
1948.5571585149867,3645.0,1061.49433895654
2000.518682742053,3645.0,1044.1248346453099
2052.4802069691195,3645.0,1034.906701575209
2104.4417311961856,3645.0,1029.144144980166
2156.403255423252,3645.0,1024.699235675908
2208.3647796503183,3645.0,1020.6967765828092
2260.326303877385,3645.0,1017.5990236428079
2312.287828104451,3645.0,1012.0159532763313
2364.2493523315175,3645.0,1004.0010006652794
2416.2108765585835,3645.0,997.4617220454609
2468.17240078565,3645.0,992.2477579727803
2520.133925012716,3645.0,992.2931770998565
2572.0954492397827,3645.0,999.3641337816175
2624.056973466849,3645.0,1018.8085323721607
2676.0184976939154,3645.0,1140.0083676543327
2727.9800219209815,3645.0,1398.05333602187
2779.941546148048,3645.0,302.6372180409945
2831.903070375114,3645.0,806.1447441590185
2883.8645946021807,3645.0,844.6518761234346
2935.8261188292468,3645.0,884.8050135094982
2987.7876430563133,3645.0,906.5971012487073
3039.7491672833794,3645.0,908.4080184285856
3091.710691510446,3645.0,452.10480977019984
3143.672215737512,3645.0,420.3518148296571
3195.6337399645786,3645.0,462.79259043883883
3247.5952641916447,3645.0,495.01588410139505
3299.556788418711,3645.0,292.7556938759672
3351.5183126457773,3645.0,255.28027049890176
3403.4798368728434,3645.0,130.2897783419935
3455.44136109991,3645.0,102.57299907028238
3507.402885326976,3645.0,-3456.4597784370417
3559.3644095540426,3645.0,-3434.9710467255736
3611.3259337811087,3645.0,-3628.201061299832
3663.2874580081752,3645.0,-1729.202522919922
3715.2489822352413,3645.0,-1441.2948820296324
3767.210506462308,3645.0,-1489.846031043045
3819.172030689374,3645.0,-1714.8083875746347
3871.1335549164405,3645.0,-1744.009172086497
3923.0950791435066,3645.0,-1717.5608972706136
3975.056603370573,3645.0,-4248.019850059838
4027.0181275976392,3645.0,-4390.697439798696
4078.979651824706,3645.0,-4369.2507731212745
4130.941176051772,3645.0,-4273.694711544233
4182.902700278838,3645.0,-4209.35762880364
4234.8642245059045,3645.0,-4283.394126674941
4286.825748732971,3645.0,-4427.449531122549
4338.787272960038,3645.0,-4580.684190010456
4390.748797187103,3645.0,-4682.505563032877
4442.71032141417,3645.0,-4736.317057268777
4494.671845641236,3645.0,-4784.439397721231
4546.633369868303,3645.0,-4847.850462984481
4598.5948940953685,3645.0,-4926.2926948946915
4650.556418322435,3645.0,-5021.73283725672
4702.517942549502,3645.0,-5132.416057034745
4754.479466776568,3645.0,-5256.335851164027
4806.440991003634,3645.0,-5391.889684648917
4858.4025152307,3645.0,-5548.239028439295
4910.364039457767,3645.0,-5752.160569375676
4962.3255636848335,3645.0,-6062.751650695876
5014.287087911899,3645.0,-6665.167803971297
5066.248612138966,3645.0,-6649.847121930188
5118.210136366032,3645.0,-2489.8761356227615
5170.171660593098,3645.0,-2568.7585600523626
5222.133184820164,3645.0,-3881.955460071871
5274.094709047231,3645.0,-3991.2696800877293
5326.0562332742975,3645.0,-3621.780253053221
5378.017757501363,3645.0,-3462.402800251105
5429.97928172843,3645.0,-3434.701495746824
5481.940805955496,3645.0,-3433.0023263003463
5533.902330182563,3645.0,-3447.826111838903
5585.863854409628,3645.0,-3473.7835714958346
5637.825378636695,3645.0,-3503.079524439714
5689.7869028637615,3645.0,-3531.491608399617
5741.748427090828,3645.0,-3555.148791401303
5793.709951317894,3645.0,-3567.980806692446
5845.67147554496,3645.0,-3579.7058933214494
5897.632999772027,3645.0,-3623.469107817973
5949.594523999093,3645.0,-3658.761087673747
6001.556048226159,3645.0,-3678.769285644846
6053.5175724532255,3645.0,-3678.3227619498825
6105.479096680292,3645.0,-3636.095084632384
6157.440620907359,3645.0,-3590.173365185581
6209.402145134424,3645.0,-3543.373828694397
6261.363669361491,3645.0,-3260.4360049479997
6313.325193588557,3645.0,-3208.3799293856723
6365.286717815624,3645.0,-3153.7335971305574
6417.2482420426895,3645.0,-3089.4164373086414
6469.209766269756,3645.0,-3044.1909157534074
6521.171290496823,3645.0,-2454.1288745727707
6573.132814723889,3645.0,-2452.5581582558752
6625.094338950955,3645.0,-2411.602662874042
6677.055863178021,3645.0,-2370.4975499646807
6729.017387405088,3645.0,-3212.7819029455222
6780.9789116321535,3645.0,-3142.6600208872874
6832.94043585922,3645.0,-1302.005169503611
6884.901960086287,3645.0,-1231.8173828151312
6936.863484313353,3645.0,-6357.715328195476
6988.825008540419,3645.0,-6373.359445956414
7040.786532767485,3645.0,-6315.99906898279
7092.748056994552,3645.0,-4551.579486079119
7144.7095812216185,3645.0,-3957.148108788585
7196.671105448684,3645.0,-3657.322954032154
7248.632629675751,3645.0,-3443.792789540496
7300.594153902817,3645.0,-3291.836333647977
7352.555678129884,3645.0,-3190.389396475396
7404.517202356949,3645.0,-3135.023456042424
7456.478726584016,3645.0,-3117.9421832070084
7508.4402508110825,3645.0,-3136.849598375222
7560.401775038149,3645.0,-3191.3147091021224
7612.363299265215,3645.0,-3277.1242094456484
7664.324823492281,3645.0,-3393.4028026825963
7716.286347719348,3645.0,-3535.790130118353
7768.247871946414,3645.0,-3707.7021360970375
7820.20939617348,3645.0,-3924.9678422307047
7872.1709204005465,3645.0,-4237.601610396057
7924.132444627613,3645.0,-4974.994901500039
7976.09396885468,3645.0,-6621.143901932775
8028.055493081745,3645.0,-2706.540347894608
8080.017017308812,3645.0,-2600.0377110346726
8131.978541535878,3645.0,2962.3068031094044
8183.940065762945,3645.0,2849.023039889149
8235.901589990011,3645.0,2493.9420507169234
8287.863114217078,3645.0,2332.003325382664
8339.824638444143,3645.0,2140.3206042302927
8391.78616267121,3645.0,1940.2589881999527
8443.747686898276,3645.0,1739.043912265531
8495.709211125342,3645.0,1542.5666676382848
8547.670735352409,3645.0,1356.06246395573
8599.632259579475,3645.0,1184.0171263820262
8651.593783806542,3645.0,1027.6456382027395
8703.555308033607,3645.0,884.8753728315255
8755.516832260673,3645.0,754.871019521529
8807.47835648774,3645.0,636.0825572756654
8859.439880714806,3645.0,528.5178575393933
8911.401404941873,3645.0,430.29362687177945
8963.36292916894,3645.0,339.94910716308783
9015.324453396006,3645.0,255.75627364628053
9067.285977623073,3645.0,197.23944736546872
9119.247501850137,3645.0,109.379532152552
9171.209026077204,3645.0,76.0111904245722
9223.17055030427,3645.0,-326.4757263315048
9275.132074531337,3645.0,-308.50076900472754
9327.093598758403,3645.0,-276.651923517858
9379.05512298547,3645.0,-662.2267948049655
9431.016647212537,3645.0,-794.1066001040031
9482.978171439603,3645.0,-959.0919871468946
9534.939695666668,3645.0,-1097.0918289614401
9586.901219893734,3645.0,-1207.97396997051
9638.862744120801,3645.0,-1292.2210412078307
9690.824268347867,3645.0,-1353.4076627351224
9742.785792574934,3645.0,-1397.8296678736024
9794.747316802,3645.0,-1430.3021712641687
9846.708841029067,3645.0,-1454.2317672141166
9898.670365256134,3645.0,-1475.9165455762895
9950.631889483198,3645.0,-1503.0790754789184
10002.593413710265,3645.0,-1535.2249443854557
10054.554937937331,3645.0,-1578.6517746212844
10106.516462164398,3645.0,-1638.555335857885
10158.477986391465,3645.0,-1717.175339673172
10210.439510618531,3645.0,-1816.0997513384657
10262.401034845598,3645.0,-1923.8664097075862
10314.362559072662,3645.0,-2027.4720270575842
10366.324083299729,3645.0,-2811.3572052149584
0.0,3690.0,-4262.55434632668
51.96152422706631,3690.0,-4968.302604332821
103.92304845413263,3690.0,-4942.167544155622
155.88457268119893,3690.0,-4910.856212724568
207.84609690826525,3690.0,-4885.882830808322
259.80762113533154,3690.0,-4872.462883595491
311.76914536239786,3690.0,-4866.342642356328
363.7306695894642,3690.0,-4872.022045144671
415.6921938165305,3690.0,-4897.892972894229
467.6537180435968,3690.0,-4953.995516940234
519.6152422706631,3690.0,-5074.777987929134
571.5767664977294,3690.0,-5494.29482736602
623.5382907247957,3690.0,-6643.179228479164
675.499814951862,3690.0,-2900.650456497815
727.4613391789284,3690.0,-3080.5749034814653
779.4228634059947,3690.0,3438.640889390287
831.384387633061,3690.0,3251.458718706658
883.3459118601273,3690.0,4184.357439645178
935.3074360871937,3690.0,4271.48758390604
987.26896031426,3690.0,4037.6642613897984
1039.2304845413262,3690.0,4033.2412084040884
1091.1920087683925,3690.0,1669.78175800002
1143.1535329954588,3690.0,1388.267187730146
1195.1150572225251,3690.0,1507.1775293914498
1247.0765814495915,3690.0,1509.9854879925456
1299.0381056766578,3690.0,1450.7454028952602
1350.999629903724,3690.0,1376.1116428897035
1402.9611541307904,3690.0,1306.8260085278469
1454.9226783578567,3690.0,1249.0359946827834
1506.884202584923,3690.0,1197.6354939338603
1558.8457268119894,3690.0,1152.9865443384763
1610.8072510390557,3690.0,1119.9257709251774
1662.768775266122,3690.0,1087.8745737551817
1714.7302994931883,3690.0,996.1597101525874
1766.6918237202547,3690.0,235.79295935363325
1818.653347947321,3690.0,1485.6283029963283
1870.6148721743873,3690.0,1254.1918516639348
1922.5763964014536,3690.0,1128.9344159119914
1974.53792062852,3690.0,1068.5682184981383
2026.4994448555863,3690.0,1051.4640011419074
2078.4609690826524,3690.0,1040.7021835205032
2130.422493309719,3690.0,1034.3310176302448
2182.384017536785,3690.0,1029.7887561839493
2234.3455417638515,3690.0,1026.0611595752275
2286.3070659909176,3690.0,1019.0062755445376
2338.268590217984,3690.0,1010.5952465794956
2390.2301144450503,3690.0,1004.7014961797368
2442.191638672117,3690.0,1000.2636251792976
2494.153162899183,3690.0,1000.3326313246237
2546.1146871262495,3690.0,1013.393165292872
2598.0762113533156,3690.0,1084.4833642056822
2650.037735580382,3690.0,1194.5772626470302
2701.999259807448,3690.0,1487.3557295316982
2753.9607840345147,3690.0,158.23691208016194
2805.922308261581,3690.0,841.3974455574992
2857.8838324886474,3690.0,925.0710585133234
2909.8453567157135,3690.0,921.1202723602628
2961.80688094278,3690.0,271.1806908203342
3013.768405169846,3690.0,299.01672897042226
3065.7299293969127,3690.0,419.4126979778897
3117.6914536239788,3690.0,1706.3342726759274
3169.6529778510453,3690.0,1673.74912446596
3221.6145020781114,3690.0,1626.9929236475296
3273.576026305178,3690.0,1569.1507325731056
3325.537550532244,3690.0,324.3606094111874
3377.49907475931,3690.0,252.39078945725146
3429.4605989863767,3690.0,110.22846066539802
3481.422123213443,3690.0,84.81326772164687
3533.3836474405093,3690.0,-3285.371221566278
3585.3451716675754,3690.0,-3507.421041956268
3637.306695894642,3690.0,-3755.8016381426582
3689.268220121708,3690.0,-3609.21479239805
3741.2297443487746,3690.0,-3600.880090080558
3793.1912685758407,3690.0,-1667.6749662590664
3845.1527928029072,3690.0,-1684.3280427057955
3897.1143170299733,3690.0,-1856.8200494867351
3949.07584125704,3690.0,-3048.2509381353157
4001.037365484106,3690.0,-3300.5111519168013
4052.9988897111725,3690.0,-4093.0885540143763
4104.960413938239,3690.0,-4301.156335774851
4156.921938165305,3690.0,-4388.550609981876
4208.883462392371,3690.0,-4372.441460961178
4260.844986619438,3690.0,-4388.3566316928045
4312.806510846504,3690.0,-4630.384921272427
4364.76803507357,3690.0,-4815.59137453129
4416.7295593006365,3690.0,-4829.339033689619
4468.691083527703,3690.0,-4834.365491479926
4520.65260775477,3690.0,-4893.620552841653
4572.614131981835,3690.0,-4979.1041650379775
4624.575656208902,3690.0,-5083.936001114265
4676.537180435968,3690.0,-5210.0331800767635
4728.498704663035,3690.0,-5354.226762840405
4780.460228890101,3690.0,-5498.706070075692
4832.421753117167,3690.0,-5636.666460611665
4884.383277344234,3690.0,-5788.829327430402
4936.3448015713,3690.0,-5972.842471171096
4988.306325798366,3690.0,-6379.397778308393
5040.267850025432,3690.0,-6713.423716483614
5092.229374252499,3690.0,-2156.132211130147
5144.190898479565,3690.0,-2352.0136850781496
5196.152422706631,3690.0,-3941.907080264695
5248.113946933698,3690.0,-3833.8077810324435
5300.075471160764,3690.0,-3590.3089371805595
5352.03699538783,3690.0,-3451.462707120181
5403.998519614896,3690.0,-3424.9175573554603
5455.960043841963,3690.0,-3428.659113468556
5507.9215680690295,3690.0,-3445.098609089234
5559.883092296095,3690.0,-3469.195129249936
5611.844616523162,3690.0,-3495.8463043113147
5663.806140750228,3690.0,-3522.3025137107998
5715.767664977295,3690.0,-3547.609421339973
5767.72918920436,3690.0,-3569.9362608851725
5819.690713431427,3690.0,-3588.9017237376097
5871.6522376584935,3690.0,-3611.358958065519
5923.61376188556,3690.0,-3639.703582782772
5975.575286112626,3690.0,-3654.4899674168537
6027.536810339692,3690.0,-3652.6788975109407
6079.498334566759,3690.0,-3677.0467975258116
6131.459858793825,3690.0,-3684.338954929628
6183.421383020891,3690.0,-3687.880098930359
6235.3829072479575,3690.0,-3643.7262593401
6287.344431475024,3690.0,-3598.4294118261996
6339.305955702091,3690.0,-3549.2976648155277
6391.267479929156,3690.0,-3295.1148136954166
6443.229004156223,3690.0,-3220.00081194223
6495.190528383289,3690.0,-3527.3325769858866
6547.152052610356,3690.0,-3592.7358256425496
6599.1135768374215,3690.0,-3629.6329028886166
6651.075101064488,3690.0,-3539.2580841147746
6703.036625291555,3690.0,-3463.1174782573144
6754.99814951862,3690.0,-3456.2558337541473
6806.959673745687,3690.0,-3428.19051999027
6858.921197972753,3690.0,-3389.302897733398
6910.88272219982,3690.0,-2798.851687108659
6962.844246426886,3690.0,-3019.6384236679605
7014.805770653952,3690.0,-3755.430802473189
7066.767294881019,3690.0,-3901.420094714782
7118.728819108085,3690.0,-3961.9312987938583
7170.690343335151,3690.0,-3770.1050170417875
7222.651867562217,3690.0,-3588.2299672629324
7274.613391789284,3690.0,-3444.444667512167
7326.5749160163505,3690.0,-3340.881079176731
7378.536440243416,3690.0,-3277.0047556580266
7430.497964470483,3690.0,-3248.919607231801
7482.459488697549,3690.0,-3254.9562200372056
7534.421012924616,3690.0,-3295.2379090803515
7586.382537151681,3690.0,-3366.8763988167534
7638.344061378748,3690.0,-3469.2962060121417
7690.3055856058145,3690.0,-3597.005749885925
7742.267109832881,3690.0,-3752.1595883559457
7794.228634059947,3690.0,-3945.062721258675
7846.190158287013,3690.0,-4209.005063532932
7898.15168251408,3690.0,-4801.283956424622
7950.113206741146,3690.0,-6440.72783507733
8002.074730968212,3690.0,-2464.9068351772303
8054.0362551952785,3690.0,2980.5163753526263
8105.997779422345,3690.0,3029.33427849479
8157.959303649412,3690.0,2752.5294092362365
8209.920827876478,3690.0,2584.2448024265163
8261.882352103545,3690.0,2435.3716246083522
8313.84387633061,3690.0,2242.468359317262
8365.805400557676,3690.0,2048.9644482929643
8417.766924784743,3690.0,1856.2215016211262
8469.728449011809,3690.0,1665.2071998579459
8521.689973238876,3690.0,1481.6650671441876
8573.651497465942,3690.0,1309.8321772307281
8625.613021693009,3690.0,1150.4292240617006
8677.574545920073,3690.0,1002.2555670532122
8729.53607014714,3690.0,865.3194946075961
8781.497594374207,3690.0,738.949996649633
8833.459118601273,3690.0,624.3751456927407
8885.42064282834,3690.0,520.493188986107
8937.382167055406,3690.0,424.3280502929925
8989.343691282473,3690.0,337.5155655620597
9041.30521550954,3690.0,259.41692374541003
9093.266739736604,3690.0,209.54965025925202
9145.22826396367,3690.0,146.704395975811
9197.189788190737,3690.0,68.37403973161769
9249.151312417804,3690.0,-275.2388435177246
9301.11283664487,3690.0,-276.9463945609158
9353.074360871937,3690.0,-280.3216924628234
9405.035885099003,3690.0,-600.290451466273
9456.99740932607,3690.0,-729.5353987317214
9508.958933553135,3690.0,-886.6241937958082
9560.920457780201,3690.0,-1011.0266431650323
9612.881982007268,3690.0,-1105.2539699801705
9664.843506234334,3690.0,-1173.0900817319095
9716.8050304614,3690.0,-1218.6364968497505
9768.766554688467,3690.0,-1249.9532836481483
9820.728078915534,3690.0,-1272.6727178136116
9872.6896031426,3690.0,-1290.1807667767057
9924.651127369665,3690.0,-1311.29363939138
9976.612651596732,3690.0,-1338.2469732461554
10028.574175823798,3690.0,-1376.0557633553467
10080.535700050865,3690.0,-1434.1939740959092
10132.497224277931,3690.0,-1522.9940809487223
10184.458748504998,3690.0,-1647.46494770335
10236.420272732064,3690.0,-1804.9069863783184
10288.38179695913,3690.0,-1972.3910498789032
10340.343321186196,3690.0,-2345.429765322925
25.980762113533157,3735.0,-4854.412653619094
77.94228634059947,3735.0,-5046.037304496301
129.90381056766577,3735.0,-4990.019960279421
181.8653347947321,3735.0,-4941.658349841173
233.8268590217984,3735.0,-4906.197905857595
285.7883832488647,3735.0,-4887.403755888808
337.749907475931,3735.0,-4881.284664050356
389.71143170299734,3735.0,-4893.982140833066
441.67295593006367,3735.0,-4937.23244929505
493.63448015713,3735.0,-5041.094808034967
545.5960043841962,3735.0,-5415.052428932468
597.5575286112626,3735.0,-6564.121869823522
649.5190528383289,3735.0,-2989.6789010944112
701.4805770653952,3735.0,3155.703237798032
753.4421012924615,3735.0,3076.6875567336197
805.4036255195278,3735.0,3307.5231015788277
857.3651497465942,3735.0,3611.621803321723
909.3266739736605,3735.0,4093.8156788284923
961.2881982007268,3735.0,4260.85745748047
1013.2497224277931,3735.0,4286.062399147394
1065.2112466548592,3735.0,940.9934090599761
1117.1727708819255,3735.0,877.0984048973547
1169.1342951089919,3735.0,1328.6266732279084
1221.0958193360582,3735.0,1426.8277956411089
1273.0573435631245,3735.0,1419.4208273251515
1325.0188677901908,3735.0,1378.8316618676665
1376.9803920172571,3735.0,1329.2811750186268
1428.9419162443235,3735.0,1279.4804738297812
1480.9034404713898,3735.0,1232.4281506636094
1532.864964698456,3735.0,1189.3663654884867
1584.8264889255224,3735.0,1149.9263977305397
1636.7880131525887,3735.0,1104.91499871548
1688.749537379655,3735.0,1021.2532531716004
1740.7110616067214,3735.0,794.7251316254828
1792.6725858337877,3735.0,155.5780172587678
1844.634110060854,3735.0,1594.2393675865178
1896.5956342879203,3735.0,1415.2012709365197
1948.5571585149867,3735.0,1216.9119307169935
2000.518682742053,3735.0,1131.9365782019174
2052.4802069691195,3735.0,1069.9179685574009
2104.4417311961856,3735.0,1055.449804094485
2156.403255423252,3735.0,1043.3062436635373
2208.3647796503183,3735.0,1034.5672052205337
2260.326303877385,3735.0,1026.8594185096194
2312.287828104451,3735.0,1017.8997943354079
2364.2493523315175,3735.0,1010.8360323097695
2416.2108765585835,3735.0,1009.486513577008
2468.17240078565,3735.0,1014.2109153470233
2520.133925012716,3735.0,1026.8587416828457
2572.0954492397827,3735.0,1129.718010371992
2624.056973466849,3735.0,1392.4953940330004
2676.0184976939154,3735.0,1465.3449146802707
2727.9800219209815,3735.0,154.05552168137774
2779.941546148048,3735.0,762.3429399225612
2831.903070375114,3735.0,886.1445067928142
2883.8645946021807,3735.0,515.4900772397823
2935.8261188292468,3735.0,423.02624472729843
2987.7876430563133,3735.0,1753.129543847267
3039.7491672833794,3735.0,1653.5086109087024
3091.710691510446,3735.0,1699.8849662764394
3143.672215737512,3735.0,1384.7197589993252
3195.6337399645786,3735.0,1254.1749778027008
3247.5952641916447,3735.0,1143.717059178809
3299.556788418711,3735.0,1016.5412411690996
3351.5183126457773,3735.0,356.32628464675076
3403.4798368728434,3735.0,294.2885780903929
3455.44136109991,3735.0,119.31626037023406
3507.402885326976,3735.0,151.24314571863889
3559.3644095540426,3735.0,-2424.3928992876013
3611.3259337811087,3735.0,-3386.8781241213887
3663.2874580081752,3735.0,-3507.0436472489355
3715.2489822352413,3735.0,-3420.0014681943776
3767.210506462308,3735.0,-3607.8809243348624
3819.172030689374,3735.0,-3667.0979776627305
3871.1335549164405,3735.0,-3639.340101846946
3923.0950791435066,3735.0,-2941.097030532914
3975.056603370573,3735.0,-2997.976218785918
4027.0181275976392,3735.0,-3156.645428938735
4078.979651824706,3735.0,-3398.320254475861
4130.941176051772,3735.0,-4142.980222082042
4182.902700278838,3735.0,-4436.5871581902375
4234.8642245059045,3735.0,-4664.6865589089575
4286.825748732971,3735.0,-4765.168039262041
4338.787272960038,3735.0,-5370.865456733646
4390.748797187103,3735.0,-5161.496714078913
4442.71032141417,3735.0,-4867.980305973984
4494.671845641236,3735.0,-4895.479266226567
4546.633369868303,3735.0,-4998.897824294767
4598.5948940953685,3735.0,-5119.4818888389145
4650.556418322435,3735.0,-5253.577711795933
4702.517942549502,3735.0,-5436.6022917386545
4754.479466776568,3735.0,-5633.288783044124
4806.440991003634,3735.0,-5780.803512651442
4858.4025152307,3735.0,-5883.916506541577
4910.364039457767,3735.0,-5973.8416576712725
4962.3255636848335,3735.0,-6120.813451951506
5014.287087911899,3735.0,-6318.801859904217
5066.248612138966,3735.0,-2047.1141695509596
5118.210136366032,3735.0,-1999.3494957508472
5170.171660593098,3735.0,-3953.581192788618
5222.133184820164,3735.0,-3811.041826484387
5274.094709047231,3735.0,-3544.543892197137
5326.0562332742975,3735.0,-3444.771210633171
5378.017757501363,3735.0,-3425.5417989094476
5429.97928172843,3735.0,-3430.155229337763
5481.940805955496,3735.0,-3446.6665418222665
5533.902330182563,3735.0,-3469.404737067667
5585.863854409628,3735.0,-3494.6380399690142
5637.825378636695,3735.0,-3519.882043536929
5689.7869028637615,3735.0,-3543.873151592813
5741.748427090828,3735.0,-3566.0989923240186
5793.709951317894,3735.0,-3586.198981268759
5845.67147554496,3735.0,-3606.327537482508
5897.632999772027,3735.0,-3625.6105770615045
5949.594523999093,3735.0,-3643.8292689409764
6001.556048226159,3735.0,-3654.212695725345
6053.5175724532255,3735.0,-3662.1456158460514
6105.479096680292,3735.0,-3668.389911063401
6157.440620907359,3735.0,-3670.3672935867844
6209.402145134424,3735.0,-3689.494996352461
6261.363669361491,3735.0,-3694.093379141642
6313.325193588557,3735.0,-3695.9178485182574
6365.286717815624,3735.0,-3648.1934479431065
6417.2482420426895,3735.0,-3622.51181067556
6469.209766269756,3735.0,-3309.678791208854
6521.171290496823,3735.0,-3297.512441048059
6573.132814723889,3735.0,-3352.213215754446
6625.094338950955,3735.0,-3361.734130997856
6677.055863178021,3735.0,-3277.2495978741285
6729.017387405088,3735.0,-3275.498665571813
6780.9789116321535,3735.0,-3341.239073018226
6832.94043585922,3735.0,-3409.1629541951625
6884.901960086287,3735.0,-3503.4507133349
6936.863484313353,3735.0,-2857.1342133501607
6988.825008540419,3735.0,-3586.6346433342096
7040.786532767485,3735.0,-3692.978797450288
7092.748056994552,3735.0,-3773.564368596333
7144.7095812216185,3735.0,-3723.8565626513637
7196.671105448684,3735.0,-3624.780624884924
7248.632629675751,3735.0,-3521.7481045844406
7300.594153902817,3735.0,-3436.3711614059957
7352.555678129884,3735.0,-3377.474051401157
7404.517202356949,3735.0,-3347.574524069687
7456.478726584016,3735.0,-3347.9659077708166
7508.4402508110825,3735.0,-3377.999719765775
7560.401775038149,3735.0,-3439.416868985515
7612.363299265215,3735.0,-3530.0160376777317
7664.324823492281,3735.0,-3649.888039107407
7716.286347719348,3735.0,-3796.118733381466
7768.247871946414,3735.0,-3973.1909331370016
7820.20939617348,3735.0,-4205.8822712470555
7872.1709204005465,3735.0,-4656.214343985905
7924.132444627613,3735.0,-5880.071579929187
7976.09396885468,3735.0,-2347.4669458578155
8028.055493081745,3735.0,2943.674795867908
8080.017017308812,3735.0,2990.6748241513596
8131.978541535878,3735.0,2852.093869130831
8183.940065762945,3735.0,2629.6922661852113
8235.901589990011,3735.0,2497.8540996222173
8287.863114217078,3735.0,2318.4098162694922
8339.824638444143,3735.0,2135.48754467674
8391.78616267121,3735.0,1953.2464483620934
8443.747686898276,3735.0,1771.7393917970749
8495.709211125342,3735.0,1592.182407026663
8547.670735352409,3735.0,1421.4160153724451
8599.632259579475,3735.0,1261.4048397345464
8651.593783806542,3735.0,1111.927656531499
8703.555308033607,3735.0,972.8423251095151
8755.516832260673,3735.0,842.3098498836971
8807.47835648774,3735.0,721.3336843946555
8859.439880714806,3735.0,610.9950774389958
8911.401404941873,3735.0,511.557120480923
8963.36292916894,3735.0,418.59707419837696
9015.324453396006,3735.0,334.8558599617634
9067.285977623073,3735.0,262.52908081409953
9119.247501850137,3735.0,214.0915308083433
9171.209026077204,3735.0,158.71043372769122
9223.17055030427,3735.0,83.08592596917234
9275.132074531337,3735.0,86.592109857126
9327.093598758403,3735.0,-295.54083395484685
9379.05512298547,3735.0,-265.4414985068078
9431.016647212537,3735.0,-566.7783051609485
9482.978171439603,3735.0,-692.1862258371764
9534.939695666668,3735.0,-832.6784235391715
9586.901219893734,3735.0,-935.9515513766112
9638.862744120801,3735.0,-1008.8213409786686
9690.824268347867,3735.0,-1056.435169440671
9742.785792574934,3735.0,-1085.7801051647807
9794.747316802,3735.0,-1102.2975369059357
9846.708841029067,3735.0,-1112.3615840573361
9898.670365256134,3735.0,-1123.2797567700609
9950.631889483198,3735.0,-1140.37292034303
10002.593413710265,3735.0,-1169.3725515502692
10054.554937937331,3735.0,-1219.8089998534697
10106.516462164398,3735.0,-1302.0898324623122
10158.477986391465,3735.0,-1437.677404374487
10210.439510618531,3735.0,-1649.2579439350584
10262.401034845598,3735.0,-1928.5729262261598
10314.362559072662,3735.0,-2185.0076378777285
10366.324083299729,3735.0,-3018.781829433322
0.0,3780.0,-4691.971465954656
51.96152422706631,3780.0,-5256.102677648399
103.92304845413263,3780.0,-5126.95950604923
155.88457268119893,3780.0,-5033.96858370446
207.84609690826525,3780.0,-4969.814758364459
259.80762113533154,3780.0,-4928.715961548916
311.76914536239786,3780.0,-4904.98339156873
363.7306695894642,3780.0,-4905.506386348617
415.6921938165305,3780.0,-4939.408418914796
467.6537180435968,3780.0,-5039.055796614592
519.6152422706631,3780.0,-5436.756582401216
571.5767664977294,3780.0,-6572.439778911592
623.5382907247957,3780.0,-3048.611097955154
675.499814951862,3780.0,3147.0617727536674
727.4613391789284,3780.0,3242.951974273583
779.4228634059947,3780.0,3088.0506068894283
831.384387633061,3780.0,3246.2734658891445
883.3459118601273,3780.0,3537.4656341000464
935.3074360871937,3780.0,4133.422658388025
987.26896031426,3780.0,4014.143069513699
1039.2304845413262,3780.0,4191.065563586789
1091.1920087683925,3780.0,901.7290180044274
1143.1535329954588,3780.0,1351.7900011223694
1195.1150572225251,3780.0,1393.3400291374373
1247.0765814495915,3780.0,1344.185732213141
1299.0381056766578,3780.0,1298.7151883610682
1350.999629903724,3780.0,1260.9994771909178
1402.9611541307904,3780.0,1229.253576404974
1454.9226783578567,3780.0,1200.277191067919
1506.884202584923,3780.0,1174.893571567282
1558.8457268119894,3780.0,1152.0228564491736
1610.8072510390557,3780.0,1121.732194683223
1662.768775266122,3780.0,1031.2048374253877
1714.7302994931883,3780.0,890.9665208394528
1766.6918237202547,3780.0,781.0490001338856
1818.653347947321,3780.0,108.21759126302817
1870.6148721743873,3780.0,197.44033726265394
1922.5763964014536,3780.0,1475.4463347771598
1974.53792062852,3780.0,1444.5323357766313
2026.4994448555863,3780.0,1235.6619857977166
2078.4609690826524,3780.0,1146.944222657436
2130.422493309719,3780.0,1084.6614753767167
2182.384017536785,3780.0,1060.6520661078666
2234.3455417638515,3780.0,1038.9229313748958
2286.3070659909176,3780.0,1024.592501648358
2338.268590217984,3780.0,1017.037461993933
2390.2301144450503,3780.0,1018.4993854027477
2442.191638672117,3780.0,1034.6793324217288
2494.153162899183,3780.0,1090.8341856084812
2546.1146871262495,3780.0,1174.5437960697864
2598.0762113533156,3780.0,1381.1003301588062
2650.037735580382,3780.0,213.33486043845892
2701.999259807448,3780.0,211.5772936667102
2753.9607840345147,3780.0,776.22197874321
2805.922308261581,3780.0,923.647393383819
2857.8838324886474,3780.0,420.04341869635977
2909.8453567157135,3780.0,1866.3969239283642
2961.80688094278,3780.0,1757.8485409595874
3013.768405169846,3780.0,1426.2028981637209
3065.7299293969127,3780.0,1348.632180992628
3117.6914536239788,3780.0,1268.8430986814953
3169.6529778510453,3780.0,1123.4854064585857
3221.6145020781114,3780.0,1008.6417404124068
3273.576026305178,3780.0,848.3733902941228
3325.537550532244,3780.0,430.898750274132
3377.49907475931,3780.0,347.19511636271886
3429.4605989863767,3780.0,163.30332941693376
3481.422123213443,3780.0,187.7227290777758
3533.3836474405093,3780.0,-1426.1685201278162
3585.3451716675754,3780.0,-2050.19276927997
3637.306695894642,3780.0,-2631.663899076003
3689.268220121708,3780.0,-2882.5189219609083
3741.2297443487746,3780.0,-3309.642824018472
3793.1912685758407,3780.0,-3510.775381975792
3845.1527928029072,3780.0,-3542.362864840291
3897.1143170299733,3780.0,-3556.04887905098
3949.07584125704,3780.0,-3537.759587751249
4001.037365484106,3780.0,-3118.608083863951
4052.9988897111725,3780.0,-3101.872255655192
4104.960413938239,3780.0,-3203.1641781380104
4156.921938165305,3780.0,-3446.916269002701
4208.883462392371,3780.0,-4381.670629196609
4260.844986619438,3780.0,-4763.696961486539
4312.806510846504,3780.0,-6798.692776444255
4364.76803507357,3780.0,-6550.247577816655
4416.7295593006365,3780.0,-5010.563720432414
4468.691083527703,3780.0,-4889.77282645058
4520.65260775477,3780.0,-5014.5546670523945
4572.614131981835,3780.0,-5170.448954943385
4624.575656208902,3780.0,-5240.210049739708
4676.537180435968,3780.0,-5423.141078970371
4728.498704663035,3780.0,-5790.582347344208
4780.460228890101,3780.0,-6071.294800865233
4832.421753117167,3780.0,-6139.731167008378
4884.383277344234,3780.0,-6120.6623221126465
4936.3448015713,3780.0,-6279.105496553637
4988.306325798366,3780.0,-6504.81543567615
5040.267850025432,3780.0,-1761.4074187961369
5092.229374252499,3780.0,-2036.0230483864011
5144.190898479565,3780.0,-3983.6430189031025
5196.152422706631,3780.0,-3845.676411013783
5248.113946933698,3780.0,-3542.6430623764636
5300.075471160764,3780.0,-3441.3928193302727
5352.03699538783,3780.0,-3428.6969565751815
5403.998519614896,3780.0,-3437.5555479113295
5455.960043841963,3780.0,-3454.256169128039
5507.9215680690295,3780.0,-3475.831110929006
5559.883092296095,3780.0,-3499.971360654402
5611.844616523162,3780.0,-3523.67278468093
5663.806140750228,3780.0,-3546.4989743929737
5715.767664977295,3780.0,-3567.5915608021596
5767.72918920436,3780.0,-3586.64919870728
5819.690713431427,3780.0,-3604.4807261823535
5871.6522376584935,3780.0,-3620.8404851012538
5923.61376188556,3780.0,-3637.096057185143
5975.575286112626,3780.0,-3650.6164919388857
6027.536810339692,3780.0,-3662.469847056902
6079.498334566759,3780.0,-3672.45121107857
6131.459858793825,3780.0,-3680.2454860644475
6183.421383020891,3780.0,-3684.1904771053873
6235.3829072479575,3780.0,-3687.3510996698997
6287.344431475024,3780.0,-3683.708021673519
6339.305955702091,3780.0,-3694.2999860519044
6391.267479929156,3780.0,-3695.0731364785406
6443.229004156223,3780.0,-3725.821037740129
6495.190528383289,3780.0,-3634.816379046678
6547.152052610356,3780.0,-3655.8326731600428
6599.1135768374215,3780.0,-3715.8239132595863
6651.075101064488,3780.0,-3680.59852971887
6703.036625291555,3780.0,-3659.4369947759824
6754.99814951862,3780.0,-3691.655360233889
6806.959673745687,3780.0,-3746.558784958631
6858.921197972753,3780.0,-3806.2222291958406
6910.88272219982,3780.0,-3783.67360199808
6962.844246426886,3780.0,-3674.2365844097194
7014.805770653952,3780.0,-3577.7063562374674
7066.767294881019,3780.0,-3543.3986645257974
7118.728819108085,3780.0,-3604.554201418465
7170.690343335151,3780.0,-3571.4406409790463
7222.651867562217,3780.0,-3531.4641974539772
7274.613391789284,3780.0,-3480.3150920885837
7326.5749160163505,3780.0,-3438.768010216755
7378.536440243416,3780.0,-3415.404235835456
7430.497964470483,3780.0,-3415.594532027575
7482.459488697549,3780.0,-3442.6527768848673
7534.421012924616,3780.0,-3497.8138196462396
7586.382537151681,3780.0,-3582.005769105194
7638.344061378748,3780.0,-3694.9927452613792
7690.3055856058145,3780.0,-3834.4967963318472
7742.267109832881,3780.0,-4006.9060245771702
7794.228634059947,3780.0,-4235.187879401721
7846.190158287013,3780.0,-4705.6110045611
7898.15168251408,3780.0,-5756.963004656151
7950.113206741146,3780.0,-2463.6187388835333
8002.074730968212,3780.0,3182.642769408135
8054.0362551952785,3780.0,3029.8142820131015
8105.997779422345,3780.0,2780.327800613255
8157.959303649412,3780.0,2674.0295202875973
8209.920827876478,3780.0,2535.274371785611
8261.882352103545,3780.0,2370.674304005893
8313.84387633061,3780.0,2202.324541364985
8365.805400557676,3780.0,2032.6709973711118
8417.766924784743,3780.0,1860.4870031342002
8469.728449011809,3780.0,1688.3598193241946
8521.689973238876,3780.0,1523.4262302652503
8573.651497465942,3780.0,1365.671126699203
8625.613021693009,3780.0,1214.5665722068466
8677.574545920073,3780.0,1073.1647988350303
8729.53607014714,3780.0,939.8239313822769
8781.497594374207,3780.0,814.9727736673694
8833.459118601273,3780.0,700.4427879878106
8885.42064282834,3780.0,595.4243955668094
8937.382167055406,3780.0,497.9261184351134
8989.343691282473,3780.0,409.5389626508651
9041.30521550954,3780.0,329.77483956381934
9093.266739736604,3780.0,258.5532328464817
9145.22826396367,3780.0,204.4882973837149
9197.189788190737,3780.0,101.74669141503567
9249.151312417804,3780.0,57.17878469009389
9301.11283664487,3780.0,60.73553964557175
9353.074360871937,3780.0,-334.8564123541672
9405.035885099003,3780.0,-256.5659334188998
9456.99740932607,3780.0,-546.3771916127164
9508.958933553135,3780.0,-677.6102392006758
9560.920457780201,3780.0,-788.6627210575699
9612.881982007268,3780.0,-864.5246312804718
9664.843506234334,3780.0,-912.0801846775571
9716.8050304614,3780.0,-938.8125042263059
9768.766554688467,3780.0,-950.540833144526
9820.728078915534,3780.0,-952.8740947826607
9872.6896031426,3780.0,-953.0566392346441
9924.651127369665,3780.0,-956.9356645499081
9976.612651596732,3780.0,-967.5213921889024
10028.574175823798,3780.0,-998.0720281539786
10080.535700050865,3780.0,-1058.8126197248062
10132.497224277931,3780.0,-1167.6831758633407
10184.458748504998,3780.0,-1377.8730268321847
10236.420272732064,3780.0,-1805.3042257445036
10288.38179695913,3780.0,-2369.056846457358
10340.343321186196,3780.0,-2934.5639752336956
25.980762113533157,3825.0,-5560.518696102754
77.94228634059947,3825.0,-5379.979984250407
129.90381056766577,3825.0,-5176.415348025012
181.8653347947321,3825.0,-5064.759720762199
233.8268590217984,3825.0,-4993.0167906147635
285.7883832488647,3825.0,-4948.740497236104
337.749907475931,3825.0,-4932.264887152311
389.71143170299734,3825.0,-4956.666359195698
441.67295593006367,3825.0,-5054.578328176049
493.63448015713,3825.0,-5463.715144767902
545.5960043841962,3825.0,-6687.835173694904
597.5575286112626,3825.0,-2945.099769546524
649.5190528383289,3825.0,-2869.851070577932
701.4805770653952,3825.0,3269.6987167356974
753.4421012924615,3825.0,3294.4531029546442
805.4036255195278,3825.0,3108.4047864075756
857.3651497465942,3825.0,3121.4511719184343
909.3266739736605,3825.0,3228.9756110306016
961.2881982007268,3825.0,2993.545590542175
1013.2497224277931,3825.0,2039.2789398132686
1065.2112466548592,3825.0,416.89933059052805
1117.1727708819255,3825.0,1408.464277652679
1169.1342951089919,3825.0,1445.0840357350269
1221.0958193360582,3825.0,1359.0412590397104
1273.0573435631245,3825.0,1298.5809092610823
1325.0188677901908,3825.0,1257.2948444863284
1376.9803920172571,3825.0,1226.1070512001857
1428.9419162443235,3825.0,1201.9164304509377
1480.9034404713898,3825.0,1180.9612353011864
1532.864964698456,3825.0,1163.5713817221285
1584.8264889255224,3825.0,1151.7489659541702
1636.7880131525887,3825.0,1151.803219266555
1688.749537379655,3825.0,331.3613754587145
1740.7110616067214,3825.0,951.5270636776711
1792.6725858337877,3825.0,813.3154451226462
1844.634110060854,3825.0,693.75063480747
1896.5956342879203,3825.0,149.49326200746825
1948.5571585149867,3825.0,-8.85890843904474
2000.518682742053,3825.0,1513.4843882462237
2052.4802069691195,3825.0,1474.7548867405173
2104.4417311961856,3825.0,1285.1909805622877
2156.403255423252,3825.0,1180.1245735483917
2208.3647796503183,3825.0,1076.0298816316713
2260.326303877385,3825.0,1040.6397489109265
2312.287828104451,3825.0,1026.6093975235874
2364.2493523315175,3825.0,1025.858834060793
2416.2108765585835,3825.0,1049.4501863254973
2468.17240078565,3825.0,1176.9640072070529
2520.133925012716,3825.0,1401.1125541650172
2572.0954492397827,3825.0,1466.9962961645958
2624.056973466849,3825.0,175.70675309951275
2676.0184976939154,3825.0,762.75638690964
2727.9800219209815,3825.0,751.8875159441865
2779.941546148048,3825.0,919.4089754188761
2831.903070375114,3825.0,385.08214891500074
2883.8645946021807,3825.0,1831.9000272310268
2935.8261188292468,3825.0,1488.016235477901
2987.7876430563133,3825.0,1321.863184507806
3039.7491672833794,3825.0,1209.6832630503607
3091.710691510446,3825.0,1168.3990090529726
3143.672215737512,3825.0,1116.2648213218986
3195.6337399645786,3825.0,1046.242509106446
3247.5952641916447,3825.0,938.452767457024
3299.556788418711,3825.0,826.7554695844052
3351.5183126457773,3825.0,358.28509774434076
3403.4798368728434,3825.0,270.859577425936
3455.44136109991,3825.0,204.70739666960563
3507.402885326976,3825.0,224.98624370521975
3559.3644095540426,3825.0,-1322.1268018639144
3611.3259337811087,3825.0,-1874.7528858803626
3663.2874580081752,3825.0,-2290.149082573481
3715.2489822352413,3825.0,-2629.0796334764755
3767.210506462308,3825.0,-2874.379455405935
3819.172030689374,3825.0,-2984.234548965424
3871.1335549164405,3825.0,-3044.016429956857
3923.0950791435066,3825.0,-3093.1368960401983
3975.056603370573,3825.0,-3050.6484459909016
4027.0181275976392,3825.0,-2962.6064023057206
4078.979651824706,3825.0,-3083.0383710199603
4130.941176051772,3825.0,-3077.9459292515844
4182.902700278838,3825.0,-3150.132146353508
4234.8642245059045,3825.0,-3405.2084818040357
4286.825748732971,3825.0,-7216.645158626175
4338.787272960038,3825.0,-6822.986995683979
4390.748797187103,3825.0,-6505.33656375508
4442.71032141417,3825.0,-5205.831884770593
4494.671845641236,3825.0,-5149.130803814789
4546.633369868303,3825.0,-5576.754658490822
4598.5948940953685,3825.0,-5386.585657140749
4650.556418322435,3825.0,-5269.636986616722
4702.517942549502,3825.0,-5791.543251048527
4754.479466776568,3825.0,-6716.342137058536
4806.440991003634,3825.0,-6736.835500952553
4858.4025152307,3825.0,-6508.7522775488105
4910.364039457767,3825.0,-6264.303390620864
4962.3255636848335,3825.0,-6478.932625640022
5014.287087911899,3825.0,-1744.6995782382232
5066.248612138966,3825.0,-1574.3832781237784
5118.210136366032,3825.0,-3895.0047817387913
5170.171660593098,3825.0,-3902.736450618274
5222.133184820164,3825.0,-3565.910391376745
5274.094709047231,3825.0,-3447.5524950322824
5326.0562332742975,3825.0,-3436.1457662093203
5378.017757501363,3825.0,-3447.2342956285206
5429.97928172843,3825.0,-3466.5699349836314
5481.940805955496,3825.0,-3486.0347949935344
5533.902330182563,3825.0,-3507.5365163041324
5585.863854409628,3825.0,-3529.995355609224
5637.825378636695,3825.0,-3551.4223499543145
5689.7869028637615,3825.0,-3571.098053204456
5741.748427090828,3825.0,-3589.1563864378863
5793.709951317894,3825.0,-3605.6614793907943
5845.67147554496,3825.0,-3620.180517779877
5897.632999772027,3825.0,-3632.675606709522
5949.594523999093,3825.0,-3645.2615305219433
6001.556048226159,3825.0,-3656.738365559223
6053.5175724532255,3825.0,-3668.1141893564886
6105.479096680292,3825.0,-3678.1737027831687
6157.440620907359,3825.0,-3687.464039252652
6209.402145134424,3825.0,-3693.146971001617
6261.363669361491,3825.0,-3696.4255506609616
6313.325193588557,3825.0,-3700.521853193045
6365.286717815624,3825.0,-3702.4100567027504
6417.2482420426895,3825.0,-3720.8721154196
6469.209766269756,3825.0,-3840.8270503078124
6521.171290496823,3825.0,-4319.721484142718
6573.132814723889,3825.0,-4327.327866569623
6625.094338950955,3825.0,-4352.441724549422
6677.055863178021,3825.0,-4376.649686896784
6729.017387405088,3825.0,-4372.459549145828
6780.9789116321535,3825.0,-4301.522915771456
6832.94043585922,3825.0,-4203.6203255871815
6884.901960086287,3825.0,-4167.596615580451
6936.863484313353,3825.0,-3770.4105930249416
6988.825008540419,3825.0,-3722.2507971438195
7040.786532767485,3825.0,-3523.1982249756074
7092.748056994552,3825.0,-3460.7413770892235
7144.7095812216185,3825.0,-3518.388075685375
7196.671105448684,3825.0,-3511.1597282588255
7248.632629675751,3825.0,-3496.3825635940384
7300.594153902817,3825.0,-3473.288706873238
7352.555678129884,3825.0,-3460.095979844311
7404.517202356949,3825.0,-3463.270619392508
7456.478726584016,3825.0,-3489.016936208077
7508.4402508110825,3825.0,-3541.6446218342803
7560.401775038149,3825.0,-3620.936165850793
7612.363299265215,3825.0,-3727.7302125278857
7664.324823492281,3825.0,-3864.9749646618116
7716.286347719348,3825.0,-4037.492844141191
7768.247871946414,3825.0,-4269.999604573844
7820.20939617348,3825.0,-4730.58913735118
7872.1709204005465,3825.0,-5829.800340866674
7924.132444627613,3825.0,-2706.134645749227
7976.09396885468,3825.0,3165.292008602105
8028.055493081745,3825.0,2964.262719735788
8080.017017308812,3825.0,2783.5893934296782
8131.978541535878,3825.0,2685.9604198389106
8183.940065762945,3825.0,2549.9836413429894
8235.901589990011,3825.0,2404.766418258656
8287.863114217078,3825.0,2252.5101404331463
8339.824638444143,3825.0,2094.1367211583365
8391.78616267121,3825.0,1933.7688058763838
8443.747686898276,3825.0,1772.7124123578787
8495.709211125342,3825.0,1611.504203708245
8547.670735352409,3825.0,1457.1237277009782
8599.632259579475,3825.0,1310.3864874937362
8651.593783806542,3825.0,1167.4710312669035
8703.555308033607,3825.0,1033.4294055926894
8755.516832260673,3825.0,906.9838669151711
8807.47835648774,3825.0,788.2586804675093
8859.439880714806,3825.0,680.2122065049701
8911.401404941873,3825.0,579.8128833766576
8963.36292916894,3825.0,487.77754908886084
9015.324453396006,3825.0,402.9034645600738
9067.285977623073,3825.0,323.2926106182836
9119.247501850137,3825.0,249.7949944059401
9171.209026077204,3825.0,195.87738490589754
9223.17055030427,3825.0,144.40711286735868
9275.132074531337,3825.0,76.30203742586437
9327.093598758403,3825.0,-377.8089153013908
9379.05512298547,3825.0,-289.51423285119665
9431.016647212537,3825.0,-466.2687190161528
9482.978171439603,3825.0,-548.7500396782325
9534.939695666668,3825.0,-656.925495206257
9586.901219893734,3825.0,-734.9479447958804
9638.862744120801,3825.0,-783.480810816339
9690.824268347867,3825.0,-806.5804066597776
9742.785792574934,3825.0,-812.2939590463235
9794.747316802,3825.0,-807.4579430427676
9846.708841029067,3825.0,-797.889125931045
9898.670365256134,3825.0,-787.0790249680778
9950.631889483198,3825.0,-776.9738266385275
10002.593413710265,3825.0,-775.921028448475
10054.554937937331,3825.0,-808.9889263469456
10106.516462164398,3825.0,-874.7183788030665
10158.477986391465,3825.0,-1014.1427461708586
10210.439510618531,3825.0,-1455.0808774449824
10262.401034845598,3825.0,-2758.4015119045434
10314.362559072662,3825.0,-3778.047592473282
10366.324083299729,3825.0,-4365.365113014694
0.0,3870.0,-6663.365604350232
51.96152422706631,3870.0,-5807.023998292676
103.92304845413263,3870.0,-5390.650273415727
155.88457268119893,3870.0,-5213.844680003454
207.84609690826525,3870.0,-5096.088028444992
259.80762113533154,3870.0,-5019.260592998695
311.76914536239786,3870.0,-4975.313342472414
363.7306695894642,3870.0,-4976.1844871038
415.6921938165305,3870.0,-5071.398046723834
467.6537180435968,3870.0,-5488.577439244351
519.6152422706631,3870.0,-6715.250229817459
571.5767664977294,3870.0,-2782.877396481378
623.5382907247957,3870.0,-2631.380883786951
675.499814951862,3870.0,3318.5225890455395
727.4613391789284,3870.0,3271.802249506179
779.4228634059947,3870.0,3059.6360931854683
831.384387633061,3870.0,2984.6222672071813
883.3459118601273,3870.0,2892.226135932905
935.3074360871937,3870.0,2711.6094868131268
987.26896031426,3870.0,2298.348572893983
1039.2304845413262,3870.0,1940.6386385519565
1091.1920087683925,3870.0,1988.7370739622538
1143.1535329954588,3870.0,1732.1778727506207
1195.1150572225251,3870.0,1584.59962727111
1247.0765814495915,3870.0,1486.3895209789334
1299.0381056766578,3870.0,1412.974581232785
1350.999629903724,3870.0,1355.6155220696796
1402.9611541307904,3870.0,1308.171665393487
1454.9226783578567,3870.0,1270.551470429318
1506.884202584923,3870.0,1240.5908901425005
1558.8457268119894,3870.0,1222.0927181935076
1610.8072510390557,3870.0,1288.6361227890566
1662.768775266122,3870.0,1695.4945964080332
1714.7302994931883,3870.0,225.3052078500687
1766.6918237202547,3870.0,974.3289101114351
1818.653347947321,3870.0,915.6145446844731
1870.6148721743873,3870.0,725.0678382635098
1922.5763964014536,3870.0,794.9835398698347
1974.53792062852,3870.0,43.32664896882929
2026.4994448555863,3870.0,183.08481141644543
2078.4609690826524,3870.0,1599.5413881365653
2130.422493309719,3870.0,1590.744296232745
2182.384017536785,3870.0,1244.2985175169479
2234.3455417638515,3870.0,1086.3890770799462
2286.3070659909176,3870.0,1051.5964408718069
2338.268590217984,3870.0,1039.2932749977556
2390.2301144450503,3870.0,1059.2672559777448
2442.191638672117,3870.0,1212.9278198113348
2494.153162899183,3870.0,1546.085363190012
2546.1146871262495,3870.0,178.34765897240436
2598.0762113533156,3870.0,157.07295168868725
2650.037735580382,3870.0,823.1578931313724
2701.999259807448,3870.0,868.5247312338047
2753.9607840345147,3870.0,941.0274223007425
2805.922308261581,3870.0,424.38463597091766
2857.8838324886474,3870.0,1647.530902068184
2909.8453567157135,3870.0,1383.7617758535393
2961.80688094278,3870.0,1234.662627470503
3013.768405169846,3870.0,1187.38302218831
3065.7299293969127,3870.0,1151.041048849766
3117.6914536239788,3870.0,1118.3771952437237
3169.6529778510453,3870.0,1087.6599330328195
3221.6145020781114,3870.0,1061.5555048150331
3273.576026305178,3870.0,1041.9591242609706
3325.537550532244,3870.0,547.1939301100639
3377.49907475931,3870.0,270.73058676423375
3429.4605989863767,3870.0,199.89062882452458
3481.422123213443,3870.0,213.35185240688344
3533.3836474405093,3870.0,-1031.0690555489252
3585.3451716675754,3870.0,-1396.0427310425166
3637.306695894642,3870.0,-1842.7545796401782
3689.268220121708,3870.0,-2169.6966173334686
3741.2297443487746,3870.0,-2411.137420628175
3793.1912685758407,3870.0,-2575.300953353301
3845.1527928029072,3870.0,-2685.4321714305242
3897.1143170299733,3870.0,-2764.15981083874
3949.07584125704,3870.0,-2820.4662053515112
4001.037365484106,3870.0,-2866.1079925627787
4052.9988897111725,3870.0,-2915.842371607032
4104.960413938239,3870.0,-2970.9061464720235
4156.921938165305,3870.0,-3046.5930354353104
4208.883462392371,3870.0,-2930.641882911082
4260.844986619438,3870.0,-1875.5477945224732
4312.806510846504,3870.0,-2119.747094788616
4364.76803507357,3870.0,-2048.089525578173
4416.7295593006365,3870.0,-4718.282491129987
4468.691083527703,3870.0,-5078.82562647007
4520.65260775477,3870.0,-6622.790971674706
4572.614131981835,3870.0,-6525.198816780667
4624.575656208902,3870.0,-5489.355177219562
4676.537180435968,3870.0,-5547.208994591219
4728.498704663035,3870.0,-6533.120671459572
4780.460228890101,3870.0,-6717.571798114685
4832.421753117167,3870.0,-6679.223155675957
4884.383277344234,3870.0,-6341.643212151954
4936.3448015713,3870.0,-6348.618396863521
4988.306325798366,3870.0,-2114.036693655686
5040.267850025432,3870.0,-1752.6560538612662
5092.229374252499,3870.0,-3959.834594098757
5144.190898479565,3870.0,-3975.032149048327
5196.152422706631,3870.0,-3603.2978319223485
5248.113946933698,3870.0,-3459.8391304317133
5300.075471160764,3870.0,-3447.5424738676957
5352.03699538783,3870.0,-3459.803693354341
5403.998519614896,3870.0,-3480.1184064522977
5455.960043841963,3870.0,-3500.213643691077
5507.9215680690295,3870.0,-3521.121075742009
5559.883092296095,3870.0,-3541.5693217168373
5611.844616523162,3870.0,-3561.5196478980474
5663.806140750228,3870.0,-3579.2826148587096
5715.767664977295,3870.0,-3596.3447156497014
5767.72918920436,3870.0,-3611.060519630567
5819.690713431427,3870.0,-3624.0932420661893
5871.6522376584935,3870.0,-3633.3845226604526
5923.61376188556,3870.0,-3642.919022447038
5975.575286112626,3870.0,-3653.8047869032926
6027.536810339692,3870.0,-3665.2061696423925
6079.498334566759,3870.0,-3675.7295187832415
6131.459858793825,3870.0,-3685.2929359537457
6183.421383020891,3870.0,-3692.648811937921
6235.3829072479575,3870.0,-3699.585222636737
6287.344431475024,3870.0,-3706.607845359811
6339.305955702091,3870.0,-3714.9819929607006
6391.267479929156,3870.0,-3716.0043594988433
6443.229004156223,3870.0,-3763.8559245930037
6495.190528383289,3870.0,-3858.401597960789
6547.152052610356,3870.0,-3834.1744462388624
6599.1135768374215,3870.0,-3207.4428153268136
6651.075101064488,3870.0,-3146.979757586196
6703.036625291555,3870.0,-3148.2734919201093
6754.99814951862,3870.0,-3215.635974561399
6806.959673745687,3870.0,-3247.2510255668785
6858.921197972753,3870.0,-3306.8180906829284
6910.88272219982,3870.0,-3341.414876037112
6962.844246426886,3870.0,-3737.671075837403
7014.805770653952,3870.0,-3707.1768828380636
7066.767294881019,3870.0,-3476.218469966294
7118.728819108085,3870.0,-3420.333597821237
7170.690343335151,3870.0,-3471.6567509601723
7222.651867562217,3870.0,-3477.7374706760133
7274.613391789284,3870.0,-3476.2594012568857
7326.5749160163505,3870.0,-3475.4321705883294
7378.536440243416,3870.0,-3484.810874421789
7430.497964470483,3870.0,-3514.2453053781833
7482.459488697549,3870.0,-3566.7615279860165
7534.421012924616,3870.0,-3644.2641028530725
7586.382537151681,3870.0,-3749.0744495916115
7638.344061378748,3870.0,-3884.226812684656
7690.3055856058145,3870.0,-4058.9102770832524
7742.267109832881,3870.0,-4304.901968127377
7794.228634059947,3870.0,-4822.497074766561
7846.190158287013,3870.0,-5957.151362546897
7898.15168251408,3870.0,-2804.5938333855274
7950.113206741146,3870.0,2905.811105982675
8002.074730968212,3870.0,2919.0357494928635
8054.0362551952785,3870.0,2765.496537099807
8105.997779422345,3870.0,2679.692425211462
8157.959303649412,3870.0,2555.4544302687727
8209.920827876478,3870.0,2425.777957661493
8261.882352103545,3870.0,2288.9669133383463
8313.84387633061,3870.0,2143.8888223864096
8365.805400557676,3870.0,1994.790135428249
8417.766924784743,3870.0,1843.5420080469532
8469.728449011809,3870.0,1690.3685812675658
8521.689973238876,3870.0,1541.1953783184008
8573.651497465942,3870.0,1396.3862536383756
8625.613021693009,3870.0,1254.7920780954337
8677.574545920073,3870.0,1119.2886550761577
8729.53607014714,3870.0,991.8675574681758
8781.497594374207,3870.0,871.1066797738516
8833.459118601273,3870.0,761.4971140828054
8885.42064282834,3870.0,657.930287956133
8937.382167055406,3870.0,563.4137271423829
8989.343691282473,3870.0,474.913691622395
9041.30521550954,3870.0,391.5464501390585
9093.266739736604,3870.0,312.8788668015299
9145.22826396367,3870.0,238.00883796851357
9197.189788190737,3870.0,179.01280936338622
9249.151312417804,3870.0,65.16726090562747
9301.11283664487,3870.0,-9.275854916207308
9353.074360871937,3870.0,-324.9142446698761
9405.035885099003,3870.0,-243.90688858652135
9456.99740932607,3870.0,-456.47041116362794
9508.958933553135,3870.0,-537.6103589082882
9560.920457780201,3870.0,-620.1831229328209
9612.881982007268,3870.0,-669.7942114425881
9664.843506234334,3870.0,-692.9360515209034
9716.8050304614,3870.0,-693.4319833902637
9768.766554688467,3870.0,-680.2358815823073
9820.728078915534,3870.0,-660.9781950501072
9872.6896031426,3870.0,-642.6634474395534
9924.651127369665,3870.0,-620.0564968426027
9976.612651596732,3870.0,-603.885399487624
10028.574175823798,3870.0,-619.9396304288194
10080.535700050865,3870.0,-657.3804903267796
10132.497224277931,3870.0,-727.4931158306456
10184.458748504998,3870.0,-284.44937986559455
10236.420272732064,3870.0,-317.07226511846443
10288.38179695913,3870.0,-6569.548230894443
10340.343321186196,3870.0,-6690.160149942822
25.980762113533157,3915.0,-6537.897396777092
77.94228634059947,3915.0,-5811.832422920623
129.90381056766577,3915.0,-5524.490413797192
181.8653347947321,3915.0,-5277.857500316803
233.8268590217984,3915.0,-5144.938896644877
285.7883832488647,3915.0,-5055.554866308432
337.749907475931,3915.0,-5012.891600942045
389.71143170299734,3915.0,-5050.925295393052
441.67295593006367,3915.0,-5386.51146897713
493.63448015713,3915.0,-6760.01413548478
545.5960043841962,3915.0,-2733.468824337995
597.5575286112626,3915.0,3119.004389241126
649.5190528383289,3915.0,3241.751044204638
701.4805770653952,3915.0,3151.9041176779683
753.4421012924615,3915.0,3005.793886750698
805.4036255195278,3915.0,2923.2800664364745
857.3651497465942,3915.0,2798.441545426474
909.3266739736605,3915.0,2647.049062264127
961.2881982007268,3915.0,2428.291972080615
1013.2497224277931,3915.0,2167.711322587268
1065.2112466548592,3915.0,2021.773933717106
1117.1727708819255,3915.0,1924.2724696299447
1169.1342951089919,3915.0,1778.0902515460998
1221.0958193360582,3915.0,1658.4506859236853
1273.0573435631245,3915.0,1561.9356170564718
1325.0188677901908,3915.0,1483.0542689249958
1376.9803920172571,3915.0,1418.972716076336
1428.9419162443235,3915.0,1363.4918807867518
1480.9034404713898,3915.0,1318.671266811737
1532.864964698456,3915.0,1285.1236371213677
1584.8264889255224,3915.0,1275.440679481014
1636.7880131525887,3915.0,1409.9435326059597
1688.749537379655,3915.0,1752.6297111088415
1740.7110616067214,3915.0,173.41400479206305
1792.6725858337877,3915.0,191.4240645600986
1844.634110060854,3915.0,919.7352192196623
1896.5956342879203,3915.0,873.922192973818
1948.5571585149867,3915.0,857.6379922154497
2000.518682742053,3915.0,842.1703420591795
2052.4802069691195,3915.0,138.4740453595817
2104.4417311961856,3915.0,213.61772798749203
2156.403255423252,3915.0,1573.050928008296
2208.3647796503183,3915.0,1285.3593128833363
2260.326303877385,3915.0,1159.9877140933804
2312.287828104451,3915.0,1070.3385796407638
2364.2493523315175,3915.0,1069.192346519449
2416.2108765585835,3915.0,1214.2741600032643
2468.17240078565,3915.0,1576.5486588610265
2520.133925012716,3915.0,222.77284634706643
2572.0954492397827,3915.0,857.837030239883
2624.056973466849,3915.0,831.184434683817
2676.0184976939154,3915.0,925.4761442794343
2727.9800219209815,3915.0,351.19037033810173
2779.941546148048,3915.0,422.4456295081177
2831.903070375114,3915.0,1675.3014675641432
2883.8645946021807,3915.0,1354.6818214646903
2935.8261188292468,3915.0,1220.7151973873385
2987.7876430563133,3915.0,1179.531986819861
3039.7491672833794,3915.0,1148.9357399661437
3091.710691510446,3915.0,1123.5199584576526
3143.672215737512,3915.0,1106.7179709485683
3195.6337399645786,3915.0,1118.0707190484209
3247.5952641916447,3915.0,1211.99640050596
3299.556788418711,3915.0,1365.9109258164153
3351.5183126457773,3915.0,2839.3246895666407
3403.4798368728434,3915.0,3372.580032305438
3455.44136109991,3915.0,-2377.1692015464205
3507.402885326976,3915.0,175.17846166645495
3559.3644095540426,3915.0,-1158.9941906797185
3611.3259337811087,3915.0,-1500.9050931099594
3663.2874580081752,3915.0,-1827.44820273308
3715.2489822352413,3915.0,-2086.8758121453684
3767.210506462308,3915.0,-2288.1056743606814
3819.172030689374,3915.0,-2441.1480821550895
3871.1335549164405,3915.0,-2559.8869336879234
3923.0950791435066,3915.0,-2657.2422529970345
3975.056603370573,3915.0,-2742.493599111345
4027.0181275976392,3915.0,-2824.261408730831
4078.979651824706,3915.0,-2915.6394694381042
4130.941176051772,3915.0,-3069.8477557449755
4182.902700278838,3915.0,-3434.631358273351
4234.8642245059045,3915.0,-2923.7844488100845
4286.825748732971,3915.0,-1822.0319991119006
4338.787272960038,3915.0,-1871.2247689732867
4390.748797187103,3915.0,-3019.8500723638344
4442.71032141417,3915.0,-3366.330866527134
4494.671845641236,3915.0,-6774.242856914619
4546.633369868303,3915.0,-6670.707659144325
4598.5948940953685,3915.0,-6698.558057008753
4650.556418322435,3915.0,-5610.229047110561
4702.517942549502,3915.0,-6048.4080213325
4754.479466776568,3915.0,-6204.153176612765
4806.440991003634,3915.0,-2029.23336014491
4858.4025152307,3915.0,-1795.7603959011526
4910.364039457767,3915.0,-1784.1542163591507
4962.3255636848335,3915.0,-1983.0536251126039
5014.287087911899,3915.0,-1676.3243967471844
5066.248612138966,3915.0,-3919.36003702965
5118.210136366032,3915.0,-3859.8187409930524
5170.171660593098,3915.0,-3603.130111302097
5222.133184820164,3915.0,-3479.4618108739587
5274.094709047231,3915.0,-3465.442940409467
5326.0562332742975,3915.0,-3476.9920305912437
5378.017757501363,3915.0,-3496.840592689181
5429.97928172843,3915.0,-3518.138240715452
5481.940805955496,3915.0,-3536.4835032584197
5533.902330182563,3915.0,-3553.4375097242564
5585.863854409628,3915.0,-3569.3544561901845
5637.825378636695,3915.0,-3584.593060764804
5689.7869028637615,3915.0,-3597.3630864520214
5741.748427090828,3915.0,-3610.403265957045
5793.709951317894,3915.0,-3621.215079058782
5845.67147554496,3915.0,-3629.725244067175
5897.632999772027,3915.0,-3635.267395703935
5949.594523999093,3915.0,-3643.4137077093083
6001.556048226159,3915.0,-3652.8824724833107
6053.5175724532255,3915.0,-3664.04945053585
6105.479096680292,3915.0,-3674.6377657181492
6157.440620907359,3915.0,-3683.9823540321195
6209.402145134424,3915.0,-3688.209407534987
6261.363669361491,3915.0,-3683.944937835493
6313.325193588557,3915.0,-3688.2435113806796
6365.286717815624,3915.0,-3715.982010814719
6417.2482420426895,3915.0,-3756.691678034324
6469.209766269756,3915.0,-3824.4016745143126
6521.171290496823,3915.0,-3824.2347648199097
6573.132814723889,3915.0,-3768.1363375002607
6625.094338950955,3915.0,-3730.3891833134435
6677.055863178021,3915.0,-3693.4957795748187
6729.017387405088,3915.0,-3684.374563887155
6780.9789116321535,3915.0,-3682.467865809727
6832.94043585922,3915.0,-3683.804363153432
6884.901960086287,3915.0,-3692.3129201237753
6936.863484313353,3915.0,-3706.767024431432
6988.825008540419,3915.0,-3738.774405289425
7040.786532767485,3915.0,-3699.683343259151
7092.748056994552,3915.0,-3457.165335150189
7144.7095812216185,3915.0,-3405.6147213672884
7196.671105448684,3915.0,-3463.0530997296355
7248.632629675751,3915.0,-3468.480613461794
7300.594153902817,3915.0,-3471.758464982683
7352.555678129884,3915.0,-3487.4505866991108
7404.517202356949,3915.0,-3519.010384270883
7456.478726584016,3915.0,-3572.5963642265197
7508.4402508110825,3915.0,-3649.9107082540295
7560.401775038149,3915.0,-3753.7781340612723
7612.363299265215,3915.0,-3888.484768369446
7664.324823492281,3915.0,-4062.9983120994175
7716.286347719348,3915.0,-4312.28433317893
7768.247871946414,3915.0,-4895.307077054092
7820.20939617348,3915.0,-6224.013857586836
7872.1709204005465,3915.0,-2517.0869586172043
7924.132444627613,3915.0,2921.9700430302964
7976.09396885468,3915.0,2870.887596832864
8028.055493081745,3915.0,2735.482915467689
8080.017017308812,3915.0,2667.6279355048673
8131.978541535878,3915.0,2557.5531933016873
8183.940065762945,3915.0,2439.502094216842
8235.901589990011,3915.0,2314.050998799722
8287.863114217078,3915.0,2182.1835049690026
8339.824638444143,3915.0,2043.630452550868
8391.78616267121,3915.0,1902.936126521359
8443.747686898276,3915.0,1759.2195879597218
8495.709211125342,3915.0,1614.0645696249658
8547.670735352409,3915.0,1472.191358963577
8599.632259579475,3915.0,1334.553396213386
8651.593783806542,3915.0,1200.9942144739425
8703.555308033607,3915.0,1073.5675321089534
8755.516832260673,3915.0,954.2046206112769
8807.47835648774,3915.0,840.6326419087814
8859.439880714806,3915.0,735.4721817367058
8911.401404941873,3915.0,637.4783004205918
8963.36292916894,3915.0,547.9450983847771
9015.324453396006,3915.0,463.37770919772953
9067.285977623073,3915.0,382.0997295916866
9119.247501850137,3915.0,303.18016215807995
9171.209026077204,3915.0,225.2512357228307
9223.17055030427,3915.0,162.69129658212773
9275.132074531337,3915.0,51.41384977958317
9327.093598758403,3915.0,-7.895108400918971
9379.05512298547,3915.0,-285.49349393220274
9431.016647212537,3915.0,-225.1207619343465
9482.978171439603,3915.0,-446.24603878688185
9534.939695666668,3915.0,-512.2089360468194
9586.901219893734,3915.0,-568.9272463723478
9638.862744120801,3915.0,-591.8297799478305
9690.824268347867,3915.0,-589.0547344209115
9742.785792574934,3915.0,-569.1059783862312
9794.747316802,3915.0,-553.5896709340143
9846.708841029067,3915.0,-544.0023165680624
9898.670365256134,3915.0,-524.2930922969686
9950.631889483198,3915.0,-508.35102526622336
10002.593413710265,3915.0,-248.13318613544226
10054.554937937331,3915.0,-242.50660024010426
10106.516462164398,3915.0,-310.9116636271205
10158.477986391465,3915.0,-281.2598577380576
10210.439510618531,3915.0,-288.68067039927223
10262.401034845598,3915.0,-253.54894964538596
10314.362559072662,3915.0,-2884.6157772910274
10366.324083299729,3915.0,-2826.8005277725133
0.0,3960.0,-2813.852855904121
51.96152422706631,3960.0,-6663.755876056753
103.92304845413263,3960.0,-6705.354648579242
155.88457268119893,3960.0,-5789.602423742421
207.84609690826525,3960.0,-5483.296762334105
259.80762113533154,3960.0,-5218.408281369942
311.76914536239786,3960.0,-5127.651563015379
363.7306695894642,3960.0,-5073.560836901811
415.6921938165305,3960.0,-5120.620089156678
467.6537180435968,3960.0,-5603.3140783561685
519.6152422706631,3960.0,-6624.694759909265
571.5767664977294,3960.0,-2676.4996255152932
623.5382907247957,3960.0,2919.346125060073
675.499814951862,3960.0,3132.591018034139
727.4613391789284,3960.0,2955.6032307778232
779.4228634059947,3960.0,2871.4342541492774
831.384387633061,3960.0,2751.5129851126403
883.3459118601273,3960.0,2619.1669095893058
935.3074360871937,3960.0,2466.3863837149966
987.26896031426,3960.0,2294.2151742256383
1039.2304845413262,3960.0,2135.4158453883338
1091.1920087683925,3960.0,2008.4034544622955
1143.1535329954588,3960.0,1891.9315914296426
1195.1150572225251,3960.0,1777.2830800733868
1247.0765814495915,3960.0,1673.4403012505786
1299.0381056766578,3960.0,1583.8161085918396
1350.999629903724,3960.0,1507.2564814376578
1402.9611541307904,3960.0,1441.8445391640298
1454.9226783578567,3960.0,1385.3292439544298
1506.884202584923,3960.0,1339.825386278785
1558.8457268119894,3960.0,1305.722333363161
1610.8072510390557,3960.0,1304.1171378618415
1662.768775266122,3960.0,1429.155496619624
1714.7302994931883,3960.0,1696.6654732655709
1766.6918237202547,3960.0,1699.6740317491483
1818.653347947321,3960.0,211.81027353323879
1870.6148721743873,3960.0,369.74519817532234
1922.5763964014536,3960.0,899.6882762265881
1974.53792062852,3960.0,899.7541373376084
2026.4994448555863,3960.0,843.0670431821586
2078.4609690826524,3960.0,811.7088385659138
2130.422493309719,3960.0,352.102567229971
2182.384017536785,3960.0,1609.5557532853545
2234.3455417638515,3960.0,1556.1299438792498
2286.3070659909176,3960.0,1253.7816896339075
2338.268590217984,3960.0,1133.847818841305
2390.2301144450503,3960.0,1211.060785052036
2442.191638672117,3960.0,1569.6894262731114
2494.153162899183,3960.0,257.92473371195626
2546.1146871262495,3960.0,824.6562494041993
2598.0762113533156,3960.0,911.3042667321273
2650.037735580382,3960.0,909.2923767468242
2701.999259807448,3960.0,249.10265243324056
2753.9607840345147,3960.0,1715.3954148095436
2805.922308261581,3960.0,1659.081284787893
2857.8838324886474,3960.0,1380.8160149233752
2909.8453567157135,3960.0,1231.0801642539154
2961.80688094278,3960.0,1187.2351763404986
3013.768405169846,3960.0,1156.1678279621217
3065.7299293969127,3960.0,1129.7596037309647
3117.6914536239788,3960.0,1106.5468479781812
3169.6529778510453,3960.0,1099.1778786821246
3221.6145020781114,3960.0,1141.7437347795267
3273.576026305178,3960.0,1314.819422903609
3325.537550532244,3960.0,2869.1744058750714
3377.49907475931,3960.0,3326.399450459474
3429.4605989863767,3960.0,-2300.7015307426027
3481.422123213443,3960.0,-2359.9897340507523
3533.3836474405093,3960.0,-1105.7289872950978
3585.3451716675754,3960.0,-1271.5692635014489
3637.306695894642,3960.0,-1542.0018884709175
3689.268220121708,3960.0,-1804.1541698544288
3741.2297443487746,3960.0,-2029.8075776382752
3793.1912685758407,3960.0,-2217.933624255632
3845.1527928029072,3960.0,-2374.3327075092093
3897.1143170299733,3960.0,-2507.1524443003864
3949.07584125704,3960.0,-2624.4419616240434
4001.037365484106,3960.0,-2733.4837068962834
4052.9988897111725,3960.0,-2840.5012298405554
4104.960413938239,3960.0,-2963.0678416893807
4156.921938165305,3960.0,-3193.653860147506
4208.883462392371,3960.0,-3588.2190994881944
4260.844986619438,3960.0,-3637.157188394725
4312.806510846504,3960.0,-3594.7400958391386
4364.76803507357,3960.0,-2848.0786324896458
4416.7295593006365,3960.0,-2954.537724196787
4468.691083527703,3960.0,-3410.6016211857514
4520.65260775477,3960.0,-2416.8920009372714
4572.614131981835,3960.0,-2517.868583374675
4624.575656208902,3960.0,-2476.052132249447
4676.537180435968,3960.0,-5594.818163287587
4728.498704663035,3960.0,-2247.58994703542
4780.460228890101,3960.0,-2126.8014381939
4832.421753117167,3960.0,-1956.685485319263
4884.383277344234,3960.0,-1849.627459170803
4936.3448015713,3960.0,-1870.2876091411367
4988.306325798366,3960.0,-2024.3389178227226
5040.267850025432,3960.0,-3982.7296842445876
5092.229374252499,3960.0,-3797.1746725348557
5144.190898479565,3960.0,-3576.089052020142
5196.152422706631,3960.0,-3495.9105007876324
5248.113946933698,3960.0,-3487.5565437906016
5300.075471160764,3960.0,-3498.6995649450146
5352.03699538783,3960.0,-3516.4228207591314
5403.998519614896,3960.0,-3535.732725220124
5455.960043841963,3960.0,-3551.7790806466555
5507.9215680690295,3960.0,-3561.138835410978
5559.883092296095,3960.0,-3568.671178656561
5611.844616523162,3960.0,-3579.1582716876783
5663.806140750228,3960.0,-3589.936244337241
5715.767664977295,3960.0,-3598.7061732135858
5767.72918920436,3960.0,-3607.9942970893935
5819.690713431427,3960.0,-3615.0285401916594
5871.6522376584935,3960.0,-3617.895754445809
5923.61376188556,3960.0,-3620.0703587764465
5975.575286112626,3960.0,-3629.9930502154893
6027.536810339692,3960.0,-3645.838494545689
6079.498334566759,3960.0,-3662.1658339360674
6131.459858793825,3960.0,-3672.4763559187027
6183.421383020891,3960.0,-3677.129803113297
6235.3829072479575,3960.0,-3662.2746584928964
6287.344431475024,3960.0,-3633.17184013035
6339.305955702091,3960.0,-3089.37725749487
6391.267479929156,3960.0,-4211.308511026927
6443.229004156223,3960.0,-3936.259269618674
6495.190528383289,3960.0,-3953.6225923222555
6547.152052610356,3960.0,-3793.2064812235276
6599.1135768374215,3960.0,-3756.3254953721735
6651.075101064488,3960.0,-3746.015220224431
6703.036625291555,3960.0,-3742.846081997489
6754.99814951862,3960.0,-3741.6444414702773
6806.959673745687,3960.0,-3738.6764770153213
6858.921197972753,3960.0,-3736.500901575576
6910.88272219982,3960.0,-3736.1510693320106
6962.844246426886,3960.0,-3734.42932987955
7014.805770653952,3960.0,-3749.8193112344225
7066.767294881019,3960.0,-3697.6248127898502
7118.728819108085,3960.0,-3449.884258708822
7170.690343335151,3960.0,-3403.7257207029597
7222.651867562217,3960.0,-3439.3193044782447
7274.613391789284,3960.0,-3437.051327505514
7326.5749160163505,3960.0,-3456.452143242973
7378.536440243416,3960.0,-3497.2676587111364
7430.497964470483,3960.0,-3555.961038245685
7482.459488697549,3960.0,-3636.259481994176
7534.421012924616,3960.0,-3741.0701864011426
7586.382537151681,3960.0,-3875.182373229003
7638.344061378748,3960.0,-4050.490781195354
7690.3055856058145,3960.0,-4296.069927784851
7742.267109832881,3960.0,-4817.61929337433
7794.228634059947,3960.0,-6189.4031081765825
7846.190158287013,3960.0,-2122.8616992808106
7898.15168251408,3960.0,2700.8390121163075
7950.113206741146,3960.0,2628.62077273112
8002.074730968212,3960.0,2678.6276106502946
8054.0362551952785,3960.0,2642.3157037467777
8105.997779422345,3960.0,2554.435182800079
8157.959303649412,3960.0,2450.2360823460976
8209.920827876478,3960.0,2336.938913813609
8261.882352103545,3960.0,2214.6772240530945
8313.84387633061,3960.0,2087.139513643618
8365.805400557676,3960.0,1955.0027045781
8417.766924784743,3960.0,1819.3658575756822
8469.728449011809,3960.0,1680.384822736983
8521.689973238876,3960.0,1543.2170474121144
8573.651497465942,3960.0,1408.6011821976695
8625.613021693009,3960.0,1276.2777883223148
8677.574545920073,3960.0,1149.6980877414644
8729.53607014714,3960.0,1030.7019343814666
8781.497594374207,3960.0,916.6380055018565
8833.459118601273,3960.0,810.6558576527852
8885.42064282834,3960.0,713.0148620453567
8937.382167055406,3960.0,621.4442550064292
8989.343691282473,3960.0,534.9606797801669
9041.30521550954,3960.0,452.06132115637695
9093.266739736604,3960.0,371.74817513706114
9145.22826396367,3960.0,292.3477541441391
9197.189788190737,3960.0,210.4926078443861
9249.151312417804,3960.0,157.4817712434853
9301.11283664487,3960.0,36.70599262362815
9353.074360871937,3960.0,57.393694293682664
9405.035885099003,3960.0,-259.64880431181314
9456.99740932607,3960.0,-297.53273751992896
9508.958933553135,3960.0,-437.23583471066274
9560.920457780201,3960.0,-476.7490278792242
9612.881982007268,3960.0,-503.5190048435054
9664.843506234334,3960.0,-502.7464904297841
9716.8050304614,3960.0,-488.73214713137344
9768.766554688467,3960.0,-487.22777733743135
9820.728078915534,3960.0,-344.8930291911719
9872.6896031426,3960.0,-324.89925840400696
9924.651127369665,3960.0,-334.1042106705622
9976.612651596732,3960.0,-220.77957322547022
10028.574175823798,3960.0,-190.44649643786752
10080.535700050865,3960.0,-259.94460961642005
10132.497224277931,3960.0,-343.7333442916998
10184.458748504998,3960.0,-330.9099643200244
10236.420272732064,3960.0,-284.25153653212953
10288.38179695913,3960.0,2341.2690878379767
10340.343321186196,3960.0,2492.3033626551432
25.980762113533157,4005.0,-3049.5232869248866
77.94228634059947,4005.0,-3063.499198043025
129.90381056766577,4005.0,-6664.147670464148
181.8653347947321,4005.0,-6686.042379874776
233.8268590217984,4005.0,-5697.090516282495
285.7883832488647,4005.0,-5531.0492966196125
337.749907475931,4005.0,-5365.517031618907
389.71143170299734,4005.0,-5164.941448780553
441.67295593006367,4005.0,-5403.041987382863
493.63448015713,4005.0,-6435.662464128878
545.5960043841962,4005.0,-2671.1269874898394
597.5575286112626,4005.0,3019.636636116631
649.5190528383289,4005.0,3039.5961129998923
701.4805770653952,4005.0,2903.197111441884
753.4421012924615,4005.0,2822.3859773291924
805.4036255195278,4005.0,2705.565970876548
857.3651497465942,4005.0,2589.700121628979
909.3266739736605,4005.0,2467.570127179645
961.2881982007268,4005.0,2336.9137852069193
1013.2497224277931,4005.0,2203.460745347643
1065.2112466548592,4005.0,2079.33208346325
1117.1727708819255,4005.0,1966.7285869786278
1169.1342951089919,4005.0,1860.54606031455
1221.0958193360582,4005.0,1758.7954696571378
1273.0573435631245,4005.0,1665.739863698797
1325.0188677901908,4005.0,1583.600432448679
1376.9803920172571,4005.0,1510.5090991639086
1428.9419162443235,4005.0,1447.7108941562876
1480.9034404713898,4005.0,1393.0219801355443
1532.864964698456,4005.0,1349.104180276167
1584.8264889255224,4005.0,1317.0799362129653
1636.7880131525887,4005.0,1311.3606429191695
1688.749537379655,4005.0,1369.9421504944976
1740.7110616067214,4005.0,1441.7951240997186
1792.6725858337877,4005.0,1620.7449338785766
1844.634110060854,4005.0,1761.7916273895557
1896.5956342879203,4005.0,473.21718417848746
1948.5571585149867,4005.0,465.7835382189152
2000.518682742053,4005.0,908.9107777140575
2052.4802069691195,4005.0,888.3204392180468
2104.4417311961856,4005.0,834.2013361969402
2156.403255423252,4005.0,177.77940387409262
2208.3647796503183,4005.0,-40.2298117552474
2260.326303877385,4005.0,1561.0912980111334
2312.287828104451,4005.0,1428.2351617917084
2364.2493523315175,4005.0,1275.230502897838
2416.2108765585835,4005.0,1489.0368982723273
2468.17240078565,4005.0,224.32283766126017
2520.133925012716,4005.0,840.4296282787109
2572.0954492397827,4005.0,968.5045652447673
2624.056973466849,4005.0,474.8975585603431
2676.0184976939154,4005.0,296.28499855056134
2727.9800219209815,4005.0,1623.9332054433444
2779.941546148048,4005.0,1414.4838589322535
2831.903070375114,4005.0,1320.233909011325
2883.8645946021807,4005.0,1237.9153186843982
2935.8261188292468,4005.0,1199.130808294938
2987.7876430563133,4005.0,1169.2184212502434
3039.7491672833794,4005.0,1138.9088432156577
3091.710691510446,4005.0,1108.0088483948396
3143.672215737512,4005.0,1073.9432279372345
3195.6337399645786,4005.0,1033.7022455733097
3247.5952641916447,4005.0,991.9345638282234
3299.556788418711,4005.0,433.31054468191235
3351.5183126457773,4005.0,264.61460515167954
3403.4798368728434,4005.0,172.15289160206373
3455.44136109991,4005.0,130.79753398939965
3507.402885326976,4005.0,-865.1232000718333
3559.3644095540426,4005.0,-1017.9040146675816
3611.3259337811087,4005.0,-1273.2948833391706
3663.2874580081752,4005.0,-1539.4383919223665
3715.2489822352413,4005.0,-1786.8667219861363
3767.210506462308,4005.0,-2004.8487760085088
3819.172030689374,4005.0,-2193.901704225001
3871.1335549164405,4005.0,-2359.4786886224056
3923.0950791435066,4005.0,-2506.9323210163084
3975.056603370573,4005.0,-2642.309866037467
4027.0181275976392,4005.0,-2772.671587937597
4078.979651824706,4005.0,-2903.3492764318244
4130.941176051772,4005.0,-3051.6731013444924
4182.902700278838,4005.0,-3313.9861798713127
4234.8642245059045,4005.0,-3609.08470935846
4286.825748732971,4005.0,-3622.568894973945
4338.787272960038,4005.0,-3017.6952789811717
4390.748797187103,4005.0,-3108.9445418682626
4442.71032141417,4005.0,-3727.9408931898747
4494.671845641236,4005.0,-3720.9969818509335
4546.633369868303,4005.0,-2371.370605771268
4598.5948940953685,4005.0,-2249.744490292284
4650.556418322435,4005.0,-2101.8429454835436
4702.517942549502,4005.0,-2223.2087570716362
4754.479466776568,4005.0,-3959.286020606244
4806.440991003634,4005.0,-3934.7280125155467
4858.4025152307,4005.0,-4299.323163720194
4910.364039457767,4005.0,-4114.925935849996
4962.3255636848335,4005.0,-4099.977577902464
5014.287087911899,4005.0,-4006.2565737360583
5066.248612138966,4005.0,-3859.208670253165
5118.210136366032,4005.0,-3592.827797365218
5170.171660593098,4005.0,-3515.8369569197985
5222.133184820164,4005.0,-3513.440036832549
5274.094709047231,4005.0,-3524.2390724399684
5326.0562332742975,4005.0,-3540.6737145445045
5378.017757501363,4005.0,-3556.488801352436
5429.97928172843,4005.0,-3567.1072533432143
5481.940805955496,4005.0,-3565.407728198369
5533.902330182563,4005.0,-3551.2590259034523
5585.863854409628,4005.0,-3553.6384173051865
5637.825378636695,4005.0,-3563.1730225533643
5689.7869028637615,4005.0,-3568.1368955370967
5741.748427090828,4005.0,-3574.6786030572302
5793.709951317894,4005.0,-3584.3441752866293
5845.67147554496,4005.0,-3588.9117591333643
5897.632999772027,4005.0,-3584.7724769141173
5949.594523999093,4005.0,-3585.9942216359395
6001.556048226159,4005.0,-3602.320912644218
6053.5175724532255,4005.0,-3623.909561420348
6105.479096680292,4005.0,-3642.660661763617
6157.440620907359,4005.0,-3655.1466156845845
6209.402145134424,4005.0,-3652.8693626790027
6261.363669361491,4005.0,-3624.7577769588165
6313.325193588557,4005.0,-3138.6875309090465
6365.286717815624,4005.0,-4214.155014196111
6417.2482420426895,4005.0,-3910.7525439048395
6469.209766269756,4005.0,-3936.0454677451617
6521.171290496823,4005.0,-4243.851620954027
6573.132814723889,4005.0,-3209.7230599341365
6625.094338950955,4005.0,-3734.022248586998
6677.055863178021,4005.0,-3771.1320637173726
6729.017387405088,4005.0,-3781.7475969481393
6780.9789116321535,4005.0,-3781.5366028629905
6832.94043585922,4005.0,-3777.724454756446
6884.901960086287,4005.0,-3771.465110046919
6936.863484313353,4005.0,-3761.3583637609177
6988.825008540419,4005.0,-3746.9365385160268
7040.786532767485,4005.0,-3753.868170678741
7092.748056994552,4005.0,-3698.431500396302
7144.7095812216185,4005.0,-3454.5328715278283
7196.671105448684,4005.0,-3401.5421008610265
7248.632629675751,4005.0,-3395.41747049103
7300.594153902817,4005.0,-3407.6197555875206
7352.555678129884,4005.0,-3454.92372144974
7404.517202356949,4005.0,-3520.847364348354
7456.478726584016,4005.0,-3602.694880444486
7508.4402508110825,4005.0,-3708.9350674312477
7560.401775038149,4005.0,-3844.2245198615155
7612.363299265215,4005.0,-4016.5527758011376
7664.324823492281,4005.0,-4260.919781107312
7716.286347719348,4005.0,-4762.265532753959
7768.247871946414,4005.0,-5947.693927853094
7820.20939617348,4005.0,-2248.3518768735116
7872.1709204005465,4005.0,2697.060454675214
7924.132444627613,4005.0,2614.320930836978
7976.09396885468,4005.0,2664.8357942456378
8028.055493081745,4005.0,2624.495449745077
8080.017017308812,4005.0,2553.9269608875074
8131.978541535878,4005.0,2461.977481759226
8183.940065762945,4005.0,2356.4831902622627
8235.901589990011,4005.0,2243.3460520965336
8287.863114217078,4005.0,2123.522430510906
8339.824638444143,4005.0,1998.5791866784052
8391.78616267121,4005.0,1868.7932534442232
8443.747686898276,4005.0,1737.6632780422635
8495.709211125342,4005.0,1605.7339859578817
8547.670735352409,4005.0,1477.8059613549844
8599.632259579475,4005.0,1349.9826139651973
8651.593783806542,4005.0,1224.4031052774017
8703.555308033607,4005.0,1104.1020044078864
8755.516832260673,4005.0,992.7487689066087
8807.47835648774,4005.0,886.0561005229833
8859.439880714806,4005.0,787.6099562967288
8911.401404941873,4005.0,695.867311916654
8963.36292916894,4005.0,609.5092320728418
9015.324453396006,4005.0,527.3108375217361
9067.285977623073,4005.0,446.82858895956645
9119.247501850137,4005.0,366.4987443561315
9171.209026077204,4005.0,283.33684734059807
9223.17055030427,4005.0,201.08489495652657
9275.132074531337,4005.0,75.93863015593615
9327.093598758403,4005.0,41.08856498644094
9379.05512298547,4005.0,-245.2803063205888
9431.016647212537,4005.0,-280.2921549937876
9482.978171439603,4005.0,-282.2160405039297
9534.939695666668,4005.0,-416.66243452413664
9586.901219893734,4005.0,-434.593439047383
9638.862744120801,4005.0,-440.2212482912797
9690.824268347867,4005.0,-437.16948309494876
9742.785792574934,4005.0,-283.85174729628125
9794.747316802,4005.0,-316.4711141661598
9846.708841029067,4005.0,-276.59830989757285
9898.670365256134,4005.0,-271.8894430720491
9950.631889483198,4005.0,-270.1269890105386
10002.593413710265,4005.0,-218.11052562702588
10054.554937937331,4005.0,-159.62992394471792
10106.516462164398,4005.0,-255.8946654249899
10158.477986391465,4005.0,-262.5093027034073
10210.439510618531,4005.0,-267.59972699787755
10262.401034845598,4005.0,-77.26953307181397
10314.362559072662,4005.0,2400.1242406867195
10366.324083299729,4005.0,2612.1342550486443
0.0,4050.0,2537.624011285303
51.96152422706631,4050.0,2784.6944276929153
103.92304845413263,4050.0,-2880.487335359955
155.88457268119893,4050.0,-3076.0964097458314
207.84609690826525,4050.0,-6542.669482563297
259.80762113533154,4050.0,-6509.828077086375
311.76914536239786,4050.0,-6685.972050002743
363.7306695894642,4050.0,-5649.839573753355
415.6921938165305,4050.0,-5634.349353988975
467.6537180435968,4050.0,-6652.950831860804
519.6152422706631,4050.0,-2801.6298755765756
571.5767664977294,4050.0,2976.2195057357394
623.5382907247957,4050.0,3102.372355568316
675.499814951862,4050.0,2839.3879836434735
727.4613391789284,4050.0,2760.1507628342206
779.4228634059947,4050.0,2650.6129119986626
831.384387633061,4050.0,2547.2508335843104
883.3459118601273,4050.0,2444.8926967468287
935.3074360871937,4050.0,2339.2336804730585
987.26896031426,4050.0,2227.954915215474
1039.2304845413262,4050.0,2117.9501876035038
1091.1920087683925,4050.0,2014.4184855647727
1143.1535329954588,4050.0,1914.2161414411357
1195.1150572225251,4050.0,1818.8643581949837
1247.0765814495915,4050.0,1729.6812466565975
1299.0381056766578,4050.0,1646.2442170026727
1350.999629903724,4050.0,1570.5899009800223
1402.9611541307904,4050.0,1503.5330019455496
1454.9226783578567,4050.0,1443.6527620492025
1506.884202584923,4050.0,1392.0727927631951
1558.8457268119894,4050.0,1349.0056962977783
1610.8072510390557,4050.0,1316.874661153689
1662.768775266122,4050.0,1301.586183516336
1714.7302994931883,4050.0,1299.897382713184
1766.6918237202547,4050.0,1347.8688878187145
1818.653347947321,4050.0,1471.851699404282
1870.6148721743873,4050.0,1755.950733580391
1922.5763964014536,4050.0,1809.249713899433
1974.53792062852,4050.0,497.31269561617995
2026.4994448555863,4050.0,500.3374909056748
2078.4609690826524,4050.0,939.9017965335006
2130.422493309719,4050.0,846.2931827108767
2182.384017536785,4050.0,808.9333707550436
2234.3455417638515,4050.0,-16.306187298951016
2286.3070659909176,4050.0,67.8122926522289
2338.268590217984,4050.0,1531.245844351743
2390.2301144450503,4050.0,1451.7850590608314
2442.191638672117,4050.0,182.27145796700046
2494.153162899183,4050.0,806.1013899255622
2546.1146871262495,4050.0,970.0574833447522
2598.0762113533156,4050.0,477.61905009314927
2650.037735580382,4050.0,1638.7370351130503
2701.999259807448,4050.0,1624.5339182096964
2753.9607840345147,4050.0,1370.199805757018
2805.922308261581,4050.0,1263.9035202480732
2857.8838324886474,4050.0,1243.498547172359
2909.8453567157135,4050.0,1219.1316773035335
2961.80688094278,4050.0,1191.1252685811826
3013.768405169846,4050.0,1160.0593436533425
3065.7299293969127,4050.0,1121.5211530750657
3117.6914536239788,4050.0,1073.2551695296615
3169.6529778510453,4050.0,1007.433233865014
3221.6145020781114,4050.0,905.1628185061634
3273.576026305178,4050.0,761.762726797251
3325.537550532244,4050.0,339.1809161564809
3377.49907475931,4050.0,284.2881831524026
3429.4605989863767,4050.0,172.8245364978257
3481.422123213443,4050.0,160.94585367707555
3533.3836474405093,4050.0,-687.3530258358971
3585.3451716675754,4050.0,-939.5569142235262
3637.306695894642,4050.0,-1261.6772450984529
3689.268220121708,4050.0,-1538.818316717388
3741.2297443487746,4050.0,-1786.8756535838406
3793.1912685758407,4050.0,-2007.6314717074622
3845.1527928029072,4050.0,-2205.6935455183675
3897.1143170299733,4050.0,-2384.9183171160403
3949.07584125704,4050.0,-2548.794422230415
4001.037365484106,4050.0,-2703.8327078964885
4052.9988897111725,4050.0,-2852.001945343676
4104.960413938239,4050.0,-3006.444088645995
4156.921938165305,4050.0,-3221.254517557799
4208.883462392371,4050.0,-3572.819005290299
4260.844986619438,4050.0,-3610.7751594006495
4312.806510846504,4050.0,-3041.1665303595864
4364.76803507357,4050.0,-3195.784567328592
4416.7295593006365,4050.0,-3978.3931414976732
4468.691083527703,4050.0,-4020.2937948747326
4520.65260775477,4050.0,-4152.664744750164
4572.614131981835,4050.0,-4221.630004513754
4624.575656208902,4050.0,-4237.942744906826
4676.537180435968,4050.0,-4554.53769681187
4728.498704663035,4050.0,-4036.173521229426
4780.460228890101,4050.0,-4048.647776781376
4832.421753117167,4050.0,-4016.865080553738
4884.383277344234,4050.0,-4322.162706842483
4936.3448015713,4050.0,-4296.007006452306
4988.306325798366,4050.0,-4258.565866075183
5040.267850025432,4050.0,-3892.654297957028
5092.229374252499,4050.0,-3200.556520551478
5144.190898479565,4050.0,-3517.344499791331
5196.152422706631,4050.0,-3514.625068814642
5248.113946933698,4050.0,-3536.91141839767
5300.075471160764,4050.0,-3560.3027017079266
5352.03699538783,4050.0,-3575.740832268406
5403.998519614896,4050.0,-3580.863461400334
5455.960043841963,4050.0,-3569.209327619179
5507.9215680690295,4050.0,-3549.842447302538
5559.883092296095,4050.0,-3115.003275772079
5611.844616523162,4050.0,-3134.383632956202
5663.806140750228,4050.0,-3117.1804182137166
5715.767664977295,4050.0,-3091.003984147498
5767.72918920436,4050.0,-3119.8182553971183
5819.690713431427,4050.0,-3163.831879694382
5871.6522376584935,4050.0,-3164.2749849642832
5923.61376188556,4050.0,-3138.0290972448547
5975.575286112626,4050.0,-3155.9168090382436
6027.536810339692,4050.0,-3580.479998413215
6079.498334566759,4050.0,-3593.992806563035
6131.459858793825,4050.0,-3615.4854569886697
6183.421383020891,4050.0,-3628.0465096107873
6235.3829072479575,4050.0,-3626.9257471657315
6287.344431475024,4050.0,-3207.8621142055063
6339.305955702091,4050.0,-4267.845199880939
6391.267479929156,4050.0,-3901.9446505741016
6443.229004156223,4050.0,-3878.9824928270727
6495.190528383289,4050.0,-4320.051734155415
6547.152052610356,4050.0,-3188.582552652655
6599.1135768374215,4050.0,-3708.29643824272
6651.075101064488,4050.0,-3766.8548021078695
6703.036625291555,4050.0,-3800.2781054171164
6754.99814951862,4050.0,-3807.555362408827
6806.959673745687,4050.0,-3805.7005309192054
6858.921197972753,4050.0,-3801.216771009299
6910.88272219982,4050.0,-3790.8937355426597
6962.844246426886,4050.0,-3772.7309275248367
7014.805770653952,4050.0,-3753.042606420314
7066.767294881019,4050.0,-3756.5537167108314
7118.728819108085,4050.0,-3700.8827891673504
7170.690343335151,4050.0,-3490.9647986311675
7222.651867562217,4050.0,-3435.5798150869396
7274.613391789284,4050.0,-3414.1181494957236
7326.5749160163505,4050.0,-3438.570394837092
7378.536440243416,4050.0,-3487.775843204896
7430.497964470483,4050.0,-3563.9567792356293
7482.459488697549,4050.0,-3667.913912854563
7534.421012924616,4050.0,-3803.748811281087
7586.382537151681,4050.0,-3972.7842376803865
7638.344061378748,4050.0,-4195.4553036948755
7690.3055856058145,4050.0,-4582.236056913685
7742.267109832881,4050.0,-5942.784445872629
7794.228634059947,4050.0,-2630.466181980033
7846.190158287013,4050.0,2887.4906277260243
7898.15168251408,4050.0,2917.150282407839
7950.113206741146,4050.0,2729.937860636466
8002.074730968212,4050.0,2663.359966704566
8054.0362551952785,4050.0,2571.845317595317
8105.997779422345,4050.0,2479.0823351729823
8157.959303649412,4050.0,2378.7489574885412
8209.920827876478,4050.0,2271.056084399738
8261.882352103545,4050.0,2157.1848535051977
8313.84387633061,4050.0,2039.0253325339875
8365.805400557676,4050.0,1916.4265093492384
8417.766924784743,4050.0,1791.0760271932631
8469.728449011809,4050.0,1664.7924040351795
8521.689973238876,4050.0,1540.155489842753
8573.651497465942,4050.0,1414.9140873039787
8625.613021693009,4050.0,1292.4155621642494
8677.574545920073,4050.0,1173.4181564623727
8729.53607014714,4050.0,1062.262103402784
8781.497594374207,4050.0,956.4127576195979
8833.459118601273,4050.0,858.3037601978463
8885.42064282834,4050.0,766.6224446766901
8937.382167055406,4050.0,682.4913832343179
8989.343691282473,4050.0,601.5087433097023
9041.30521550954,4050.0,524.5643322583635
9093.266739736604,4050.0,447.1263130798036
9145.22826396367,4050.0,367.8949498889881
9197.189788190737,4050.0,279.9048826239381
9249.151312417804,4050.0,211.37313048498433
9301.11283664487,4050.0,75.79539598781543
9353.074360871937,4050.0,53.58833676822944
9405.035885099003,4050.0,43.69910633950536
9456.99740932607,4050.0,-193.4148336940703
9508.958933553135,4050.0,-285.68126427249865
9560.920457780201,4050.0,-323.5724374313685
9612.881982007268,4050.0,-290.6769342396364
9664.843506234334,4050.0,-293.2181389278523
9716.8050304614,4050.0,-329.3729342106507
9768.766554688467,4050.0,-325.9014616818385
9820.728078915534,4050.0,-358.7205878725734
9872.6896031426,4050.0,-264.16417196420537
9924.651127369665,4050.0,-248.71177726394592
9976.612651596732,4050.0,-242.64389640112955
10028.574175823798,4050.0,-216.27075125111415
10080.535700050865,4050.0,-197.1958896440575
10132.497224277931,4050.0,-252.01761249086042
10184.458748504998,4050.0,-164.29515278199472
10236.420272732064,4050.0,-59.32720011410346
10288.38179695913,4050.0,1042.999523425898
10340.343321186196,4050.0,2410.3528775752475
25.980762113533157,4095.0,2745.235147836242
77.94228634059947,4095.0,2973.614319522961
129.90381056766577,4095.0,2837.0450154543933
181.8653347947321,4095.0,-3186.189461815766
233.8268590217984,4095.0,-2899.2349004347548
285.7883832488647,4095.0,-2950.2784145827773
337.749907475931,4095.0,-6689.363393403416
389.71143170299734,4095.0,-6710.012159384756
441.67295593006367,4095.0,-6863.298122381441
493.63448015713,4095.0,-2905.2389184304757
545.5960043841962,4095.0,2969.3641397028327
597.5575286112626,4095.0,2734.0214191828704
649.5190528383289,4095.0,2724.6016023440197
701.4805770653952,4095.0,2667.5095542392246
753.4421012924615,4095.0,2570.0006017335427
805.4036255195278,4095.0,2481.9064282003237
857.3651497465942,4095.0,2397.38226319826
909.3266739736605,4095.0,2311.9035782137025
961.2881982007268,4095.0,2223.741976138031
1013.2497224277931,4095.0,2131.0505698604206
1065.2112466548592,4095.0,2038.4925386002803
1117.1727708819255,4095.0,1947.2879437669055
1169.1342951089919,4095.0,1858.6382573284363
1221.0958193360582,4095.0,1774.6422918966769
1273.0573435631245,4095.0,1696.2427695744473
1325.0188677901908,4095.0,1621.4522615161034
1376.9803920172571,4095.0,1551.9323891722377
1428.9419162443235,4095.0,1490.015944690296
1480.9034404713898,4095.0,1433.9414776218664
1532.864964698456,4095.0,1386.1147720573158
1584.8264889255224,4095.0,1346.411524663954
1636.7880131525887,4095.0,1314.7655906252162
1688.749537379655,4095.0,1294.7862988523993
1740.7110616067214,4095.0,1288.6176742817897
1792.6725858337877,4095.0,1305.064454289972
1844.634110060854,4095.0,1391.8731583004542
1896.5956342879203,4095.0,1506.9028440988318
1948.5571585149867,4095.0,1738.4051215248287
2000.518682742053,4095.0,1790.1283943037595
2052.4802069691195,4095.0,446.45817797507476
2104.4417311961856,4095.0,946.9377169591932
2156.403255423252,4095.0,964.4994937027309
2208.3647796503183,4095.0,865.1653328976671
2260.326303877385,4095.0,830.8188927135078
2312.287828104451,4095.0,954.5253471364782
2364.2493523315175,4095.0,1115.391292016212
2416.2108765585835,4095.0,961.0766975877406
2468.17240078565,4095.0,851.8722063803573
2520.133925012716,4095.0,897.4848803941338
2572.0954492397827,4095.0,382.42647253794865
2624.056973466849,4095.0,1606.39126065271
2676.0184976939154,4095.0,1414.618912713684
2727.9800219209815,4095.0,1344.151834208394
2779.941546148048,4095.0,1278.911186995973
2831.903070375114,4095.0,1262.2993672476273
2883.8645946021807,4095.0,1249.7188077480696
2935.8261188292468,4095.0,1226.8936526823418
2987.7876430563133,4095.0,1192.762396055959
3039.7491672833794,4095.0,1149.1761915174816
3091.710691510446,4095.0,1091.9567866569373
3143.672215737512,4095.0,1018.4931029326779
3195.6337399645786,4095.0,915.6395697125195
3247.5952641916447,4095.0,767.4776943000622
3299.556788418711,4095.0,641.6462110059431
3351.5183126457773,4095.0,282.00103868186875
3403.4798368728434,4095.0,273.3427474800923
3455.44136109991,4095.0,221.61766240304732
3507.402885326976,4095.0,233.9607510046335
3559.3644095540426,4095.0,-612.2386481831996
3611.3259337811087,4095.0,-961.6337603488586
3663.2874580081752,4095.0,-1282.500416093807
3715.2489822352413,4095.0,-1559.0858414041159
3767.210506462308,4095.0,-1810.711701696117
3819.172030689374,4095.0,-2041.2162863936064
3871.1335549164405,4095.0,-2251.8146664754286
3923.0950791435066,4095.0,-2446.132672387056
3975.056603370573,4095.0,-2626.3907930537025
4027.0181275976392,4095.0,-2799.3557588604185
4078.979651824706,4095.0,-2975.928975049951
4130.941176051772,4095.0,-3204.1821915358505
4182.902700278838,4095.0,-3470.513258268879
4234.8642245059045,4095.0,-3547.3408633310432
4286.825748732971,4095.0,-2938.9154430479175
4338.787272960038,4095.0,-3213.7510490445725
4390.748797187103,4095.0,-4232.049912102547
4442.71032141417,4095.0,-4310.388380114775
4494.671845641236,4095.0,-4200.821772165725
4546.633369868303,4095.0,-4122.65279696581
4598.5948940953685,4095.0,-4251.733822880336
4650.556418322435,4095.0,-4249.88662865297
4702.517942549502,4095.0,-4492.0882283294395
4754.479466776568,4095.0,-4473.34803725157
4806.440991003634,4095.0,-4114.841869309546
4858.4025152307,4095.0,-4074.164656111874
4910.364039457767,4095.0,-3999.903996592154
4962.3255636848335,4095.0,-4012.416848770178
5014.287087911899,4095.0,-4285.8056181140355
5066.248612138966,4095.0,-4314.002731186588
5118.210136366032,4095.0,-3191.8176422194883
5170.171660593098,4095.0,-3105.74697111777
5222.133184820164,4095.0,-3528.167704745807
5274.094709047231,4095.0,-3564.013914216004
5326.0562332742975,4095.0,-3586.7212219554276
5378.017757501363,4095.0,-3591.1800053715324
5429.97928172843,4095.0,-3579.3378955839794
5481.940805955496,4095.0,-3219.495928338424
5533.902330182563,4095.0,-3165.03740236469
5585.863854409628,4095.0,-4434.451792558108
5637.825378636695,4095.0,-4433.126015420157
5689.7869028637615,4095.0,-4348.044436262233
5741.748427090828,4095.0,-4326.320709691385
5793.709951317894,4095.0,-4359.130401395584
5845.67147554496,4095.0,-4301.214331233946
5897.632999772027,4095.0,-4266.979130759727
5949.594523999093,4095.0,-4308.929485549519
6001.556048226159,4095.0,-3084.9271783903323
6053.5175724532255,4095.0,-2995.334959849527
6105.479096680292,4095.0,-3063.700785522885
6157.440620907359,4095.0,-3150.6847656485024
6209.402145134424,4095.0,-3161.29055494831
6261.363669361491,4095.0,-3192.5175254012684
6313.325193588557,4095.0,-4363.238257060201
6365.286717815624,4095.0,-3974.413958199021
6417.2482420426895,4095.0,-3924.1622418820125
6469.209766269756,4095.0,-4397.742601938497
6521.171290496823,4095.0,-3199.426861445724
6573.132814723889,4095.0,-3709.8977738687972
6625.094338950955,4095.0,-3766.3973427193923
6677.055863178021,4095.0,-3809.3723957594425
6729.017387405088,4095.0,-3823.3188113026767
6780.9789116321535,4095.0,-3824.740912760904
6832.94043585922,4095.0,-3821.5167867572654
6884.901960086287,4095.0,-3814.553692850095
6936.863484313353,4095.0,-3803.0084204513114
6988.825008540419,4095.0,-3782.825300683528
7040.786532767485,4095.0,-3762.7494930161065
7092.748056994552,4095.0,-3761.802195870549
7144.7095812216185,4095.0,-3735.4025814317074
7196.671105448684,4095.0,-3680.857210324569
7248.632629675751,4095.0,-3491.7324750796297
7300.594153902817,4095.0,-3450.3457266881614
7352.555678129884,4095.0,-3469.6385896934744
7404.517202356949,4095.0,-3521.3953467652536
7456.478726584016,4095.0,-3613.548954322947
7508.4402508110825,4095.0,-3748.3860104201885
7560.401775038149,4095.0,-3927.5078435139703
7612.363299265215,4095.0,-4151.004787846755
7664.324823492281,4095.0,-4414.296088005635
7716.286347719348,4095.0,-5002.618064051253
7768.247871946414,4095.0,-6138.080213600268
7820.20939617348,4095.0,-2642.565367401994
7872.1709204005465,4095.0,3013.0983279526936
7924.132444627613,4095.0,3006.785332404981
7976.09396885468,4095.0,2723.411280019815
8028.055493081745,4095.0,2612.585109241848
8080.017017308812,4095.0,2504.634170875466
8131.978541535878,4095.0,2403.4139651596024
8183.940065762945,4095.0,2299.2209011289583
8235.901589990011,4095.0,2188.549963902651
8287.863114217078,4095.0,2073.5659135124233
8339.824638444143,4095.0,1956.364132752241
8391.78616267121,4095.0,1836.9894005868277
8443.747686898276,4095.0,1717.1666744036997
8495.709211125342,4095.0,1595.4412076025008
8547.670735352409,4095.0,1474.981740481288
8599.632259579475,4095.0,1357.1936862430548
8651.593783806542,4095.0,1242.5739220168143
8703.555308033607,4095.0,1130.9050742645893
8755.516832260673,4095.0,1025.54535797559
8807.47835648774,4095.0,926.663957133592
8859.439880714806,4095.0,836.1307578273559
8911.401404941873,4095.0,752.6208162492374
8963.36292916894,4095.0,675.7858637108463
9015.324453396006,4095.0,602.5713481749167
9067.285977623073,4095.0,532.3150591481296
9119.247501850137,4095.0,459.7555424677867
9171.209026077204,4095.0,384.29317047290317
9223.17055030427,4095.0,301.1607978530627
9275.132074531337,4095.0,241.73695012766936
9327.093598758403,4095.0,122.79007948363318
9379.05512298547,4095.0,59.64878716127034
9431.016647212537,4095.0,9.254729611370706
9482.978171439603,4095.0,-274.86055722158727
9534.939695666668,4095.0,-320.1772449215645
9586.901219893734,4095.0,-280.27131116136826
9638.862744120801,4095.0,-273.35654320101855
9690.824268347867,4095.0,-305.3502811058769
9742.785792574934,4095.0,-349.02954184748614
9794.747316802,4095.0,-176.8241949552808
9846.708841029067,4095.0,-258.52894201322863
9898.670365256134,4095.0,-212.2605964484141
9950.631889483198,4095.0,-220.3478166690163
10002.593413710265,4095.0,-248.4155135825988
10054.554937937331,4095.0,-189.4706055607691
10106.516462164398,4095.0,-45.647884807608854
10158.477986391465,4095.0,44.27575351240675
10210.439510618531,4095.0,240.94467348929186
10262.401034845598,4095.0,696.3838685712844
10314.362559072662,4095.0,1235.3166623912794
10366.324083299729,4095.0,2303.0211191903345
0.0,4140.0,2200.413170195871
51.96152422706631,4140.0,2865.9740130973883
103.92304845413263,4140.0,2651.939485601446
155.88457268119893,4140.0,2677.4975212966892
207.84609690826525,4140.0,2783.8584925259984
259.80762113533154,4140.0,2516.4491338658054
311.76914536239786,4140.0,-3137.302693808316
363.7306695894642,4140.0,-2933.820492009767
415.6921938165305,4140.0,-2824.050058069295
467.6537180435968,4140.0,-2900.553556439073
519.6152422706631,4140.0,3166.1924913341772
571.5767664977294,4140.0,2859.446067698369
623.5382907247957,4140.0,2608.0430916523883
675.499814951862,4140.0,2538.5200386040874
727.4613391789284,4140.0,2454.8204566670147
779.4228634059947,4140.0,2383.5059690713924
831.384387633061,4140.0,2320.1526240103267
883.3459118601273,4140.0,2256.511169556734
935.3074360871937,4140.0,2189.2181486940312
987.26896031426,4140.0,2116.2526861624983
1039.2304845413262,4140.0,2038.9703706121988
1091.1920087683925,4140.0,1958.8945308352327
1143.1535329954588,4140.0,1881.431410197416
1195.1150572225251,4140.0,1805.3178500735755
1247.0765814495915,4140.0,1732.3523864616586
1299.0381056766578,4140.0,1659.9959690250155
1350.999629903724,4140.0,1591.862288997259
1402.9611541307904,4140.0,1530.823060511023
1454.9226783578567,4140.0,1473.454079878894
1506.884202584923,4140.0,1421.7002254473457
1558.8457268119894,4140.0,1378.1001021820457
1610.8072510390557,4140.0,1340.7622396971497
1662.768775266122,4140.0,1312.4872626474553
1714.7302994931883,4140.0,1291.672224219557
1766.6918237202547,4140.0,1283.5851889464284
1818.653347947321,4140.0,1292.4136146021672
1870.6148721743873,4140.0,1312.9967004364573
1922.5763964014536,4140.0,1388.2624745264995
1974.53792062852,4140.0,1492.8932585666307
2026.4994448555863,4140.0,1737.0379812942617
2078.4609690826524,4140.0,481.9913785277704
2130.422493309719,4140.0,475.64441066675465
2182.384017536785,4140.0,1013.7318304740807
2234.3455417638515,4140.0,945.4658949823115
2286.3070659909176,4140.0,820.6917032270544
2338.268590217984,4140.0,984.5803781919774
2390.2301144450503,4140.0,1046.025802212041
2442.191638672117,4140.0,1108.1421828208418
2494.153162899183,4140.0,913.8338663895292
2546.1146871262495,4140.0,1085.5971274835626
2598.0762113533156,4140.0,1678.6043045368494
2650.037735580382,4140.0,1407.6707295405695
2701.999259807448,4140.0,1313.31891688629
2753.9607840345147,4140.0,1309.8174759861108
2805.922308261581,4140.0,1307.8476426054071
2857.8838324886474,4140.0,1299.2031615389703
2909.8453567157135,4140.0,1279.6312670490288
2961.80688094278,4140.0,1245.4801712124545
3013.768405169846,4140.0,1198.4648080121965
3065.7299293969127,4140.0,1136.9912686805296
3117.6914536239788,4140.0,1059.5133452794648
3169.6529778510453,4140.0,955.8839712650719
3221.6145020781114,4140.0,815.0616240424358
3273.576026305178,4140.0,649.2285820429032
3325.537550532244,4140.0,328.89172387305143
3377.49907475931,4140.0,269.19771166929036
3429.4605989863767,4140.0,189.22066020670553
3481.422123213443,4140.0,238.98317317304767
3533.3836474405093,4140.0,-423.1062373077982
3585.3451716675754,4140.0,-677.766810876835
3637.306695894642,4140.0,-1020.127529826023
3689.268220121708,4140.0,-1317.9766976789606
3741.2297443487746,4140.0,-1594.245029343107
3793.1912685758407,4140.0,-1854.486752656294
3845.1527928029072,4140.0,-2097.188533420981
3897.1143170299733,4140.0,-2324.5138222767027
3949.07584125704,4140.0,-2535.1214291086444
4001.037365484106,4140.0,-2731.7801852066978
4052.9988897111725,4140.0,-2932.478264607018
4104.960413938239,4140.0,-3212.283702389471
4156.921938165305,4140.0,-3602.6100357320056
4208.883462392371,4140.0,-3623.4190982481564
4260.844986619438,4140.0,-1861.6543804962403
4312.806510846504,4140.0,-3157.7764754283403
4364.76803507357,4140.0,-4358.805777725207
4416.7295593006365,4140.0,-4668.971435743891
4468.691083527703,4140.0,-4573.385444404054
4520.65260775477,4140.0,-4311.95226263031
4572.614131981835,4140.0,-4193.748428711839
4624.575656208902,4140.0,-4135.494416421925
4676.537180435968,4140.0,-3425.20732763633
4728.498704663035,4140.0,-3427.3857911837367
4780.460228890101,4140.0,-4535.650994104255
4832.421753117167,4140.0,-4150.571454464383
4884.383277344234,4140.0,-4146.251556823352
4936.3448015713,4140.0,-4151.846053603591
4988.306325798366,4140.0,-4063.9908993793006
5040.267850025432,4140.0,-4094.854882955692
5092.229374252499,4140.0,-4310.635666343727
5144.190898479565,4140.0,-4319.4368795682185
5196.152422706631,4140.0,-3082.957084346365
5248.113946933698,4140.0,-3550.0148850747455
5300.075471160764,4140.0,-3574.9147500726185
5352.03699538783,4140.0,-3583.58881110336
5403.998519614896,4140.0,-3583.4627337928223
5455.960043841963,4140.0,-3199.56778852884
5507.9215680690295,4140.0,-4327.5315000101255
5559.883092296095,4140.0,-4353.042540378856
5611.844616523162,4140.0,-3963.264738346255
5663.806140750228,4140.0,-3874.0417643991514
5715.767664977295,4140.0,-3897.49656582894
5767.72918920436,4140.0,-3951.8061231260667
5819.690713431427,4140.0,-3903.074600110184
5871.6522376584935,4140.0,-3900.7688182693955
5923.61376188556,4140.0,-3931.970158539764
5975.575286112626,4140.0,-4363.7955285388525
6027.536810339692,4140.0,-4390.991056653611
6079.498334566759,4140.0,-4376.024614906741
6131.459858793825,4140.0,-4420.742155656912
6183.421383020891,4140.0,-4430.691019753074
6235.3829072479575,4140.0,-4335.572053905473
6287.344431475024,4140.0,-4346.029868737541
6339.305955702091,4140.0,-3856.0863188696094
6391.267479929156,4140.0,-3911.388070558406
6443.229004156223,4140.0,-4314.7841758844415
6495.190528383289,4140.0,-3255.9946426507695
6547.152052610356,4140.0,-3730.5511384347997
6599.1135768374215,4140.0,-3778.780188810264
6651.075101064488,4140.0,-3818.8820321699777
6703.036625291555,4140.0,-3836.1142762838194
6754.99814951862,4140.0,-3841.1442452832252
6806.959673745687,4140.0,-3839.8571173367536
6858.921197972753,4140.0,-3833.017402266719
6910.88272219982,4140.0,-3823.716725425854
6962.844246426886,4140.0,-3807.562410882543
7014.805770653952,4140.0,-3786.5078061899467
7066.767294881019,4140.0,-3768.9465541048776
7118.728819108085,4140.0,-3765.254004277871
7170.690343335151,4140.0,-3765.657091736519
7222.651867562217,4140.0,-3715.7311817771815
7274.613391789284,4140.0,-3543.2424667753576
7326.5749160163505,4140.0,-3513.981381698798
7378.536440243416,4140.0,-3514.877795850919
7430.497964470483,4140.0,-3579.014734896212
7482.459488697549,4140.0,-3675.003346120192
7534.421012924616,4140.0,-3857.682171555819
7586.382537151681,4140.0,-4136.409396870203
7638.344061378748,4140.0,-4548.545943475119
7690.3055856058145,4140.0,-5003.522311142082
7742.267109832881,4140.0,-6202.083819439288
7794.228634059947,4140.0,-2449.7857190344835
7846.190158287013,4140.0,2910.800291058192
7898.15168251408,4140.0,2616.66913614617
7950.113206741146,4140.0,2672.0645138729865
8002.074730968212,4140.0,2626.3910175157393
8054.0362551952785,4140.0,2526.40118347811
8105.997779422345,4140.0,2427.058809045827
8157.959303649412,4140.0,2326.744192531829
8209.920827876478,4140.0,2218.6818760740707
8261.882352103545,4140.0,2107.5947324052504
8313.84387633061,4140.0,1994.670777877444
8365.805400557676,4140.0,1880.733906749852
8417.766924784743,4140.0,1765.5383611770008
8469.728449011809,4140.0,1647.4178902358356
8521.689973238876,4140.0,1530.8432864736803
8573.651497465942,4140.0,1414.66862251679
8625.613021693009,4140.0,1302.7333498898975
8677.574545920073,4140.0,1193.8536829764798
8729.53607014714,4140.0,1090.5811824495142
8781.497594374207,4140.0,994.3145541460386
8833.459118601273,4140.0,904.4865714688503
8885.42064282834,4140.0,823.5568307727041
8937.382167055406,4140.0,748.8318424528479
8989.343691282473,4140.0,679.9352979838402
9041.30521550954,4140.0,616.1783321662826
9093.266739736604,4140.0,552.2717294387141
9145.22826396367,4140.0,488.1744789362364
9197.189788190737,4140.0,423.2288991022983
9249.151312417804,4140.0,353.3551083820235
9301.11283664487,4140.0,300.54457581109216
9353.074360871937,4140.0,278.49530069776324
9405.035885099003,4140.0,58.27304914804189
9456.99740932607,4140.0,37.065107282375415
9508.958933553135,4140.0,14.587594878925444
9560.920457780201,4140.0,7.403880834310911
9612.881982007268,4140.0,-234.53732990319682
9664.843506234334,4140.0,-290.3790804553143
9716.8050304614,4140.0,-114.99083212206384
9768.766554688467,4140.0,-158.1135993054167
9820.728078915534,4140.0,-231.1936887930015
9872.6896031426,4140.0,-207.38075774125855
9924.651127369665,4140.0,-114.73281872452768
9976.612651596732,4140.0,-108.99903361988119
10028.574175823798,4140.0,-81.0087977909075
10080.535700050865,4140.0,-29.739316937190186
10132.497224277931,4140.0,59.47905192207665
10184.458748504998,4140.0,208.62550872689758
10236.420272732064,4140.0,460.40606466579936
10288.38179695913,4140.0,886.2111876444387
10340.343321186196,4140.0,1400.4025436048037
25.980762113533157,4185.0,2412.1183859823827
77.94228634059947,4185.0,2539.4767140115155
129.90381056766577,4185.0,2709.7430904250255
181.8653347947321,4185.0,2837.7498011256985
233.8268590217984,4185.0,2677.555225408527
285.7883832488647,4185.0,2761.49625628365
337.749907475931,4185.0,2619.155950877685
389.71143170299734,4185.0,2722.2147030629867
441.67295593006367,4185.0,-3020.8943322072387
493.63448015713,4185.0,3134.5875223948137
545.5960043841962,4185.0,3033.5087601093674
597.5575286112626,4185.0,2436.1085090541696
649.5190528383289,4185.0,2363.606187686724
701.4805770653952,4185.0,2283.249716022085
753.4421012924615,4185.0,2238.574938877366
805.4036255195278,4185.0,2202.4780977734854
857.3651497465942,4185.0,2167.244036511732
909.3266739736605,4185.0,2126.24794611208
961.2881982007268,4185.0,2077.9849124218954
1013.2497224277931,4185.0,2020.9880696370496
1065.2112466548592,4185.0,1956.5141927834852
1117.1727708819255,4185.0,1889.3151240953089
1169.1342951089919,4185.0,1822.708722621784
1221.0958193360582,4185.0,1756.390829271529
1273.0573435631245,4185.0,1690.104678662088
1325.0188677901908,4185.0,1625.5486238714664
1376.9803920172571,4185.0,1564.7787419593806
1428.9419162443235,4185.0,1509.2748033454077
1480.9034404713898,4185.0,1457.881654298676
1532.864964698456,4185.0,1409.9188846206116
1584.8264889255224,4185.0,1369.4964112593486
1636.7880131525887,4185.0,1335.6310298959297
1688.749537379655,4185.0,1309.4210235790642
1740.7110616067214,4185.0,1291.6436916302393
1792.6725858337877,4185.0,1282.2975950060797
1844.634110060854,4185.0,1281.3447739663911
1896.5956342879203,4185.0,1289.5824466189183
1948.5571585149867,4185.0,1310.878197609616
2000.518682742053,4185.0,1419.5577371309337
2052.4802069691195,4185.0,1637.5502418356532
2104.4417311961856,4185.0,1785.36320415292
2156.403255423252,4185.0,323.1815559091165
2208.3647796503183,4185.0,294.0981010925158
2260.326303877385,4185.0,914.2950865249609
2312.287828104451,4185.0,1066.7501798256997
2364.2493523315175,4185.0,1128.7361131343591
2416.2108765585835,4185.0,1163.156262861235
2468.17240078565,4185.0,1166.130954220624
2520.133925012716,4185.0,1156.224060885486
2572.0954492397827,4185.0,1274.486136545131
2624.056973466849,4185.0,1352.8963188295188
2676.0184976939154,4185.0,1331.7472536436562
2727.9800219209815,4185.0,1354.9200439334063
2779.941546148048,4185.0,1374.3786007574563
2831.903070375114,4185.0,1377.0171815145673
2883.8645946021807,4185.0,1359.7835806351504
2935.8261188292468,4185.0,1325.3695835990084
2987.7876430563133,4185.0,1273.621675948636
3039.7491672833794,4185.0,1205.7362594888953
3091.710691510446,4185.0,1123.1526745181272
3143.672215737512,4185.0,1023.8945894274328
3195.6337399645786,4185.0,895.1400862483301
3247.5952641916447,4185.0,724.9562594491894
3299.556788418711,4185.0,591.6395363593351
3351.5183126457773,4185.0,268.3614221897502
3403.4798368728434,4185.0,313.84266233071673
3455.44136109991,4185.0,181.8531963281433
3507.402885326976,4185.0,192.20749647908724
3559.3644095540426,4185.0,-469.5396956312327
3611.3259337811087,4185.0,-764.9795484910144
3663.2874580081752,4185.0,-1061.1831241416864
3715.2489822352413,4185.0,-1351.0214838719507
3767.210506462308,4185.0,-1640.2808510788154
3819.172030689374,4185.0,-1919.981179473225
3871.1335549164405,4185.0,-2183.170354841456
3923.0950791435066,4185.0,-2425.824101249199
3975.056603370573,4185.0,-2650.998742979088
4027.0181275976392,4185.0,-2864.190400600155
4078.979651824706,4185.0,-3118.636930409973
4130.941176051772,4185.0,-3517.2447376054615
4182.902700278838,4185.0,-3541.4285339676817
4234.8642245059045,4185.0,-1626.599990912503
4286.825748732971,4185.0,-1758.5156424512834
4338.787272960038,4185.0,-6671.500949968844
4390.748797187103,4185.0,-6787.046946847755
4442.71032141417,4185.0,-5516.003476880109
4494.671845641236,4185.0,-4759.835490931258
4546.633369868303,4185.0,-4430.631802692573
4598.5948940953685,4185.0,-4227.503496555031
4650.556418322435,4185.0,-4077.9299546771235
4702.517942549502,4185.0,-3976.7400636622833
4754.479466776568,4185.0,-3431.7988942526254
4806.440991003634,4185.0,-4602.3325161222
4858.4025152307,4185.0,-4678.557911018844
4910.364039457767,4185.0,-4678.577157544589
4962.3255636848335,4185.0,-4234.916032321946
5014.287087911899,4185.0,-4201.454656437927
5066.248612138966,4185.0,-4067.3635705021265
5118.210136366032,4185.0,-3937.954128960924
5170.171660593098,4185.0,-4377.936592825294
5222.133184820164,4185.0,-3187.2160207482807
5274.094709047231,4185.0,-3222.3813631626363
5326.0562332742975,4185.0,-3568.043733606314
5378.017757501363,4185.0,-3134.213550040954
5429.97928172843,4185.0,-3176.0885456271762
5481.940805955496,4185.0,-4378.452595260487
5533.902330182563,4185.0,-3989.18570739593
5585.863854409628,4185.0,-3899.8015061084625
5637.825378636695,4185.0,-3851.381801794071
5689.7869028637615,4185.0,-3859.8425573509694
5741.748427090828,4185.0,-3858.7125477784557
5793.709951317894,4185.0,-3926.2488607686446
5845.67147554496,4185.0,-3855.386753962594
5897.632999772027,4185.0,-3964.052888689648
5949.594523999093,4185.0,-3878.4547335705493
6001.556048226159,4185.0,-3830.379735769247
6053.5175724532255,4185.0,-3877.3478516414734
6105.479096680292,4185.0,-3911.506512001843
6157.440620907359,4185.0,-3935.924191280792
6209.402145134424,4185.0,-3828.5223159564775
6261.363669361491,4185.0,-3829.5181860475936
6313.325193588557,4185.0,-3909.9735881501415
6365.286717815624,4185.0,-3904.6783206730797
6417.2482420426895,4185.0,-4291.948457288
6469.209766269756,4185.0,-3254.4694839167314
6521.171290496823,4185.0,-3750.360206327917
6573.132814723889,4185.0,-3797.5130422740667
6625.094338950955,4185.0,-3833.472538266714
6677.055863178021,4185.0,-3850.192872425524
6729.017387405088,4185.0,-3855.7937527598306
6780.9789116321535,4185.0,-3855.303451080097
6832.94043585922,4185.0,-3851.2632129030376
6884.901960086287,4185.0,-3842.6362220117007
6936.863484313353,4185.0,-3830.9670466381012
6988.825008540419,4185.0,-3815.8317376145824
7040.786532767485,4185.0,-3798.536699015953
7092.748056994552,4185.0,-3785.6428547103937
7144.7095812216185,4185.0,-3781.682878303579
7196.671105448684,4185.0,-3769.582197897196
7248.632629675751,4185.0,-3744.7656740314314
7300.594153902817,4185.0,-3704.865295647822
7352.555678129884,4185.0,-3585.4910599296045
7404.517202356949,4185.0,-3575.2900385904836
7456.478726584016,4185.0,-3620.5761134247105
7508.4402508110825,4185.0,-3751.6322265465074
7560.401775038149,4185.0,-4042.383411773225
7612.363299265215,4185.0,-4684.507637178438
7664.324823492281,4185.0,-6052.632699756993
7716.286347719348,4185.0,-6115.823586663246
7768.247871946414,4185.0,-2427.8393528986658
7820.20939617348,4185.0,2653.8352529383483
7872.1709204005465,4185.0,2581.480865966811
7924.132444627613,4185.0,2614.7919128689155
7976.09396885468,4185.0,2595.912384647869
8028.055493081745,4185.0,2531.9813157086337
8080.017017308812,4185.0,2442.5277319310853
8131.978541535878,4185.0,2346.5069081379006
8183.940065762945,4185.0,2246.990959772169
8235.901589990011,4185.0,2139.4793995810805
8287.863114217078,4185.0,2029.2011735810843
8339.824638444143,4185.0,1916.7077603065839
8391.78616267121,4185.0,1804.6313543705282
8443.747686898276,4185.0,1692.7201616771977
8495.709211125342,4185.0,1579.2979024803658
8547.670735352409,4185.0,1468.865031250269
8599.632259579475,4185.0,1358.8709910073135
8651.593783806542,4185.0,1253.870031337964
8703.555308033607,4185.0,1153.494239503113
8755.516832260673,4185.0,1059.475276903711
8807.47835648774,4185.0,971.0764742515325
8859.439880714806,4185.0,890.1324715150926
8911.401404941873,4185.0,817.3788726288398
8963.36292916894,4185.0,752.6325016953181
9015.324453396006,4185.0,695.2741150156477
9067.285977623073,4185.0,642.419496236447
9119.247501850137,4185.0,591.9258335172732
9171.209026077204,4185.0,540.9487793564036
9223.17055030427,4185.0,493.23682744987934
9275.132074531337,4185.0,446.43967121561633
9327.093598758403,4185.0,403.77748617719544
9379.05512298547,4185.0,405.2451869200878
9431.016647212537,4185.0,163.67146750194624
9482.978171439603,4185.0,-8.239395582671321
9534.939695666668,4185.0,-20.66923441876272
9586.901219893734,4185.0,509.53093576884294
9638.862744120801,4185.0,424.4952676940792
9690.824268347867,4185.0,-115.68073216863762
9742.785792574934,4185.0,-85.8573928525993
9794.747316802,4185.0,-159.8396399530666
9846.708841029067,4185.0,-56.41469661791125
9898.670365256134,4185.0,-64.70588252121652
9950.631889483198,4185.0,-53.115638172514245
10002.593413710265,4185.0,-31.539668179703874
10054.554937937331,4185.0,9.338381292604794
10106.516462164398,4185.0,84.78245972601573
10158.477986391465,4185.0,199.21781567688947
10210.439510618531,4185.0,361.89692840619875
10262.401034845598,4185.0,591.513852468905
10314.362559072662,4185.0,866.6922615801388
10366.324083299729,4185.0,1410.4764748360158
0.0,4230.0,1971.5521615383118
51.96152422706631,4230.0,2354.3939422733965
103.92304845413263,4230.0,2347.5985609763457
155.88457268119893,4230.0,2339.8002814275806
207.84609690826525,4230.0,2359.243761003704
259.80762113533154,4230.0,2748.2923187113065
311.76914536239786,4230.0,2698.716690819575
363.7306695894642,4230.0,2715.587874468803
415.6921938165305,4230.0,4278.731587280538
467.6537180435968,4230.0,4279.619740818646
519.6152422706631,4230.0,2805.296179074653
571.5767664977294,4230.0,2045.8576329676905
623.5382907247957,4230.0,2018.656940799353
675.499814951862,4230.0,2015.465223759876
727.4613391789284,4230.0,2024.6379668940504
779.4228634059947,4230.0,2034.3901759267087
831.384387633061,4230.0,2038.461807908398
883.3459118601273,4230.0,2030.4213774596324
935.3074360871937,4230.0,2010.2080673988075
987.26896031426,4230.0,1976.6524458870722
1039.2304845413262,4230.0,1932.1395116911203
1091.1920087683925,4230.0,1880.6791948919463
1143.1535329954588,4230.0,1825.3323090592291
1195.1150572225251,4230.0,1768.9297192804888
1247.0765814495915,4230.0,1709.1475875799301
1299.0381056766578,4230.0,1650.4007136111345
1350.999629903724,4230.0,1594.0589514273636
1402.9611541307904,4230.0,1539.9554393006424
1454.9226783578567,4230.0,1489.2091022172249
1506.884202584923,4230.0,1440.9049740159646
1558.8457268119894,4230.0,1398.058519338656
1610.8072510390557,4230.0,1361.885638851832
1662.768775266122,4230.0,1330.759540041087
1714.7302994931883,4230.0,1308.2577688611061
1766.6918237202547,4230.0,1291.6542560601056
1818.653347947321,4230.0,1280.568158060532
1870.6148721743873,4230.0,1276.0173070285684
1922.5763964014536,4230.0,1279.2634665310543
1974.53792062852,4230.0,1297.080736395072
2026.4994448555863,4230.0,1357.805272363717
2078.4609690826524,4230.0,1471.9394632353349
2130.422493309719,4230.0,1681.2561897365297
2182.384017536785,4230.0,1745.7821716384533
2234.3455417638515,4230.0,356.74002775781
2286.3070659909176,4230.0,1166.9089986167826
2338.268590217984,4230.0,1171.7530746286284
2390.2301144450503,4230.0,1174.823997424633
2442.191638672117,4230.0,1186.7458652113019
2494.153162899183,4230.0,1201.7703807834541
2546.1146871262495,4230.0,1235.3343000922082
2598.0762113533156,4230.0,1261.8321693620387
2650.037735580382,4230.0,1331.4166583453862
2701.999259807448,4230.0,1415.403856861206
2753.9607840345147,4230.0,1474.993038166936
2805.922308261581,4230.0,1501.049523398222
2857.8838324886474,4230.0,1491.4511706973494
2909.8453567157135,4230.0,1450.8697788802435
2961.80688094278,4230.0,1388.186784173863
3013.768405169846,4230.0,1307.4859601329608
3065.7299293969127,4230.0,1216.6223610309228
3117.6914536239788,4230.0,1117.4526691918898
3169.6529778510453,4230.0,1000.8928322882385
3221.6145020781114,4230.0,854.1804957370136
3273.576026305178,4230.0,684.190809941699
3325.537550532244,4230.0,352.4049969608916
3377.49907475931,4230.0,323.83440539677144
3429.4605989863767,4230.0,114.28656647723756
3481.422123213443,4230.0,176.33134909170766
3533.3836474405093,4230.0,-343.50895779496136
3585.3451716675754,4230.0,-518.296566140526
3637.306695894642,4230.0,-772.0600982509998
3689.268220121708,4230.0,-1060.8950453176658
3741.2297443487746,4230.0,-1384.8674391221657
3793.1912685758407,4230.0,-1707.4237393454334
3845.1527928029072,4230.0,-2015.9048795046176
3897.1143170299733,4230.0,-2299.7043352217215
3949.07584125704,4230.0,-2558.065189022007
4001.037365484106,4230.0,-2792.0828191048195
4052.9988897111725,4230.0,-3016.1717750120724
4104.960413938239,4230.0,-3300.1361352121226
4156.921938165305,4230.0,-3565.509008581251
4208.883462392371,4230.0,-3549.32280904486
4260.844986619438,4230.0,-1735.7398752735598
4312.806510846504,4230.0,-1750.310136985196
4364.76803507357,4230.0,-6548.220614762469
4416.7295593006365,4230.0,-6815.506693661634
4468.691083527703,4230.0,-5417.571726103015
4520.65260775477,4230.0,-4796.694149108522
4572.614131981835,4230.0,-4480.5640757359
4624.575656208902,4230.0,-4268.538919151914
4676.537180435968,4230.0,-4104.719818928725
4728.498704663035,4230.0,-3992.3862322524883
4780.460228890101,4230.0,-3420.5365902657068
4832.421753117167,4230.0,-3363.5289925377806
4884.383277344234,4230.0,-3348.002880264986
4936.3448015713,4230.0,-4657.349858342771
4988.306325798366,4230.0,-4694.055105424199
5040.267850025432,4230.0,-4230.062039013368
5092.229374252499,4230.0,-4119.377382453382
5144.190898479565,4230.0,-4057.2806769262893
5196.152422706631,4230.0,-4331.882437882166
5248.113946933698,4230.0,-4199.108423008538
5300.075471160764,4230.0,-3153.9312670547824
5352.03699538783,4230.0,-3097.2329869108344
5403.998519614896,4230.0,-4185.962170458024
5455.960043841963,4230.0,-4308.386637678246
5507.9215680690295,4230.0,-3941.420840586158
5559.883092296095,4230.0,-3873.0734436071425
5611.844616523162,4230.0,-3793.238065742141
5663.806140750228,4230.0,-4173.394246389134
5715.767664977295,4230.0,-4183.41661675081
5767.72918920436,4230.0,-4251.531990921915
5819.690713431427,4230.0,-4330.0896980859925
5871.6522376584935,4230.0,-4363.081240398977
5923.61376188556,4230.0,-3910.0559474132906
5975.575286112626,4230.0,-3826.0017324788605
6027.536810339692,4230.0,-3851.21414396071
6079.498334566759,4230.0,-3843.3978875274975
6131.459858793825,4230.0,-3946.9086520401697
6183.421383020891,4230.0,-3871.433463987285
6235.3829072479575,4230.0,-3859.354922190745
6287.344431475024,4230.0,-3870.818631222388
6339.305955702091,4230.0,-3951.206635448635
6391.267479929156,4230.0,-4356.017851276028
6443.229004156223,4230.0,-3244.281096420532
6495.190528383289,4230.0,-3771.8094479107567
6547.152052610356,4230.0,-3818.457430547923
6599.1135768374215,4230.0,-3853.2462965769946
6651.075101064488,4230.0,-3867.383722009377
6703.036625291555,4230.0,-3871.710911137584
6754.99814951862,4230.0,-3871.1402104796107
6806.959673745687,4230.0,-3867.05330176806
6858.921197972753,4230.0,-3860.5237528189227
6910.88272219982,4230.0,-3850.1515862688375
6962.844246426886,4230.0,-3834.7514604829657
7014.805770653952,4230.0,-3819.963492011313
7066.767294881019,4230.0,-3804.48281149734
7118.728819108085,4230.0,-3791.6987995260397
7170.690343335151,4230.0,-3781.2730304302404
7222.651867562217,4230.0,-3769.5070114707
7274.613391789284,4230.0,-3768.2667607509693
7326.5749160163505,4230.0,-3739.616713680114
7378.536440243416,4230.0,-3645.3834226515
7430.497964470483,4230.0,-3659.548963764346
7482.459488697549,4230.0,-3714.8611025492874
7534.421012924616,4230.0,-3953.096063830114
7586.382537151681,4230.0,-4530.8958398039695
7638.344061378748,4230.0,-5928.114923573361
7690.3055856058145,4230.0,-2478.6482231370173
7742.267109832881,4230.0,-2506.3967708096798
7794.228634059947,4230.0,2641.471012200746
7846.190158287013,4230.0,2679.0038381230956
7898.15168251408,4230.0,2616.3606424885884
7950.113206741146,4230.0,2580.536881204069
8002.074730968212,4230.0,2527.1658469245813
8054.0362551952785,4230.0,2450.7945976376554
8105.997779422345,4230.0,2363.567368346411
8157.959303649412,4230.0,2270.1278728670322
8209.920827876478,4230.0,2168.02307460285
8261.882352103545,4230.0,2062.31848498239
8313.84387633061,4230.0,1953.4236465907709
8365.805400557676,4230.0,1844.9203269447219
8417.766924784743,4230.0,1735.5545349771423
8469.728449011809,4230.0,1625.2806357060622
8521.689973238876,4230.0,1517.868572691757
8573.651497465942,4230.0,1412.5324172655173
8625.613021693009,4230.0,1310.2770360460727
8677.574545920073,4230.0,1211.0473496768584
8729.53607014714,4230.0,1118.183062080503
8781.497594374207,4230.0,1030.2437008238605
8833.459118601273,4230.0,951.5323426876066
8885.42064282834,4230.0,880.6965032079968
8937.382167055406,4230.0,820.1589948491182
8989.343691282473,4230.0,768.7081172578689
9041.30521550954,4230.0,723.4736987009748
9093.266739736604,4230.0,684.1112584595596
9145.22826396367,4230.0,648.6087245652462
9197.189788190737,4230.0,617.6772686978576
9249.151312417804,4230.0,589.7684676867707
9301.11283664487,4230.0,575.0559504640739
9353.074360871937,4230.0,593.9518820383402
9405.035885099003,4230.0,825.7288968843455
9456.99740932607,4230.0,1302.3710498578166
9508.958933553135,4230.0,-17.26455250706323
9560.920457780201,4230.0,677.6659827863441
9612.881982007268,4230.0,483.6777915921458
9664.843506234334,4230.0,-134.91933680298868
9716.8050304614,4230.0,-52.31299754018799
9768.766554688467,4230.0,125.13293666858749
9820.728078915534,4230.0,41.74754048250862
9872.6896031426,4230.0,18.767128368625528
9924.651127369665,4230.0,22.934808819623655
9976.612651596732,4230.0,35.667210292944496
10028.574175823798,4230.0,62.514308897459046
10080.535700050865,4230.0,114.17593149874097
10132.497224277931,4230.0,192.76641420290073
10184.458748504998,4230.0,300.88387345115007
10236.420272732064,4230.0,442.2199997600577
10288.38179695913,4230.0,605.5989571506344
10340.343321186196,4230.0,881.8814099038962
25.980762113533157,4275.0,1958.4426641798323
77.94228634059947,4275.0,1991.7256765784505
129.90381056766577,4275.0,1931.8305727173502
181.8653347947321,4275.0,1992.0001978623932
233.8268590217984,4275.0,2104.206086797996
285.7883832488647,4275.0,2480.1112465940655
337.749907475931,4275.0,2438.763231467325
389.71143170299734,4275.0,-146.47697422342713
441.67295593006367,4275.0,-2900.4161554302045
493.63448015713,4275.0,285.3913433928775
545.5960043841962,4275.0,648.184662291759
597.5575286112626,4275.0,1450.4023386509416
649.5190528383289,4275.0,1601.8872792766874
701.4805770653952,4275.0,1716.4528360415775
753.4421012924615,4275.0,1799.7921559282267
805.4036255195278,4275.0,1860.9306599598863
857.3651497465942,4275.0,1900.1021191480404
909.3266739736605,4275.0,1915.8606195307852
961.2881982007268,4275.0,1912.9954929869175
1013.2497224277931,4275.0,1892.9748281835261
1065.2112466548592,4275.0,1859.4273691334288
1117.1727708819255,4275.0,1816.5100057448144
1169.1342951089919,4275.0,1769.592603961717
1221.0958193360582,4275.0,1720.442758790213
1273.0573435631245,4275.0,1669.5070275855114
1325.0188677901908,4275.0,1617.1205418176432
1376.9803920172571,4275.0,1566.1948662471739
1428.9419162443235,4275.0,1518.3220021807635
1480.9034404713898,4275.0,1471.7299450240616
1532.864964698456,4275.0,1427.4616328953102
1584.8264889255224,4275.0,1388.7602858394016
1636.7880131525887,4275.0,1355.4816729438294
1688.749537379655,4275.0,1327.9440702368724
1740.7110616067214,4275.0,1306.7280118273213
1792.6725858337877,4275.0,1291.2087924449652
1844.634110060854,4275.0,1279.625924879505
1896.5956342879203,4275.0,1273.9783282761548
1948.5571585149867,4275.0,1274.1080561597119
2000.518682742053,4275.0,1284.9086187448202
2052.4802069691195,4275.0,1309.0751787928878
2104.4417311961856,4275.0,1379.3146965152687
2156.403255423252,4275.0,1493.4597344487106
2208.3647796503183,4275.0,1743.0691571733244
2260.326303877385,4275.0,1734.562067388478
2312.287828104451,4275.0,1316.236572317643
2364.2493523315175,4275.0,1213.9646020122234
2416.2108765585835,4275.0,1195.3118123263428
2468.17240078565,4275.0,1206.4621992758407
2520.133925012716,4275.0,1247.8802728800385
2572.0954492397827,4275.0,1310.3959678978626
2624.056973466849,4275.0,1336.078517678071
2676.0184976939154,4275.0,1482.319180225812
2727.9800219209815,4275.0,1615.659453339861
2779.941546148048,4275.0,1686.2553869646463
2831.903070375114,4275.0,1691.8460453265327
2883.8645946021807,4275.0,1641.1267448247766
2935.8261188292468,4275.0,1555.261608334858
2987.7876430563133,4275.0,1452.8307606137716
3039.7491672833794,4275.0,1340.8068817047974
3091.710691510446,4275.0,1229.8692549779294
3143.672215737512,4275.0,1120.0085058702157
3195.6337399645786,4275.0,1005.6462714426816
3247.5952641916447,4275.0,859.6526339034766
3299.556788418711,4275.0,736.8570198469291
3351.5183126457773,4275.0,345.0248417611821
3403.4798368728434,4275.0,327.03849182334875
3455.44136109991,4275.0,111.47077043852433
3507.402885326976,4275.0,137.81056685518195
3559.3644095540426,4275.0,-353.6581445321692
3611.3259337811087,4275.0,-499.048359679402
3663.2874580081752,4275.0,-721.7798114987394
3715.2489822352413,4275.0,-1054.4372342344116
3767.210506462308,4275.0,-1449.1873505719907
3819.172030689374,4275.0,-1812.5124827049071
3871.1335549164405,4275.0,-2144.1510019673465
3923.0950791435066,4275.0,-2446.098821043786
3975.056603370573,4275.0,-2718.7791778225455
4027.0181275976392,4275.0,-2971.217695252505
4078.979651824706,4275.0,-3267.9590218523153
4130.941176051772,4275.0,-3631.8861336846826
4182.902700278838,4275.0,-3642.4317105970645
4234.8642245059045,4275.0,-2782.8654147424336
4286.825748732971,4275.0,-3273.239768821629
4338.787272960038,4275.0,-4727.6356382343765
4390.748797187103,4275.0,-6422.553641966705
4442.71032141417,4275.0,-5649.085374141551
4494.671845641236,4275.0,-5138.496230849363
4546.633369868303,4275.0,-4786.7346089798175
4598.5948940953685,4275.0,-4523.460008367945
4650.556418322435,4275.0,-4318.876329595432
4702.517942549502,4275.0,-4152.999039100026
4754.479466776568,4275.0,-4035.0783069718427
4806.440991003634,4275.0,-3974.276550479513
4858.4025152307,4275.0,-3942.9549103628096
4910.364039457767,4275.0,-3388.6233167012397
4962.3255636848335,4275.0,-3371.0684828624107
5014.287087911899,4275.0,-4744.10941897675
5066.248612138966,4275.0,-4713.577399691636
5118.210136366032,4275.0,-4132.764961189185
5170.171660593098,4275.0,-4046.5122103071803
5222.133184820164,4275.0,-3897.7504741739276
5274.094709047231,4275.0,-4163.717205063958
5326.0562332742975,4275.0,-4216.238495057045
5378.017757501363,4275.0,-4200.032622832102
5429.97928172843,4275.0,-3940.5519891464464
5481.940805955496,4275.0,-3911.8040110403726
5533.902330182563,4275.0,-3957.8232265978686
5585.863854409628,4275.0,-4258.172227025894
5637.825378636695,4275.0,-4234.481496205286
5689.7869028637615,4275.0,-3103.28882685031
5741.748427090828,4275.0,-3062.045641634316
5793.709951317894,4275.0,-3108.07715376312
5845.67147554496,4275.0,-3168.093418610404
5897.632999772027,4275.0,-4334.212692543301
5949.594523999093,4275.0,-4282.591554175508
6001.556048226159,4275.0,-4220.223391768912
6053.5175724532255,4275.0,-4209.216699551402
6105.479096680292,4275.0,-4307.017640201642
6157.440620907359,4275.0,-4426.802353134044
6209.402145134424,4275.0,-4414.325190530054
6261.363669361491,4275.0,-4331.898261748424
6313.325193588557,4275.0,-4279.117602362221
6365.286717815624,4275.0,-4307.24646773691
6417.2482420426895,4275.0,-3234.873935740356
6469.209766269756,4275.0,-3819.966815857748
6521.171290496823,4275.0,-3849.43702942444
6573.132814723889,4275.0,-3874.506234029088
6625.094338950955,4275.0,-3883.358196479207
6677.055863178021,4275.0,-3887.674027816457
6729.017387405088,4275.0,-3886.948628935226
6780.9789116321535,4275.0,-3881.408446329518
6832.94043585922,4275.0,-3874.584610738196
6884.901960086287,4275.0,-3865.3862946210265
6936.863484313353,4275.0,-3854.355620646088
6988.825008540419,4275.0,-3838.348231274396
7040.786532767485,4275.0,-3822.2886425890083
7092.748056994552,4275.0,-3807.744883421031
7144.7095812216185,4275.0,-3794.402495981653
7196.671105448684,4275.0,-3785.1002877933233
7248.632629675751,4275.0,-3778.559935612413
7300.594153902817,4275.0,-3771.199793686338
7352.555678129884,4275.0,-3758.9163136597545
7404.517202356949,4275.0,-3747.0085316177538
7456.478726584016,4275.0,-3749.4010648963053
7508.4402508110825,4275.0,-3867.945987769854
7560.401775038149,4275.0,-4620.596461407962
7612.363299265215,4275.0,-5932.360714920246
7664.324823492281,4275.0,-2405.3778103924433
7716.286347719348,4275.0,2716.303707977024
7768.247871946414,4275.0,2742.237376378866
7820.20939617348,4275.0,2694.918494347316
7872.1709204005465,4275.0,2640.207167963456
7924.132444627613,4275.0,2589.3038243806304
7976.09396885468,4275.0,2526.180588522029
8028.055493081745,4275.0,2456.232897911043
8080.017017308812,4275.0,2373.9263150104907
8131.978541535878,4275.0,2285.5158148089904
8183.940065762945,4275.0,2190.3536249059316
8235.901589990011,4275.0,2090.073453329473
8287.863114217078,4275.0,1985.5877442248693
8339.824638444143,4275.0,1880.3629965278094
8391.78616267121,4275.0,1773.4812410483175
8443.747686898276,4275.0,1666.174496453672
8495.709211125342,4275.0,1560.948400971445
8547.670735352409,4275.0,1459.351133579676
8599.632259579475,4275.0,1361.23260138325
8651.593783806542,4275.0,1266.2315768682147
8703.555308033607,4275.0,1173.2974281040981
8755.516832260673,4275.0,1087.4207222402124
8807.47835648774,4275.0,1008.6227816187275
8859.439880714806,4275.0,940.0356264606505
8911.401404941873,4275.0,880.4629923498601
8963.36292916894,4275.0,831.802163737409
9015.324453396006,4275.0,794.6677243841596
9067.285977623073,4275.0,768.7419590542478
9119.247501850137,4275.0,747.8344273023056
9171.209026077204,4275.0,730.5851795851374
9223.17055030427,4275.0,714.7597172148007
9275.132074531337,4275.0,706.442949231536
9327.093598758403,4275.0,738.2477968288324
9379.05512298547,4275.0,949.3949146077737
9431.016647212537,4275.0,1403.1070608525777
9482.978171439603,4275.0,73.00314354208288
9534.939695666668,4275.0,709.9097956030023
9586.901219893734,4275.0,560.7506078691788
9638.862744120801,4275.0,10.513503292517441
9690.824268347867,4275.0,1000.2854593657044
9742.785792574934,4275.0,428.9327372931974
9794.747316802,4275.0,206.2026647418463
9846.708841029067,4275.0,141.28970943597616
9898.670365256134,4275.0,113.00832086772726
9950.631889483198,4275.0,106.61982072768721
10002.593413710265,4275.0,116.075501263365
10054.554937937331,4275.0,144.4368230588781
10106.516462164398,4275.0,195.66999237771913
10158.477986391465,4275.0,269.2999860424252
10210.439510618531,4275.0,363.31232552775367
10262.401034845598,4275.0,471.26190076353646
10314.362559072662,4275.0,579.9034166775896
10366.324083299729,4275.0,1009.3617829452269
0.0,4320.0,1566.6317450441484
51.96152422706631,4320.0,1725.029828363109
103.92304845413263,4320.0,1496.4529337514236
155.88457268119893,4320.0,1450.664097363439
207.84609690826525,4320.0,1645.3552945765678
259.80762113533154,4320.0,2490.2438661643014
311.76914536239786,4320.0,2633.651182534015
363.7306695894642,4320.0,-146.56865585284646
415.6921938165305,4320.0,-2917.263310578459
467.6537180435968,4320.0,273.26801543393765
519.6152422706631,4320.0,335.26731387720474
571.5767664977294,4320.0,944.2515718147913
623.5382907247957,4320.0,1111.080921924723
675.499814951862,4320.0,1315.709817729566
727.4613391789284,4320.0,1489.5385752593343
779.4228634059947,4320.0,1628.3417885899994
831.384387633061,4320.0,1729.3754787257521
883.3459118601273,4320.0,1793.2576675162481
935.3074360871937,4320.0,1825.6873792297724
987.26896031426,4320.0,1832.3867765740852
1039.2304845413262,4320.0,1819.7891780944078
1091.1920087683925,4320.0,1793.6774430254618
1143.1535329954588,4320.0,1759.953581018974
1195.1150572225251,4320.0,1720.3262271120109
1247.0765814495915,4320.0,1677.8537517963794
1299.0381056766578,4320.0,1632.4296821920466
1350.999629903724,4320.0,1585.996251897789
1402.9611541307904,4320.0,1540.682845211394
1454.9226783578567,4320.0,1496.3051525882206
1506.884202584923,4320.0,1452.4286034133052
1558.8457268119894,4320.0,1413.370358400405
1610.8072510390557,4320.0,1378.9705838225032
1662.768775266122,4320.0,1350.4772283741202
1714.7302994931883,4320.0,1326.443039944931
1766.6918237202547,4320.0,1308.3157707456548
1818.653347947321,4320.0,1293.3472362958425
1870.6148721743873,4320.0,1283.155961344024
1922.5763964014536,4320.0,1276.0201410131613
1974.53792062852,4320.0,1273.9336060746455
2026.4994448555863,4320.0,1279.5739123296735
2078.4609690826524,4320.0,1295.3379898149233
2130.422493309719,4320.0,1324.9436949690596
2182.384017536785,4320.0,1407.9927492842678
2234.3455417638515,4320.0,1471.8965860507628
2286.3070659909176,4320.0,1379.2085215377522
2338.268590217984,4320.0,1252.3837657000586
2390.2301144450503,4320.0,1221.165396574843
2442.191638672117,4320.0,1218.5399522197638
2494.153162899183,4320.0,1252.1263368875293
2546.1146871262495,4320.0,1395.024964005415
2598.0762113533156,4320.0,1455.8943524221936
2650.037735580382,4320.0,1592.5003031825895
2701.999259807448,4320.0,1816.8407727720642
2753.9607840345147,4320.0,1970.8398120870113
2805.922308261581,4320.0,2009.349134422981
2857.8838324886474,4320.0,1940.0220471729556
2909.8453567157135,4320.0,1811.5104130769826
2961.80688094278,4320.0,1662.0274899161113
3013.768405169846,4320.0,1508.999909413514
3065.7299293969127,4320.0,1369.4971903456471
3117.6914536239788,4320.0,1248.1629197815878
3169.6529778510453,4320.0,1150.456502551947
3221.6145020781114,4320.0,1068.3191952802183
3273.576026305178,4320.0,1004.4044817172303
3325.537550532244,4320.0,512.102424553633
3377.49907475931,4320.0,351.602162939996
3429.4605989863767,4320.0,148.01633053045376
3481.422123213443,4320.0,118.9655471486362
3533.3836474405093,4320.0,172.38042773371475
3585.3451716675754,4320.0,274.1871349124407
3637.306695894642,4320.0,295.4106500883126
3689.268220121708,4320.0,-756.3644132862239
3741.2297443487746,4320.0,-1138.2740534061336
3793.1912685758407,4320.0,-1578.3107383641498
3845.1527928029072,4320.0,-1955.6701759986056
3897.1143170299733,4320.0,-2296.6494258031416
3949.07584125704,4320.0,-2610.887109573804
4001.037365484106,4320.0,-2910.6220838243557
4052.9988897111725,4320.0,-3247.244639955376
4104.960413938239,4320.0,-3675.6636699027003
4156.921938165305,4320.0,-3729.3122591131664
4208.883462392371,4320.0,-2800.392755979364
4260.844986619438,4320.0,-3159.035159515479
4312.806510846504,4320.0,-4785.0251484752725
4364.76803507357,4320.0,-5185.269052310026
4416.7295593006365,4320.0,-5588.100449357194
4468.691083527703,4320.0,-5406.391880899403
4520.65260775477,4320.0,-5122.055095206673
4572.614131981835,4320.0,-4826.668708949785
4624.575656208902,4320.0,-4574.174343229208
4676.537180435968,4320.0,-4375.417931741653
4728.498704663035,4320.0,-4223.456530618609
4780.460228890101,4320.0,-4116.797351970423
4832.421753117167,4320.0,-4046.195987682976
4884.383277344234,4320.0,-3989.5429332313543
4936.3448015713,4320.0,-3949.225301621979
4988.306325798366,4320.0,-3377.115896999885
5040.267850025432,4320.0,-3417.7193960109325
5092.229374252499,4320.0,-4619.608910050702
5144.190898479565,4320.0,-4181.381427849836
5196.152422706631,4320.0,-4132.668345661997
5248.113946933698,4320.0,-3954.7500669784304
5300.075471160764,4320.0,-3940.4925446719753
5352.03699538783,4320.0,-4250.597025031862
5403.998519614896,4320.0,-3908.099024542229
5455.960043841963,4320.0,-3953.241467084811
5507.9215680690295,4320.0,-3978.303430009648
5559.883092296095,4320.0,-4227.300412391738
5611.844616523162,4320.0,-3168.153917899152
5663.806140750228,4320.0,-3145.8592179724355
5715.767664977295,4320.0,-4133.244003892461
5767.72918920436,4320.0,-4177.826555269722
5819.690713431427,4320.0,-4249.805645063725
5871.6522376584935,4320.0,-3124.0559301121743
5923.61376188556,4320.0,-3124.5983498162946
5975.575286112626,4320.0,-3202.9115266069066
6027.536810339692,4320.0,-3114.765425204063
6079.498334566759,4320.0,-3041.503882959597
6131.459858793825,4320.0,-3140.828336620556
6183.421383020891,4320.0,-3223.250173577686
6235.3829072479575,4320.0,-3201.1289618282544
6287.344431475024,4320.0,-3183.6503089675707
6339.305955702091,4320.0,-3205.023304875078
6391.267479929156,4320.0,-3206.8481931490387
6443.229004156223,4320.0,-3946.1211931409084
6495.190528383289,4320.0,-3900.212655188399
6547.152052610356,4320.0,-3898.4770683924044
6599.1135768374215,4320.0,-3897.2153329876637
6651.075101064488,4320.0,-3898.5152260408813
6703.036625291555,4320.0,-3898.7342818545894
6754.99814951862,4320.0,-3894.268337103963
6806.959673745687,4320.0,-3889.345513118559
6858.921197972753,4320.0,-3881.68995574528
6910.88272219982,4320.0,-3872.1827297054297
6962.844246426886,4320.0,-3859.2645255953826
7014.805770653952,4320.0,-3844.0539589274667
7066.767294881019,4320.0,-3828.6011174104847
7118.728819108085,4320.0,-3813.151622124901
7170.690343335151,4320.0,-3800.6445413265255
7222.651867562217,4320.0,-3787.016789595801
7274.613391789284,4320.0,-3775.612671747881
7326.5749160163505,4320.0,-3765.7096814759916
7378.536440243416,4320.0,-3764.718695285941
7430.497964470483,4320.0,-3767.2733392086852
7482.459488697549,4320.0,-3821.682759993678
7534.421012924616,4320.0,-3979.3252121940377
7586.382537151681,4320.0,-6045.9960160784
7638.344061378748,4320.0,-2321.106326721597
7690.3055856058145,4320.0,2830.431462730519
7742.267109832881,4320.0,2828.1238238384203
7794.228634059947,4320.0,2850.405692258921
7846.190158287013,4320.0,2667.035839467101
7898.15168251408,4320.0,2602.784294518223
7950.113206741146,4320.0,2531.1523340706653
8002.074730968212,4320.0,2459.576128993702
8054.0362551952785,4320.0,2381.0559988651867
8105.997779422345,4320.0,2296.8217608849473
8157.959303649412,4320.0,2206.197815170301
8209.920827876478,4320.0,2111.184374028863
8261.882352103545,4320.0,2011.9837935661076
8313.84387633061,4320.0,1911.693543636493
8365.805400557676,4320.0,1807.8254260752592
8417.766924784743,4320.0,1705.2240513755573
8469.728449011809,4320.0,1603.9913535263527
8521.689973238876,4320.0,1505.1003918508163
8573.651497465942,4320.0,1408.129735194207
8625.613021693009,4320.0,1314.8958298694283
8677.574545920073,4320.0,1224.535219876921
8729.53607014714,4320.0,1140.0507117520406
8781.497594374207,4320.0,1062.7155878577405
8833.459118601273,4320.0,993.56803586707
8885.42064282834,4320.0,934.0424525634122
8937.382167055406,4320.0,886.3477086784046
8989.343691282473,4320.0,853.6696469027611
9041.30521550954,4320.0,837.0053689309892
9093.266739736604,4320.0,833.3205756592822
9145.22826396367,4320.0,839.9559103935788
9197.189788190737,4320.0,837.1115234620579
9249.151312417804,4320.0,814.4805424046476
9301.11283664487,4320.0,812.8673677460331
9353.074360871937,4320.0,920.792292102047
9405.035885099003,4320.0,1364.8896077282045
9456.99740932607,4320.0,237.51418056059464
9508.958933553135,4320.0,750.5548964011613
9560.920457780201,4320.0,587.4331848846488
9612.881982007268,4320.0,-17.74129705499297
9664.843506234334,4320.0,1183.8774593187627
9716.8050304614,4320.0,694.7996652528586
9768.766554688467,4320.0,394.5215203664499
9820.728078915534,4320.0,274.92063658555037
9872.6896031426,4320.0,212.40681042749185
9924.651127369665,4320.0,182.26885041453875
9976.612651596732,4320.0,172.96839809258432
10028.574175823798,4320.0,183.32999991235965
10080.535700050865,4320.0,213.03781558395087
10132.497224277931,4320.0,259.56200755698086
10184.458748504998,4320.0,322.40133878797974
10236.420272732064,4320.0,395.8761999278154
10288.38179695913,4320.0,473.29926477026106
10340.343321186196,4320.0,653.0586817918941
25.980762113533157,4365.0,1656.035289143724
77.94228634059947,4365.0,1538.6335855023117
129.90381056766577,4365.0,267.50795937755885
181.8653347947321,4365.0,111.58266697051783
233.8268590217984,4365.0,23.202107432617552
285.7883832488647,4365.0,2850.778759774834
337.749907475931,4365.0,-2235.892553722334
389.71143170299734,4365.0,-2607.2203723969033
441.67295593006367,4365.0,191.40903907457948
493.63448015713,4365.0,266.27338208803457
545.5960043841962,4365.0,328.704207487723
597.5575286112626,4365.0,787.0759883600307
649.5190528383289,4365.0,900.8450101734586
701.4805770653952,4365.0,1109.1513995347084
753.4421012924615,4365.0,1346.0629778181426
805.4036255195278,4365.0,1524.7356215828404
857.3651497465942,4365.0,1645.4737101298663
909.3266739736605,4365.0,1721.2371497607128
961.2881982007268,4365.0,1760.3704713364446
1013.2497224277931,4365.0,1772.8280052387054
1065.2112466548592,4365.0,1765.004110514491
1117.1727708819255,4365.0,1745.4375432577372
1169.1342951089919,4365.0,1716.302668046099
1221.0958193360582,4365.0,1680.9487339183538
1273.0573435631245,4365.0,1641.6680755400307
1325.0188677901908,4365.0,1602.0758608718031
1376.9803920172571,4365.0,1560.1149758152196
1428.9419162443235,4365.0,1517.8979083934987
1480.9034404713898,4365.0,1477.456952998336
1532.864964698456,4365.0,1438.8470817660777
1584.8264889255224,4365.0,1402.5293088050116
1636.7880131525887,4365.0,1372.6414826243329
1688.749537379655,4365.0,1347.340905922898
1740.7110616067214,4365.0,1325.7358514650032
1792.6725858337877,4365.0,1308.320498568316
1844.634110060854,4365.0,1295.4438940370655
1896.5956342879203,4365.0,1286.2722393721406
1948.5571585149867,4365.0,1279.142158717354
2000.518682742053,4365.0,1275.3269481455932
2052.4802069691195,4365.0,1277.7320871049565
2104.4417311961856,4365.0,1286.2304582486322
2156.403255423252,4365.0,1299.1254662694037
2208.3647796503183,4365.0,1309.8499465910986
2260.326303877385,4365.0,1296.1104941352778
2312.287828104451,4365.0,1259.7735531993587
2364.2493523315175,4365.0,1232.1093806441033
2416.2108765585835,4365.0,1232.391738475605
2468.17240078565,4365.0,1248.3655476327185
2520.133925012716,4365.0,1372.0617798408439
2572.0954492397827,4365.0,1663.5711662147755
2624.056973466849,4365.0,1818.2524641524888
2676.0184976939154,4365.0,1979.8031328612683
2727.9800219209815,4365.0,2228.032413200909
2779.941546148048,4365.0,2334.0687623744134
2831.903070375114,4365.0,2326.5301313906753
2883.8645946021807,4365.0,2190.300192736153
2935.8261188292468,4365.0,1968.4016604539647
2987.7876430563133,4365.0,1742.0622935888723
3039.7491672833794,4365.0,1547.2190892808558
3091.710691510446,4365.0,1391.3945753194616
3143.672215737512,4365.0,1276.749851996527
3195.6337399645786,4365.0,1219.2873763510825
3247.5952641916447,4365.0,1258.246816407518
3299.556788418711,4365.0,1377.613501265289
3351.5183126457773,4365.0,2760.3120210910843
3403.4798368728434,4365.0,2956.797374827268
3455.44136109991,4365.0,170.81397974485049
3507.402885326976,4365.0,137.8978685905467
3559.3644095540426,4365.0,171.79864431822813
3611.3259337811087,4365.0,252.58021091854215
3663.2874580081752,4365.0,238.74618823453585
3715.2489822352413,4365.0,-940.020707528367
3767.210506462308,4365.0,-1358.1127625959361
3819.172030689374,4365.0,-1773.129787730587
3871.1335549164405,4365.0,-2130.3896517079384
3923.0950791435066,4365.0,-2470.6688908428705
3975.056603370573,4365.0,-2814.9395664250915
4027.0181275976392,4365.0,-3223.173316795317
4078.979651824706,4365.0,-3655.653255773957
4130.941176051772,4365.0,-3760.2890009082307
4182.902700278838,4365.0,-2051.4111299817805
4234.8642245059045,4365.0,-3161.446372608415
4286.825748732971,4365.0,-4802.486820185007
4338.787272960038,4365.0,-5393.725922515101
4390.748797187103,4365.0,-6017.660268443868
4442.71032141417,4365.0,-5901.319462276591
4494.671845641236,4365.0,-5570.321155287629
4546.633369868303,4365.0,-5199.765810956134
4598.5948940953685,4365.0,-4874.662377462619
4650.556418322435,4365.0,-4620.1218491504305
4702.517942549502,4365.0,-4427.845478349632
4754.479466776568,4365.0,-4289.855226676787
4806.440991003634,4365.0,-4191.785309724755
4858.4025152307,4365.0,-4115.4999433776375
4910.364039457767,4365.0,-4043.3352964352207
4962.3255636848335,4365.0,-3983.422545972566
5014.287087911899,4365.0,-3948.949163010073
5066.248612138966,4365.0,-3466.902802480642
5118.210136366032,4365.0,-4634.7606985073435
5170.171660593098,4365.0,-4706.590047380383
5222.133184820164,4365.0,-4155.86132594986
5274.094709047231,4365.0,-4131.555737886247
5326.0562332742975,4365.0,-3980.8825209719716
5378.017757501363,4365.0,-3971.507614513146
5429.97928172843,4365.0,-3944.048826430365
5481.940805955496,4365.0,-4158.390254475174
5533.902330182563,4365.0,-4180.216891595439
5585.863854409628,4365.0,-3198.4654728517744
5637.825378636695,4365.0,-4848.8548359833985
5689.7869028637615,4365.0,-4471.680929911077
5741.748427090828,4365.0,-4571.876358990192
5793.709951317894,4365.0,-4902.370545564064
5845.67147554496,4365.0,-4876.741207059754
5897.632999772027,4365.0,-4729.790791752159
5949.594523999093,4365.0,-4479.445828817685
6001.556048226159,4365.0,-4109.731890660649
6053.5175724532255,4365.0,-3981.4571512823795
6105.479096680292,4365.0,-3999.7812666152868
6157.440620907359,4365.0,-4182.155957331495
6209.402145134424,4365.0,-4909.434057686203
6261.363669361491,4365.0,-6525.320839150041
6313.325193588557,4365.0,-6644.616855025777
6365.286717815624,4365.0,-6684.0170963855835
6417.2482420426895,4365.0,-4673.016694938437
6469.209766269756,4365.0,-3968.683317679484
6521.171290496823,4365.0,-3898.959648069699
6573.132814723889,4365.0,-3895.3545165276028
6625.094338950955,4365.0,-3898.6739895762985
6677.055863178021,4365.0,-3903.105326455273
6729.017387405088,4365.0,-3903.6775075528694
6780.9789116321535,4365.0,-3900.7811099536507
6832.94043585922,4365.0,-3895.0597685990806
6884.901960086287,4365.0,-3887.463058808501
6936.863484313353,4365.0,-3876.0117633231403
6988.825008540419,4365.0,-3862.8829799855826
7040.786532767485,4365.0,-3848.162071913028
7092.748056994552,4365.0,-3831.5420331454034
7144.7095812216185,4365.0,-3814.571592960603
7196.671105448684,4365.0,-3799.882438222979
7248.632629675751,4365.0,-3784.2521689828727
7300.594153902817,4365.0,-3765.3179287794114
7352.555678129884,4365.0,-3741.228424267793
7404.517202356949,4365.0,-3756.458482932837
7456.478726584016,4365.0,-3754.6054515952956
7508.4402508110825,4365.0,-3739.84183951083
7560.401775038149,4365.0,-3706.544533432538
7612.363299265215,4365.0,-2183.4917502606354
7664.324823492281,4365.0,2522.3511926472584
7716.286347719348,4365.0,2603.4800918803376
7768.247871946414,4365.0,2673.9502779461473
7820.20939617348,4365.0,2664.3877380796025
7872.1709204005465,4365.0,2607.11780980991
7924.132444627613,4365.0,2531.283457467578
7976.09396885468,4365.0,2458.994076576123
8028.055493081745,4365.0,2383.1100224796687
8080.017017308812,4365.0,2301.9258679354307
8131.978541535878,4365.0,2216.0757808900157
8183.940065762945,4365.0,2125.810512906646
8235.901589990011,4365.0,2030.8682719509943
8287.863114217078,4365.0,1934.74546800173
8339.824638444143,4365.0,1837.7100719717992
8391.78616267121,4365.0,1738.4057922217814
8443.747686898276,4365.0,1640.2682869775156
8495.709211125342,4365.0,1543.7041763160582
8547.670735352409,4365.0,1449.106123878969
8599.632259579475,4365.0,1357.2276181728535
8651.593783806542,4365.0,1269.6718173003828
8703.555308033607,4365.0,1187.1722483339274
8755.516832260673,4365.0,1110.2508642957528
8807.47835648774,4365.0,1042.6633200615997
8859.439880714806,4365.0,984.3315162954759
8911.401404941873,4365.0,935.9817788203848
8963.36292916894,4365.0,902.5103002257049
9015.324453396006,4365.0,889.5056783794853
9067.285977623073,4365.0,899.0486229876998
9119.247501850137,4365.0,937.9118879431976
9171.209026077204,4365.0,1007.538779614654
9223.17055030427,4365.0,968.7408303704151
9275.132074531337,4365.0,878.6322951973855
9327.093598758403,4365.0,862.5758810332122
9379.05512298547,4365.0,835.747030791247
9431.016647212537,4365.0,312.2951241333958
9482.978171439603,4365.0,724.3554891489857
9534.939695666668,4365.0,565.0737670101274
9586.901219893734,4365.0,-87.79271113697484
9638.862744120801,4365.0,1176.2218482223745
9690.824268347867,4365.0,792.2512124621506
9742.785792574934,4365.0,523.7332014390539
9794.747316802,4365.0,390.1210878378736
9846.708841029067,4365.0,307.887288377887
9898.670365256134,4365.0,258.90945516960096
9950.631889483198,4365.0,233.3591870130659
10002.593413710265,4365.0,226.8476796383453
10054.554937937331,4365.0,238.44601888574562
10106.516462164398,4365.0,264.5346262086075
10158.477986391465,4365.0,304.86315078266455
10210.439510618531,4365.0,356.1302885250924
10262.401034845598,4365.0,412.2024732631206
10314.362559072662,4365.0,468.97309084022515
10366.324083299729,4365.0,834.0080130190385
0.0,4410.0,1548.0943801362027
51.96152422706631,4410.0,1866.0716491968283
103.92304845413263,4410.0,2520.114234626448
155.88457268119893,4410.0,-124.42774620493816
207.84609690826525,4410.0,-136.48502683871592
259.80762113533154,4410.0,-180.689023144369
311.76914536239786,4410.0,-2190.965282764048
363.7306695894642,4410.0,-6255.602703606588
415.6921938165305,4410.0,175.85839300850853
467.6537180435968,4410.0,210.17519584054696
519.6152422706631,4410.0,270.1170558562475
571.5767664977294,4410.0,262.0811387715951
623.5382907247957,4410.0,360.90474407137685
675.499814951862,4410.0,802.1671155692973
727.4613391789284,4410.0,1036.0930459637402
779.4228634059947,4410.0,1299.1753540573297
831.384387633061,4410.0,1482.1401639904875
883.3459118601273,4410.0,1602.602725700257
935.3074360871937,4410.0,1673.8775562414492
987.26896031426,4410.0,1711.4129200223929
1039.2304845413262,4410.0,1724.380556412454
1091.1920087683925,4410.0,1720.8861878222765
1143.1535329954588,4410.0,1704.3037265134321
1195.1150572225251,4410.0,1678.6844451888287
1247.0765814495915,4410.0,1645.872059999762
1299.0381056766578,4410.0,1610.8367241353496
1350.999629903724,4410.0,1574.226398414898
1402.9611541307904,4410.0,1535.0311079984099
1454.9226783578567,4410.0,1495.0686701727013
1506.884202584923,4410.0,1458.5200970243452
1558.8457268119894,4410.0,1423.9434690770365
1610.8072510390557,4410.0,1394.041848152638
1662.768775266122,4410.0,1368.1723625751417
1714.7302994931883,4410.0,1345.1139907954962
1766.6918237202547,4410.0,1325.7169956976395
1818.653347947321,4410.0,1310.2013873970932
1870.6148721743873,4410.0,1298.3384028932546
1922.5763964014536,4410.0,1288.1354212483448
1974.53792062852,4410.0,1280.0384302874036
2026.4994448555863,4410.0,1275.9947533571408
2078.4609690826524,4410.0,1274.6503716426257
2130.422493309719,4410.0,1272.4581169291625
2182.384017536785,4410.0,1270.1236880199347
2234.3455417638515,4410.0,1264.069535176095
2286.3070659909176,4410.0,1249.297322655437
2338.268590217984,4410.0,1230.2485230795437
2390.2301144450503,4410.0,1216.3164842462859
2442.191638672117,4410.0,1243.5079621168818
2494.153162899183,4410.0,1335.3617917178447
2546.1146871262495,4410.0,1843.4395248714122
2598.0762113533156,4410.0,2159.9645822953153
2650.037735580382,4410.0,2721.500499984284
2701.999259807448,4410.0,2855.3686443919996
2753.9607840345147,4410.0,3056.080889564123
2805.922308261581,4410.0,2950.1266094333464
2857.8838324886474,4410.0,2496.7435929375733
2909.8453567157135,4410.0,2339.862252973213
2961.80688094278,4410.0,2056.4210575872094
3013.768405169846,4410.0,1765.1367275316563
3065.7299293969127,4410.0,1551.1317921711984
3117.6914536239788,4410.0,1396.5645066262482
3169.6529778510453,4410.0,1300.0428807439876
3221.6145020781114,4410.0,1276.8358139222807
3273.576026305178,4410.0,1400.6820799920883
3325.537550532244,4410.0,2705.8838636910523
3377.49907475931,4410.0,273.5339726947751
3429.4605989863767,4410.0,208.50726109977495
3481.422123213443,4410.0,155.28801506152394
3533.3836474405093,4410.0,-2484.3603565773783
3585.3451716675754,4410.0,3062.7544342367787
3637.306695894642,4410.0,251.5122021069924
3689.268220121708,4410.0,235.24357234374418
3741.2297443487746,4410.0,-1411.0732512672594
3793.1912685758407,4410.0,-1671.9469378351982
3845.1527928029072,4410.0,-1988.4723810447658
3897.1143170299733,4410.0,-2308.3812646804463
3949.07584125704,4410.0,-2649.070146649486
4001.037365484106,4410.0,-3074.7033778716814
4052.9988897111725,4410.0,-3650.123094241998
4104.960413938239,4410.0,-3754.1792103389835
4156.921938165305,4410.0,-2031.047400963832
4208.883462392371,4410.0,-1908.1469040081788
4260.844986619438,4410.0,-6764.836449161325
4312.806510846504,4410.0,-6694.879053788843
4364.76803507357,4410.0,-6594.044640210572
4416.7295593006365,4410.0,-6962.9076329967465
4468.691083527703,4410.0,-6274.479122778885
4520.65260775477,4410.0,-5649.651366989603
4572.614131981835,4410.0,-5194.554350241196
4624.575656208902,4410.0,-4865.352817033163
4676.537180435968,4410.0,-4625.511884521475
4728.498704663035,4410.0,-4451.706120161521
4780.460228890101,4410.0,-4325.395056602453
4832.421753117167,4410.0,-4232.417859729826
4884.383277344234,4410.0,-4157.557523197986
4936.3448015713,4410.0,-4092.004790627865
4988.306325798366,4410.0,-4028.3113521976493
5040.267850025432,4410.0,-3974.901915940007
5092.229374252499,4410.0,-3506.495349357936
5144.190898479565,4410.0,-3440.3023723019924
5196.152422706631,4410.0,-4651.154345505169
5248.113946933698,4410.0,-4597.588350891339
5300.075471160764,4410.0,-4199.2582390099815
5352.03699538783,4410.0,-4136.2513538967805
5403.998519614896,4410.0,-4022.824625931342
5455.960043841963,4410.0,-4731.042728249788
5507.9215680690295,4410.0,-6340.157222867643
5559.883092296095,4410.0,-6459.193988425826
5611.844616523162,4410.0,-6169.9461341853485
5663.806140750228,4410.0,-5776.391825715175
5715.767664977295,4410.0,-4789.228985582442
5767.72918920436,4410.0,-6540.903452633269
5819.690713431427,4410.0,-6634.766728769586
5871.6522376584935,4410.0,-5988.02492722713
5923.61376188556,4410.0,-6087.804848982374
5975.575286112626,4410.0,-4576.983559867303
6027.536810339692,4410.0,-4256.133995878286
6079.498334566759,4410.0,-4177.9430775660785
6131.459858793825,4410.0,-4309.634211019724
6183.421383020891,4410.0,-4953.970559671363
6235.3829072479575,4410.0,-6645.354569997187
6287.344431475024,4410.0,-2792.48100335819
6339.305955702091,4410.0,-2766.0658924708514
6391.267479929156,4410.0,-6647.943729287548
6443.229004156223,4410.0,-4120.6806044806435
6495.190528383289,4410.0,-3749.034190113821
6547.152052610356,4410.0,-3836.998453756677
6599.1135768374215,4410.0,-3879.4140007610613
6651.075101064488,4410.0,-3900.0739799700395
6703.036625291555,4410.0,-3910.631817609242
6754.99814951862,4410.0,-3913.760792460459
6806.959673745687,4410.0,-3911.4381338535654
6858.921197972753,4410.0,-3906.0320953031833
6910.88272219982,4410.0,-3895.753486769433
6962.844246426886,4410.0,-3882.424257296201
7014.805770653952,4410.0,-3867.991055617822
7066.767294881019,4410.0,-3851.262042268231
7118.728819108085,4410.0,-3834.7115008216147
7170.690343335151,4410.0,-3818.620335372505
7222.651867562217,4410.0,-3800.5212224003553
7274.613391789284,4410.0,-3781.038094974228
7326.5749160163505,4410.0,-3756.7730348659156
7378.536440243416,4410.0,-3734.029231766537
7430.497964470483,4410.0,-3736.322694152759
7482.459488697549,4410.0,-3677.9718610238624
7534.421012924616,4410.0,-3576.917478399851
7586.382537151681,4410.0,-2266.8382110909633
7638.344061378748,4410.0,2783.563488000851
7690.3055856058145,4410.0,2802.348312540219
7742.267109832881,4410.0,2644.3729102953403
7794.228634059947,4410.0,2622.809335933273
7846.190158287013,4410.0,2579.5563418106617
7898.15168251408,4410.0,2518.0609595052697
7950.113206741146,4410.0,2450.508068236037
8002.074730968212,4410.0,2378.2751102085604
8054.0362551952785,4410.0,2300.6226832213124
8105.997779422345,4410.0,2219.314278933518
8157.959303649412,4410.0,2134.3653731974464
8209.920827876478,4410.0,2045.0794352586772
8261.882352103545,4410.0,1954.7547283980598
8313.84387633061,4410.0,1862.8833596579461
8365.805400557676,4410.0,1767.865388631693
8417.766924784743,4410.0,1671.8239657320378
8469.728449011809,4410.0,1578.1790903665196
8521.689973238876,4410.0,1486.2729039905946
8573.651497465942,4410.0,1396.3955319154902
8625.613021693009,4410.0,1310.4453475011967
8677.574545920073,4410.0,1228.7610661290014
8729.53607014714,4410.0,1153.238136429789
8781.497594374207,4410.0,1085.7095908729887
8833.459118601273,4410.0,1025.1589335383242
8885.42064282834,4410.0,975.9872547818152
8937.382167055406,4410.0,940.6527964228412
8989.343691282473,4410.0,922.4968687716116
9041.30521550954,4410.0,930.4079149551635
9093.266739736604,4410.0,983.2162521689479
9145.22826396367,4410.0,1126.037444041373
9197.189788190737,4410.0,1288.0300893974365
9249.151312417804,4410.0,894.5321800231171
9301.11283664487,4410.0,863.9726014407922
9353.074360871937,4410.0,836.910206585598
9405.035885099003,4410.0,727.7507396614736
9456.99740932607,4410.0,711.5562699082723
9508.958933553135,4410.0,527.120643266848
9560.920457780201,4410.0,-38.688409149089395
9612.881982007268,4410.0,1125.9450554457308
9664.843506234334,4410.0,800.6127234093299
9716.8050304614,4410.0,587.3196511709397
9768.766554688467,4410.0,469.37932059387833
9820.728078915534,4410.0,384.73946460160005
9872.6896031426,4410.0,325.8362578682567
9924.651127369665,4410.0,287.8755777762856
9976.612651596732,4410.0,269.084073168449
10028.574175823798,4410.0,268.6461507915709
10080.535700050865,4410.0,280.82376372241106
10132.497224277931,4410.0,304.6865963431462
10184.458748504998,4410.0,338.15826790150106
10236.420272732064,4410.0,377.07464797466184
10288.38179695913,4410.0,419.89448654085095
10340.343321186196,4410.0,573.460686213626
25.980762113533157,4455.0,1896.6554559991841
77.94228634059947,4455.0,2501.594042942147
129.90381056766577,4455.0,2813.989037095428
181.8653347947321,4455.0,226.79826984180943
233.8268590217984,4455.0,300.3753628255439
285.7883832488647,4455.0,248.37033796856863
337.749907475931,4455.0,-6252.911650007469
389.71143170299734,4455.0,-2869.0199174505005
441.67295593006367,4455.0,186.83987893777868
493.63448015713,4455.0,228.06466997990987
545.5960043841962,4455.0,332.44114452220117
597.5575286112626,4455.0,285.3176784788561
649.5190528383289,4455.0,405.89796818441374
701.4805770653952,4455.0,775.7016428675029
753.4421012924615,4455.0,989.4149281072741
805.4036255195278,4455.0,1205.5040172666313
857.3651497465942,4455.0,1358.1500519413516
909.3266739736605,4455.0,1460.362496265718
961.2881982007268,4455.0,1525.0473160053534
1013.2497224277931,4455.0,1564.7074246305488
1065.2112466548592,4455.0,1583.9222708406633
1117.1727708819255,4455.0,1588.2322683094685
1169.1342951089919,4455.0,1582.1051285221167
1221.0958193360582,4455.0,1565.4563118673213
1273.0573435631245,4455.0,1542.7192263649335
1325.0188677901908,4455.0,1516.412990548176
1376.9803920172571,4455.0,1486.7518247439955
1428.9419162443235,4455.0,1454.656493549288
1480.9034404713898,4455.0,1421.52106363459
1532.864964698456,4455.0,1389.0905199843855
1584.8264889255224,4455.0,1359.941750622551
1636.7880131525887,4455.0,1332.1518497137713
1688.749537379655,4455.0,1306.5072343768675
1740.7110616067214,4455.0,1282.2348884206344
1792.6725858337877,4455.0,1260.080229488296
1844.634110060854,4455.0,1240.2174531547573
1896.5956342879203,4455.0,1222.051156370872
1948.5571585149867,4455.0,1205.687005311152
2000.518682742053,4455.0,1191.048555216743
2052.4802069691195,4455.0,1177.8581596589074
2104.4417311961856,4455.0,1163.5928264066997
2156.403255423252,4455.0,1148.9060364353475
2208.3647796503183,4455.0,1132.433486887835
2260.326303877385,4455.0,1115.7710012372645
2312.287828104451,4455.0,1096.5491774803963
2364.2493523315175,4455.0,1073.868333289222
2416.2108765585835,4455.0,1124.8430823772542
2468.17240078565,4455.0,1275.2555363022102
2520.133925012716,4455.0,1567.4459088945405
2572.0954492397827,4455.0,2585.0500003645934
2624.056973466849,4455.0,2741.172809950457
2676.0184976939154,4455.0,3229.0652385441317
2727.9800219209815,4455.0,3148.0311624228775
2779.941546148048,4455.0,3019.474765068694
2831.903070375114,4455.0,3015.3769623578164
2883.8645946021807,4455.0,2893.30646726751
2935.8261188292468,4455.0,2383.452311988197
2987.7876430563133,4455.0,2124.991843148448
3039.7491672833794,4455.0,1870.1729936532652
3091.710691510446,4455.0,1679.4800673325976
3143.672215737512,4455.0,1521.1098725048564
3195.6337399645786,4455.0,1368.7125980263513
3247.5952641916447,4455.0,1218.253541197261
3299.556788418711,4455.0,574.5160908209466
3351.5183126457773,4455.0,303.2872308991914
3403.4798368728434,4455.0,173.11220538508587
3455.44136109991,4455.0,131.09594853739048
3507.402885326976,4455.0,-6123.235420664505
3559.3644095540426,4455.0,-2542.580457644944
3611.3259337811087,4455.0,-2599.4234217071808
3663.2874580081752,4455.0,-6709.604821150325
3715.2489822352413,4455.0,-2937.698820523433
3767.210506462308,4455.0,-2058.5885435526543
3819.172030689374,4455.0,-2131.2332245993466
3871.1335549164405,4455.0,-2327.1307070255216
3923.0950791435066,4455.0,-2569.7220419204386
3975.056603370573,4455.0,-2849.4775561841534
4027.0181275976392,4455.0,-3198.4752977854396
4078.979651824706,4455.0,-3545.786574102675
4130.941176051772,4455.0,-3746.951168027189
4182.902700278838,4455.0,-1837.6106679511377
4234.8642245059045,4455.0,-1701.0240073274226
4286.825748732971,4455.0,-6800.797293666055
4338.787272960038,4455.0,-6686.254084994939
4390.748797187103,4455.0,-6727.197044875325
4442.71032141417,4455.0,-7162.694541455594
4494.671845641236,4455.0,-6328.646329021398
4546.633369868303,4455.0,-5645.781359187271
4598.5948940953685,4455.0,-5240.902471795831
4650.556418322435,4455.0,-4971.833134777347
4702.517942549502,4455.0,-4776.366126650961
4754.479466776568,4455.0,-4627.886543146293
4806.440991003634,4455.0,-4512.8432757985065
4858.4025152307,4455.0,-4418.895532811298
4910.364039457767,4455.0,-4336.15775864615
4962.3255636848335,4455.0,-4258.637694914185
5014.287087911899,4455.0,-4177.123000635201
5066.248612138966,4455.0,-4111.704376831563
5118.210136366032,4455.0,-4095.1602787892107
5170.171660593098,4455.0,-3422.909317793671
5222.133184820164,4455.0,-3527.4036088069497
5274.094709047231,4455.0,-4586.333137666465
5326.0562332742975,4455.0,-4605.759419599417
5378.017757501363,4455.0,-4172.902876555387
5429.97928172843,4455.0,-4459.548367025377
5481.940805955496,4455.0,-4685.197380962565
5533.902330182563,4455.0,-6335.4827053490735
5585.863854409628,4455.0,-6520.560472955569
5637.825378636695,4455.0,-6067.724430613086
5689.7869028637615,4455.0,-4795.6505206389775
5741.748427090828,4455.0,-4720.051421300939
5793.709951317894,4455.0,-6746.010470520276
5845.67147554496,4455.0,-6558.982851091971
5897.632999772027,4455.0,-6506.041963677228
5949.594523999093,4455.0,-4438.43524298384
6001.556048226159,4455.0,-4420.4982589890515
6053.5175724532255,4455.0,-4243.115667670877
6105.479096680292,4455.0,-4187.492470592497
6157.440620907359,4455.0,-4461.709299694308
6209.402145134424,4455.0,-6803.77326113155
6261.363669361491,4455.0,-2820.7289824043446
6313.325193588557,4455.0,2886.487890314548
6365.286717815624,4455.0,-154.5686257756729
6417.2482420426895,4455.0,-163.83094051694025
6469.209766269756,4455.0,-3050.451037898143
6521.171290496823,4455.0,-3510.307831520693
6573.132814723889,4455.0,-3749.986923741219
6625.094338950955,4455.0,-3869.743845773336
6677.055863178021,4455.0,-3943.2061888394796
6729.017387405088,4455.0,-3995.610427366168
6780.9789116321535,4455.0,-4031.3033692762037
6832.94043585922,4455.0,-4058.03927951598
6884.901960086287,4455.0,-4076.72267834745
6936.863484313353,4455.0,-4087.8879307216794
6988.825008540419,4455.0,-4094.6937656593973
7040.786532767485,4455.0,-4095.527857734435
7092.748056994552,4455.0,-4092.7146920131263
7144.7095812216185,4455.0,-4084.9058109315565
7196.671105448684,4455.0,-4075.1592932911244
7248.632629675751,4455.0,-4061.6397089921475
7300.594153902817,4455.0,-4045.2568023206222
7352.555678129884,4455.0,-4025.724978311153
7404.517202356949,4455.0,-4089.893751830814
7456.478726584016,4455.0,-4596.319980515518
7508.4402508110825,4455.0,-3571.4200876322807
7560.401775038149,4455.0,-2511.5104373051377
7612.363299265215,4455.0,2817.9785718853464
7664.324823492281,4455.0,2485.0990146437857
7716.286347719348,4455.0,2642.556112970509
7768.247871946414,4455.0,2618.6318872579723
7820.20939617348,4455.0,2578.3110323541214
7872.1709204005465,4455.0,2525.185656531572
7924.132444627613,4455.0,2461.6177567532127
7976.09396885468,4455.0,2390.2929863333484
8028.055493081745,4455.0,2313.4258662906436
8080.017017308812,4455.0,2231.522268082685
8131.978541535878,4455.0,2146.2669187982738
8183.940065762945,4455.0,2057.4300954603887
8235.901589990011,4455.0,1965.8561318193892
8287.863114217078,4455.0,1872.89975447311
8339.824638444143,4455.0,1779.7302077079903
8391.78616267121,4455.0,1682.1336705475526
8443.747686898276,4455.0,1584.4799421299972
8495.709211125342,4455.0,1490.537029961788
8547.670735352409,4455.0,1396.9310090444308
8599.632259579475,4455.0,1306.4793946153713
8651.593783806542,4455.0,1222.1308943691652
8703.555308033607,4455.0,1144.50598476993
8755.516832260673,4455.0,1074.6605808752643
8807.47835648774,4455.0,1012.0652291009128
8859.439880714806,4455.0,960.6912515740299
8911.401404941873,4455.0,923.484912284927
8963.36292916894,4455.0,905.6181072077918
9015.324453396006,4455.0,913.186875952767
9067.285977623073,4455.0,965.7101989355097
9119.247501850137,4455.0,1135.1075011093515
9171.209026077204,4455.0,1388.263455986233
9223.17055030427,4455.0,218.22736902381683
9275.132074531337,4455.0,790.4084115238029
9327.093598758403,4455.0,800.0177240019009
9379.05512298547,4455.0,756.8730783211677
9431.016647212537,4455.0,555.0768691163712
9482.978171439603,4455.0,565.2560210692178
9534.939695666668,4455.0,55.46917025334412
9586.901219893734,4455.0,1247.7212732319624
9638.862744120801,4455.0,819.4427819440615
9690.824268347867,4455.0,586.8187810952734
9742.785792574934,4455.0,478.5092139453226
9794.747316802,4455.0,402.8896592676157
9846.708841029067,4455.0,346.4540421772291
9898.670365256134,4455.0,306.8934353546571
9950.631889483198,4455.0,279.727959962192
10002.593413710265,4455.0,266.62326842683854
10054.554937937331,4455.0,264.46795760247454
10106.516462164398,4455.0,272.0292149502111
10158.477986391465,4455.0,286.6158411767908
10210.439510618531,4455.0,307.3430822440391
10262.401034845598,4455.0,332.8368386909448
10314.362559072662,4455.0,358.80943871772627
10366.324083299729,4455.0,842.042393751963
